2026.03.13 20:02:12 INFO  Started: Metals version 1.6.6 in folders 'C:\Users\david\techskill\demo' for client Cursor 1.105.1.
2026.03.13 20:02:12 INFO  Memory monitor started
2026.03.13 20:02:14 WARN  Using H2 2.4.240 which is newer than the version Flyway has been verified with. The latest verified version of H2 is 2.3.232.
2026.03.13 20:02:15 INFO  no build target found for C:\Users\david\techskill\demo\src\main\java\techskill\demo\DemoApplication.java. Using fallback presentation compiler.
2026.03.13 20:03:14 INFO  no build target found for C:\Users\david\techskill\demo\src\main\java\techskill\demo\DemoApplication.java. Using fallback presentation compiler.
2026.03.13 20:03:40 INFO  no build target found for C:\Users\david\techskill\demo\src\main\java\techskill\demo\DemoApplication.java. Using fallback presentation compiler.
Mar 13, 2026 8:05:01 PM org.eclipse.lsp4j.jsonrpc.services.GenericEndpoint notify
INFO: Unsupported notification method: $/setTrace
Mar 13, 2026 8:17:32 PM org.eclipse.lsp4j.jsonrpc.services.GenericEndpoint notify
INFO: Unsupported notification method: $/setTrace
Mar 13, 2026 8:18:44 PM org.eclipse.lsp4j.jsonrpc.services.GenericEndpoint notify
INFO: Unsupported notification method: $/setTrace
Mar 13, 2026 8:19:39 PM org.eclipse.lsp4j.jsonrpc.services.GenericEndpoint notify
INFO: Unsupported notification method: $/setTrace
Mar 13, 2026 8:21:20 PM org.eclipse.lsp4j.jsonrpc.services.GenericEndpoint notify
INFO: Unsupported notification method: $/setTrace
Mar 13, 2026 8:22:01 PM org.eclipse.lsp4j.jsonrpc.services.GenericEndpoint notify
INFO: Unsupported notification method: $/setTrace
Mar 13, 2026 8:22:54 PM org.eclipse.lsp4j.jsonrpc.services.GenericEndpoint notify
INFO: Unsupported notification method: $/setTrace
Mar 13, 2026 8:23:12 PM org.eclipse.lsp4j.jsonrpc.services.GenericEndpoint notify
INFO: Unsupported notification method: $/setTrace
2026.03.13 22:58:15 INFO  no build target found for C:\Users\david\techskill\demo\src\main\java\techskill\demo\DemoApplication.java. Using fallback presentation compiler.
2026.03.24 13:56:19 INFO  Started: Metals version 1.6.6 in folders 'C:\Users\david\techskill\demo' for client Cursor 1.105.1.
2026.03.24 13:56:19 INFO  Memory monitor started
2026.03.24 13:56:26 WARN  Using H2 2.4.240 which is newer than the version Flyway has been verified with. The latest verified version of H2 is 2.3.232.
2026.03.24 13:56:28 INFO  no build target found for C:\Users\david\techskill\demo\src\main\java\techskill\demo\DemoApplication.java. Using fallback presentation compiler.
2026.03.24 13:56:33 INFO  no build target found for C:\Users\david\techskill\demo\src\main\java\techskill\demo\DemoApplication.java. Using fallback presentation compiler.
2026.03.24 13:56:54 INFO  no build target found for C:\Users\david\techskill\demo\src\main\java\techskill\demo\DemoApplication.java. Using fallback presentation compiler.
2026.03.24 13:57:56 INFO  no build target found for C:\Users\david\techskill\demo\src\main\java\techskill\demo\DemoApplication.java. Using fallback presentation compiler.
2026.03.24 13:58:03 INFO  no build target found for C:\Users\david\techskill\demo\src\main\java\techskill\demo\DemoApplication.java. Using fallback presentation compiler.
2026.03.24 13:58:04 INFO  no build target found for C:\Users\david\techskill\demo\src\main\java\techskill\demo\DemoApplication.java. Using fallback presentation compiler.
2026.03.24 18:51:25 WARN  no build target for: C:\Users\david\techskill\demo\src\main\java\techskill\demo\DemoApplication.java
2026.03.24 18:51:25 INFO  no build target found for C:\Users\david\techskill\demo\src\main\java\techskill\demo\DemoApplication.java. Using fallback presentation compiler.
2026.03.24 18:51:28 INFO  Shutting down server
2026.03.24 18:51:28 INFO  Memory monitor stopped
2026.03.24 18:51:28 INFO  shutting down Metals
2026.03.24 18:51:28 INFO  Exiting server
2026.03.24 18:52:41 INFO  Started: Metals version 1.6.6 in folders 'C:\Users\david\techskill\demo' for client Cursor 1.105.1.
2026.03.24 18:52:42 INFO  Memory monitor started
2026.03.24 18:52:43 WARN  Using H2 2.4.240 which is newer than the version Flyway has been verified with. The latest verified version of H2 is 2.3.232.
2026.03.24 18:52:44 INFO  no build target found for C:\Users\david\techskill\demo\src\main\java\techskill\demo\DemoApplication.java. Using fallback presentation compiler.
2026.03.24 18:52:44 INFO  skipping build import with status 'Dismissed'
2026.03.24 18:52:45 WARN  no build target for: C:\Users\david\techskill\demo\src\main\java\techskill\demo\DemoApplication.java
2026.03.24 18:52:45 INFO  no build target found for C:\Users\david\techskill\demo\src\main\java\techskill\demo\DemoApplication.java. Using fallback presentation compiler.
2026.03.24 18:52:48 INFO  time: code lens generation in 3.65s
2026.03.24 18:52:50 INFO  no build target found for C:\Users\david\techskill\demo\src\main\java\techskill\demo\DemoApplication.java. Using fallback presentation compiler.
2026.03.24 18:53:04 INFO  no build target found for C:\Users\david\techskill\demo\src\main\java\techskill\demo\DemoApplication.java. Using fallback presentation compiler.
2026.03.24 18:53:12 INFO  no build target found for C:\Users\david\techskill\demo\src\main\java\techskill\demo\DemoApplication.java. Using fallback presentation compiler.
2026.03.24 18:53:25 INFO  no build target found for C:\Users\david\techskill\demo\src\main\java\techskill\demo\DemoApplication.java. Using fallback presentation compiler.
2026.03.24 18:53:26 INFO  no build target found for C:\Users\david\techskill\demo\src\main\java\techskill\demo\DemoApplication.java. Using fallback presentation compiler.
2026.03.24 21:57:14 INFO  no build target found for C:\Users\david\techskill\demo\src\main\java\techskill\demo\DemoApplication.java. Using fallback presentation compiler.
2026.03.24 21:57:17 INFO  no build target found for C:\Users\david\techskill\demo\src\main\java\techskill\demo\DemoApplication.java. Using fallback presentation compiler.
2026.03.24 21:57:17 INFO  no build target found for C:\Users\david\techskill\demo\src\main\java\techskill\demo\DemoApplication.java. Using fallback presentation compiler.
2026.03.24 21:57:18 INFO  no build target found for C:\Users\david\techskill\demo\src\main\java\techskill\demo\DemoApplication.java. Using fallback presentation compiler.
2026.03.24 21:57:21 INFO  no build target found for C:\Users\david\techskill\demo\src\main\java\techskill\demo\DemoApplication.java. Using fallback presentation compiler.
2026.03.24 21:57:24 INFO  no build target found for C:\Users\david\techskill\demo\src\main\java\techskill\demo\DemoApplication.java. Using fallback presentation compiler.
2026.03.24 21:58:31 INFO  no build target found for C:\Users\david\techskill\demo\src\main\java\techskill\demo\DemoApplication.java. Using fallback presentation compiler.
2026.03.24 21:58:41 INFO  no build target found for C:\Users\david\techskill\demo\src\main\java\techskill\demo\DemoApplication.java. Using fallback presentation compiler.
2026.03.24 21:59:33 WARN  no build target for: C:\Users\david\techskill\demo\src\main\java\techskill\demo\DemoApplication.java
2026.03.24 21:59:33 INFO  no build target found for C:\Users\david\techskill\demo\src\main\java\techskill\demo\DemoApplication.java. Using fallback presentation compiler.
2026.03.24 21:59:34 INFO  no build target found for C:\Users\david\techskill\demo\src\main\java\techskill\demo\DemoApplication.java. Using fallback presentation compiler.
2026.03.24 21:59:35 INFO  no build target found for C:\Users\david\techskill\demo\src\main\java\techskill\demo\DemoApplication.java. Using fallback presentation compiler.
2026.03.24 22:02:06 WARN  no build target for: C:\Users\david\techskill\demo\src\main\java\techskill\demo\DemoApplication.java
2026.03.24 22:02:06 INFO  no build target found for C:\Users\david\techskill\demo\src\main\java\techskill\demo\DemoApplication.java. Using fallback presentation compiler.
2026.03.24 22:02:06 INFO  no build target found for C:\Users\david\techskill\demo\src\main\java\techskill\demo\DemoApplication.java. Using fallback presentation compiler.
2026.03.24 22:02:19 INFO  no build target found for C:\Users\david\techskill\demo\src\main\java\techskill\demo\DemoApplication.java. Using fallback presentation compiler.
2026.03.24 22:03:32 WARN  no build target for: C:\Users\david\techskill\demo\src\main\java\techskill\demo\DemoApplication.java
2026.03.24 22:03:32 INFO  no build target found for C:\Users\david\techskill\demo\src\main\java\techskill\demo\DemoApplication.java. Using fallback presentation compiler.
2026.03.24 22:03:32 INFO  no build target found for C:\Users\david\techskill\demo\src\main\java\techskill\demo\DemoApplication.java. Using fallback presentation compiler.
2026.03.24 22:03:57 WARN  no build target for: C:\Users\david\techskill\demo\src\main\java\techskill\demo\Controller\userController.java
2026.03.24 22:03:57 WARN  Running javac-semanticdb failed for file:///C:/Users/david/techskill/demo/src/main/java/techskill/demo/Controller/userController.java. Output:

2026.03.24 22:03:57 INFO  no build target found for C:\Users\david\techskill\demo\src\main\java\techskill\demo\Controller\userController.java. Using fallback presentation compiler.
2026.03.24 22:03:57 INFO  no build target found for C:\Users\david\techskill\demo\src\main\java\techskill\demo\Controller\userController.java. Using fallback presentation compiler.
2026.03.24 22:03:58 WARN  Running javac-semanticdb failed for file:///C:/Users/david/techskill/demo/src/main/java/techskill/demo/Controller/userController.java. Output:

2026.03.24 22:03:58 INFO  no build target found for C:\Users\david\techskill\demo\src\main\java\techskill\demo\Controller\userController.java. Using fallback presentation compiler.
2026.03.24 22:03:59 INFO  no build target found for C:\Users\david\techskill\demo\src\main\java\techskill\demo\Controller\userController.java. Using fallback presentation compiler.
2026.03.24 22:04:43 INFO  no build target found for C:\Users\david\techskill\demo\src\main\java\techskill\demo\Controller\userController.java. Using fallback presentation compiler.
2026.03.24 22:04:43 WARN  Running javac-semanticdb failed for file:///C:/Users/david/techskill/demo/src/main/java/techskill/demo/Controller/userController.java. Output:

2026.03.24 22:04:43 INFO  no build target found for C:\Users\david\techskill\demo\src\main\java\techskill\demo\Controller\userController.java. Using fallback presentation compiler.
2026.03.24 22:04:43 INFO  no build target found for C:\Users\david\techskill\demo\src\main\java\techskill\demo\Controller\userController.java. Using fallback presentation compiler.
2026.03.24 22:04:43 WARN  Running javac-semanticdb failed for file:///C:/Users/david/techskill/demo/src/main/java/techskill/demo/Controller/userController.java. Output:

2026.03.24 22:04:43 INFO  no build target found for C:\Users\david\techskill\demo\src\main\java\techskill\demo\Controller\userController.java. Using fallback presentation compiler.
2026.03.24 22:04:43 INFO  no build target found for C:\Users\david\techskill\demo\src\main\java\techskill\demo\Controller\userController.java. Using fallback presentation compiler.
2026.03.24 22:04:43 INFO  no build target found for C:\Users\david\techskill\demo\src\main\java\techskill\demo\Controller\userController.java. Using fallback presentation compiler.
2026.03.24 22:04:44 INFO  no build target found for C:\Users\david\techskill\demo\src\main\java\techskill\demo\Controller\userController.java. Using fallback presentation compiler.
2026.03.24 22:04:44 INFO  no build target found for C:\Users\david\techskill\demo\src\main\java\techskill\demo\Controller\userController.java. Using fallback presentation compiler.
2026.03.24 22:04:44 INFO  no build target found for C:\Users\david\techskill\demo\src\main\java\techskill\demo\Controller\userController.java. Using fallback presentation compiler.
2026.03.24 22:04:44 INFO  no build target found for C:\Users\david\techskill\demo\src\main\java\techskill\demo\Controller\userController.java. Using fallback presentation compiler.
2026.03.24 22:04:44 INFO  no build target found for C:\Users\david\techskill\demo\src\main\java\techskill\demo\Controller\userController.java. Using fallback presentation compiler.
2026.03.24 22:04:44 INFO  no build target found for C:\Users\david\techskill\demo\src\main\java\techskill\demo\Controller\userController.java. Using fallback presentation compiler.
2026.03.24 22:04:44 INFO  no build target found for C:\Users\david\techskill\demo\src\main\java\techskill\demo\Controller\userController.java. Using fallback presentation compiler.
2026.03.24 22:04:44 INFO  no build target found for C:\Users\david\techskill\demo\src\main\java\techskill\demo\Controller\userController.java. Using fallback presentation compiler.
2026.03.24 22:04:44 INFO  no build target found for C:\Users\david\techskill\demo\src\main\java\techskill\demo\Controller\userController.java. Using fallback presentation compiler.
2026.03.24 22:04:44 INFO  no build target found for C:\Users\david\techskill\demo\src\main\java\techskill\demo\Controller\userController.java. Using fallback presentation compiler.
2026.03.24 22:04:44 INFO  no build target found for C:\Users\david\techskill\demo\src\main\java\techskill\demo\Controller\userController.java. Using fallback presentation compiler.
2026.03.24 22:04:45 INFO  no build target found for C:\Users\david\techskill\demo\src\main\java\techskill\demo\Controller\userController.java. Using fallback presentation compiler.
2026.03.24 22:04:45 INFO  no build target found for C:\Users\david\techskill\demo\src\main\java\techskill\demo\Controller\userController.java. Using fallback presentation compiler.
2026.03.24 22:04:45 INFO  no build target found for C:\Users\david\techskill\demo\src\main\java\techskill\demo\Controller\userController.java. Using fallback presentation compiler.
2026.03.24 22:04:45 INFO  no build target found for C:\Users\david\techskill\demo\src\main\java\techskill\demo\Controller\userController.java. Using fallback presentation compiler.
2026.03.24 22:04:45 INFO  no build target found for C:\Users\david\techskill\demo\src\main\java\techskill\demo\Controller\userController.java. Using fallback presentation compiler.
2026.03.24 22:04:45 INFO  no build target found for C:\Users\david\techskill\demo\src\main\java\techskill\demo\Controller\userController.java. Using fallback presentation compiler.
2026.03.24 22:04:45 WARN  Running javac-semanticdb failed for file:///C:/Users/david/techskill/demo/src/main/java/techskill/demo/Controller/userController.java. Output:

2026.03.24 22:04:47 INFO  no build target found for C:\Users\david\techskill\demo\src\main\java\techskill\demo\Controller\userController.java. Using fallback presentation compiler.
2026.03.24 22:04:47 INFO  no build target found for C:\Users\david\techskill\demo\src\main\java\techskill\demo\Controller\userController.java. Using fallback presentation compiler.
2026.03.24 22:04:52 INFO  no build target found for C:\Users\david\techskill\demo\src\main\java\techskill\demo\Controller\userController.java. Using fallback presentation compiler.
2026.03.24 22:04:52 WARN  Running javac-semanticdb failed for file:///C:/Users/david/techskill/demo/src/main/java/techskill/demo/Controller/userController.java. Output:

2026.03.24 22:04:52 INFO  no build target found for C:\Users\david\techskill\demo\src\main\java\techskill\demo\Controller\userController.java. Using fallback presentation compiler.
2026.03.24 22:05:08 INFO  no build target found for C:\Users\david\techskill\demo\src\main\java\techskill\demo\Controller\userController.java. Using fallback presentation compiler.
2026.03.24 22:05:09 WARN  Running javac-semanticdb failed for file:///C:/Users/david/techskill/demo/src/main/java/techskill/demo/Controller/userController.java. Output:

2026.03.24 22:05:09 INFO  no build target found for C:\Users\david\techskill\demo\src\main\java\techskill\demo\Controller\userController.java. Using fallback presentation compiler.
2026.03.24 22:05:08 INFO  no build target found for C:\Users\david\techskill\demo\src\main\java\techskill\demo\Controller\userController.java. Using fallback presentation compiler.
2026.03.24 22:05:09 WARN  Running javac-semanticdb failed for file:///C:/Users/david/techskill/demo/src/main/java/techskill/demo/Controller/userController.java. Output:

2026.03.24 22:05:09 INFO  no build target found for C:\Users\david\techskill\demo\src\main\java\techskill\demo\Controller\userController.java. Using fallback presentation compiler.
2026.03.24 22:05:08 INFO  no build target found for C:\Users\david\techskill\demo\src\main\java\techskill\demo\Controller\userController.java. Using fallback presentation compiler.
2026.03.24 22:05:09 INFO  no build target found for C:\Users\david\techskill\demo\src\main\java\techskill\demo\Controller\userController.java. Using fallback presentation compiler.
2026.03.24 22:05:10 INFO  no build target found for C:\Users\david\techskill\demo\src\main\java\techskill\demo\Controller\userController.java. Using fallback presentation compiler.
2026.03.24 22:05:10 WARN  Running javac-semanticdb failed for file:///C:/Users/david/techskill/demo/src/main/java/techskill/demo/Controller/userController.java. Output:

2026.03.24 22:05:09 INFO  no build target found for C:\Users\david\techskill\demo\src\main\java\techskill\demo\Controller\userController.java. Using fallback presentation compiler.
2026.03.24 22:05:10 WARN  Running javac-semanticdb failed for file:///C:/Users/david/techskill/demo/src/main/java/techskill/demo/Controller/userController.java. Output:

2026.03.24 22:05:10 INFO  no build target found for C:\Users\david\techskill\demo\src\main\java\techskill\demo\Controller\userController.java. Using fallback presentation compiler.
2026.03.24 22:05:13 INFO  no build target found for C:\Users\david\techskill\demo\src\main\java\techskill\demo\Controller\userController.java. Using fallback presentation compiler.
2026.03.24 22:05:13 INFO  no build target found for C:\Users\david\techskill\demo\src\main\java\techskill\demo\Controller\userController.java. Using fallback presentation compiler.
2026.03.24 22:05:13 INFO  no build target found for C:\Users\david\techskill\demo\src\main\java\techskill\demo\Controller\userController.java. Using fallback presentation compiler.
2026.03.24 22:05:13 INFO  no build target found for C:\Users\david\techskill\demo\src\main\java\techskill\demo\Controller\userController.java. Using fallback presentation compiler.
2026.03.24 22:05:13 INFO  no build target found for C:\Users\david\techskill\demo\src\main\java\techskill\demo\Controller\userController.java. Using fallback presentation compiler.
2026.03.24 22:05:13 INFO  no build target found for C:\Users\david\techskill\demo\src\main\java\techskill\demo\Controller\userController.java. Using fallback presentation compiler.
2026.03.24 22:05:13 INFO  no build target found for C:\Users\david\techskill\demo\src\main\java\techskill\demo\Controller\userController.java. Using fallback presentation compiler.
2026.03.24 22:05:13 INFO  no build target found for C:\Users\david\techskill\demo\src\main\java\techskill\demo\Controller\userController.java. Using fallback presentation compiler.
2026.03.24 22:05:13 INFO  no build target found for C:\Users\david\techskill\demo\src\main\java\techskill\demo\Controller\userController.java. Using fallback presentation compiler.
2026.03.24 22:05:13 INFO  no build target found for C:\Users\david\techskill\demo\src\main\java\techskill\demo\Controller\userController.java. Using fallback presentation compiler.
2026.03.24 22:05:14 INFO  no build target found for C:\Users\david\techskill\demo\src\main\java\techskill\demo\Controller\userController.java. Using fallback presentation compiler.
2026.03.24 22:05:14 INFO  no build target found for C:\Users\david\techskill\demo\src\main\java\techskill\demo\Controller\userController.java. Using fallback presentation compiler.
2026.03.24 22:05:14 INFO  no build target found for C:\Users\david\techskill\demo\src\main\java\techskill\demo\Controller\userController.java. Using fallback presentation compiler.
2026.03.24 22:05:14 WARN  Running javac-semanticdb failed for file:///C:/Users/david/techskill/demo/src/main/java/techskill/demo/Controller/userController.java. Output:

2026.03.24 22:05:14 INFO  no build target found for C:\Users\david\techskill\demo\src\main\java\techskill\demo\Controller\userController.java. Using fallback presentation compiler.
2026.03.24 22:05:15 WARN  Running javac-semanticdb failed for file:///C:/Users/david/techskill/demo/src/main/java/techskill/demo/Controller/userController.java. Output:

2026.03.24 22:05:15 INFO  no build target found for C:\Users\david\techskill\demo\src\main\java\techskill\demo\Controller\userController.java. Using fallback presentation compiler.
2026.03.24 22:05:15 INFO  no build target found for C:\Users\david\techskill\demo\src\main\java\techskill\demo\Controller\userController.java. Using fallback presentation compiler.
2026.03.24 22:05:15 WARN  Running javac-semanticdb failed for file:///C:/Users/david/techskill/demo/src/main/java/techskill/demo/Controller/userController.java. Output:

2026.03.24 22:05:15 INFO  no build target found for C:\Users\david\techskill\demo\src\main\java\techskill\demo\Controller\userController.java. Using fallback presentation compiler.
2026.03.24 22:05:15 INFO  no build target found for C:\Users\david\techskill\demo\src\main\java\techskill\demo\Controller\userController.java. Using fallback presentation compiler.
2026.03.24 22:05:16 WARN  Running javac-semanticdb failed for file:///C:/Users/david/techskill/demo/src/main/java/techskill/demo/Controller/userController.java. Output:

2026.03.24 22:05:16 INFO  no build target found for C:\Users\david\techskill\demo\src\main\java\techskill\demo\Controller\userController.java. Using fallback presentation compiler.
2026.03.24 22:05:15 INFO  no build target found for C:\Users\david\techskill\demo\src\main\java\techskill\demo\Controller\userController.java. Using fallback presentation compiler.
2026.03.24 22:05:16 INFO  no build target found for C:\Users\david\techskill\demo\src\main\java\techskill\demo\Controller\userController.java. Using fallback presentation compiler.
2026.03.24 22:05:16 INFO  no build target found for C:\Users\david\techskill\demo\src\main\java\techskill\demo\Controller\userController.java. Using fallback presentation compiler.
2026.03.24 22:05:16 INFO  no build target found for C:\Users\david\techskill\demo\src\main\java\techskill\demo\Controller\userController.java. Using fallback presentation compiler.
2026.03.24 22:05:16 WARN  Running javac-semanticdb failed for file:///C:/Users/david/techskill/demo/src/main/java/techskill/demo/Controller/userController.java. Output:

2026.03.24 22:05:16 INFO  no build target found for C:\Users\david\techskill\demo\src\main\java\techskill\demo\Controller\userController.java. Using fallback presentation compiler.
2026.03.24 22:05:16 INFO  no build target found for C:\Users\david\techskill\demo\src\main\java\techskill\demo\Controller\userController.java. Using fallback presentation compiler.
2026.03.24 22:05:17 INFO  no build target found for C:\Users\david\techskill\demo\src\main\java\techskill\demo\Controller\userController.java. Using fallback presentation compiler.
2026.03.24 22:05:16 INFO  no build target found for C:\Users\david\techskill\demo\src\main\java\techskill\demo\Controller\userController.java. Using fallback presentation compiler.
2026.03.24 22:05:16 INFO  no build target found for C:\Users\david\techskill\demo\src\main\java\techskill\demo\Controller\userController.java. Using fallback presentation compiler.
2026.03.24 22:05:17 INFO  no build target found for C:\Users\david\techskill\demo\src\main\java\techskill\demo\Controller\userController.java. Using fallback presentation compiler.
2026.03.24 22:05:17 INFO  no build target found for C:\Users\david\techskill\demo\src\main\java\techskill\demo\Controller\userController.java. Using fallback presentation compiler.
2026.03.24 22:05:17 INFO  no build target found for C:\Users\david\techskill\demo\src\main\java\techskill\demo\Controller\userController.java. Using fallback presentation compiler.
2026.03.24 22:05:17 INFO  no build target found for C:\Users\david\techskill\demo\src\main\java\techskill\demo\Controller\userController.java. Using fallback presentation compiler.
2026.03.24 22:05:17 WARN  Running javac-semanticdb failed for file:///C:/Users/david/techskill/demo/src/main/java/techskill/demo/Controller/userController.java. Output:

2026.03.24 22:05:20 INFO  no build target found for C:\Users\david\techskill\demo\src\main\java\techskill\demo\Controller\userController.java. Using fallback presentation compiler.
2026.03.24 22:05:20 INFO  no build target found for C:\Users\david\techskill\demo\src\main\java\techskill\demo\Controller\userController.java. Using fallback presentation compiler.
2026.03.24 22:05:23 INFO  no build target found for C:\Users\david\techskill\demo\src\main\java\techskill\demo\Controller\userController.java. Using fallback presentation compiler.
2026.03.24 22:05:23 WARN  Running javac-semanticdb failed for file:///C:/Users/david/techskill/demo/src/main/java/techskill/demo/Controller/userController.java. Output:

2026.03.24 22:05:23 INFO  no build target found for C:\Users\david\techskill\demo\src\main\java\techskill\demo\Controller\userController.java. Using fallback presentation compiler.
2026.03.24 22:05:26 INFO  no build target found for C:\Users\david\techskill\demo\src\main\java\techskill\demo\Controller\userController.java. Using fallback presentation compiler.
2026.03.24 22:05:26 WARN  Running javac-semanticdb failed for file:///C:/Users/david/techskill/demo/src/main/java/techskill/demo/Controller/userController.java. Output:

2026.03.24 22:05:26 INFO  no build target found for C:\Users\david\techskill\demo\src\main\java\techskill\demo\Controller\userController.java. Using fallback presentation compiler.
2026.03.24 22:05:26 INFO  no build target found for C:\Users\david\techskill\demo\src\main\java\techskill\demo\Controller\userController.java. Using fallback presentation compiler.
2026.03.24 22:05:27 WARN  Running javac-semanticdb failed for file:///C:/Users/david/techskill/demo/src/main/java/techskill/demo/Controller/userController.java. Output:

2026.03.24 22:05:27 INFO  no build target found for C:\Users\david\techskill\demo\src\main\java\techskill\demo\Controller\userController.java. Using fallback presentation compiler.
2026.03.24 22:05:26 INFO  no build target found for C:\Users\david\techskill\demo\src\main\java\techskill\demo\Controller\userController.java. Using fallback presentation compiler.
2026.03.24 22:05:26 INFO  no build target found for C:\Users\david\techskill\demo\src\main\java\techskill\demo\Controller\userController.java. Using fallback presentation compiler.
2026.03.24 22:05:27 INFO  no build target found for C:\Users\david\techskill\demo\src\main\java\techskill\demo\Controller\userController.java. Using fallback presentation compiler.
2026.03.24 22:05:27 INFO  no build target found for C:\Users\david\techskill\demo\src\main\java\techskill\demo\Controller\userController.java. Using fallback presentation compiler.
2026.03.24 22:05:28 WARN  Running javac-semanticdb failed for file:///C:/Users/david/techskill/demo/src/main/java/techskill/demo/Controller/userController.java. Output:

2026.03.24 22:05:27 INFO  no build target found for C:\Users\david\techskill\demo\src\main\java\techskill\demo\Controller\userController.java. Using fallback presentation compiler.
2026.03.24 22:05:27 INFO  no build target found for C:\Users\david\techskill\demo\src\main\java\techskill\demo\Controller\userController.java. Using fallback presentation compiler.
2026.03.24 22:05:27 INFO  no build target found for C:\Users\david\techskill\demo\src\main\java\techskill\demo\Controller\userController.java. Using fallback presentation compiler.
2026.03.24 22:05:28 INFO  no build target found for C:\Users\david\techskill\demo\src\main\java\techskill\demo\Controller\userController.java. Using fallback presentation compiler.
2026.03.24 22:05:27 INFO  no build target found for C:\Users\david\techskill\demo\src\main\java\techskill\demo\Controller\userController.java. Using fallback presentation compiler.
2026.03.24 22:05:28 INFO  no build target found for C:\Users\david\techskill\demo\src\main\java\techskill\demo\Controller\userController.java. Using fallback presentation compiler.
2026.03.24 22:05:28 WARN  Running javac-semanticdb failed for file:///C:/Users/david/techskill/demo/src/main/java/techskill/demo/Controller/userController.java. Output:

2026.03.24 22:05:29 INFO  no build target found for C:\Users\david\techskill\demo\src\main\java\techskill\demo\Controller\userController.java. Using fallback presentation compiler.
2026.03.24 22:05:29 WARN  Running javac-semanticdb failed for file:///C:/Users/david/techskill/demo/src/main/java/techskill/demo/Controller/userController.java. Output:

2026.03.24 22:05:29 INFO  no build target found for C:\Users\david\techskill\demo\src\main\java\techskill\demo\Controller\userController.java. Using fallback presentation compiler.
2026.03.24 22:05:29 INFO  no build target found for C:\Users\david\techskill\demo\src\main\java\techskill\demo\Controller\userController.java. Using fallback presentation compiler.
2026.03.24 22:05:29 INFO  no build target found for C:\Users\david\techskill\demo\src\main\java\techskill\demo\Controller\userController.java. Using fallback presentation compiler.
2026.03.24 22:05:29 INFO  no build target found for C:\Users\david\techskill\demo\src\main\java\techskill\demo\Controller\userController.java. Using fallback presentation compiler.
2026.03.24 22:05:30 WARN  Running javac-semanticdb failed for file:///C:/Users/david/techskill/demo/src/main/java/techskill/demo/Controller/userController.java. Output:

2026.03.24 22:05:29 INFO  no build target found for C:\Users\david\techskill\demo\src\main\java\techskill\demo\Controller\userController.java. Using fallback presentation compiler.
2026.03.24 22:05:30 INFO  no build target found for C:\Users\david\techskill\demo\src\main\java\techskill\demo\Controller\userController.java. Using fallback presentation compiler.
2026.03.24 22:05:30 INFO  no build target found for C:\Users\david\techskill\demo\src\main\java\techskill\demo\Controller\userController.java. Using fallback presentation compiler.
2026.03.24 22:05:29 INFO  no build target found for C:\Users\david\techskill\demo\src\main\java\techskill\demo\Controller\userController.java. Using fallback presentation compiler.
2026.03.24 22:05:29 WARN  Running javac-semanticdb failed for file:///C:/Users/david/techskill/demo/src/main/java/techskill/demo/Controller/userController.java. Output:

2026.03.24 22:05:31 INFO  no build target found for C:\Users\david\techskill\demo\src\main\java\techskill\demo\Controller\userController.java. Using fallback presentation compiler.
2026.03.24 22:05:32 WARN  Running javac-semanticdb failed for file:///C:/Users/david/techskill/demo/src/main/java/techskill/demo/Controller/userController.java. Output:

2026.03.24 22:05:32 INFO  no build target found for C:\Users\david\techskill\demo\src\main\java\techskill\demo\Controller\userController.java. Using fallback presentation compiler.
2026.03.24 22:05:32 INFO  no build target found for C:\Users\david\techskill\demo\src\main\java\techskill\demo\Controller\userController.java. Using fallback presentation compiler.
2026.03.24 22:05:33 WARN  Running javac-semanticdb failed for file:///C:/Users/david/techskill/demo/src/main/java/techskill/demo/Controller/userController.java. Output:

2026.03.24 22:05:33 INFO  no build target found for C:\Users\david\techskill\demo\src\main\java\techskill\demo\Controller\userController.java. Using fallback presentation compiler.
2026.03.24 22:05:33 INFO  no build target found for C:\Users\david\techskill\demo\src\main\java\techskill\demo\Controller\userController.java. Using fallback presentation compiler.
2026.03.24 22:05:34 WARN  Running javac-semanticdb failed for file:///C:/Users/david/techskill/demo/src/main/java/techskill/demo/Controller/userController.java. Output:

2026.03.24 22:05:34 INFO  no build target found for C:\Users\david\techskill\demo\src\main\java\techskill\demo\Controller\userController.java. Using fallback presentation compiler.
2026.03.24 22:05:35 INFO  no build target found for C:\Users\david\techskill\demo\src\main\java\techskill\demo\Controller\userController.java. Using fallback presentation compiler.
2026.03.24 22:05:35 INFO  no build target found for C:\Users\david\techskill\demo\src\main\java\techskill\demo\Controller\userController.java. Using fallback presentation compiler.
2026.03.24 22:05:35 INFO  no build target found for C:\Users\david\techskill\demo\src\main\java\techskill\demo\Controller\userController.java. Using fallback presentation compiler.
2026.03.24 22:05:35 INFO  no build target found for C:\Users\david\techskill\demo\src\main\java\techskill\demo\Controller\userController.java. Using fallback presentation compiler.
2026.03.24 22:05:35 INFO  no build target found for C:\Users\david\techskill\demo\src\main\java\techskill\demo\Controller\userController.java. Using fallback presentation compiler.
2026.03.24 22:05:36 INFO  no build target found for C:\Users\david\techskill\demo\src\main\java\techskill\demo\Controller\userController.java. Using fallback presentation compiler.
2026.03.24 22:05:35 INFO  no build target found for C:\Users\david\techskill\demo\src\main\java\techskill\demo\Controller\userController.java. Using fallback presentation compiler.
2026.03.24 22:05:36 WARN  Running javac-semanticdb failed for file:///C:/Users/david/techskill/demo/src/main/java/techskill/demo/Controller/userController.java. Output:

2026.03.24 22:05:35 INFO  no build target found for C:\Users\david\techskill\demo\src\main\java\techskill\demo\Controller\userController.java. Using fallback presentation compiler.
2026.03.24 22:05:37 INFO  no build target found for C:\Users\david\techskill\demo\src\main\java\techskill\demo\Controller\userController.java. Using fallback presentation compiler.
2026.03.24 22:05:37 WARN  Running javac-semanticdb failed for file:///C:/Users/david/techskill/demo/src/main/java/techskill/demo/Controller/userController.java. Output:

2026.03.24 22:05:37 INFO  no build target found for C:\Users\david\techskill\demo\src\main\java\techskill\demo\Controller\userController.java. Using fallback presentation compiler.
2026.03.24 22:05:41 INFO  no build target found for C:\Users\david\techskill\demo\src\main\java\techskill\demo\Controller\userController.java. Using fallback presentation compiler.
2026.03.24 22:05:41 WARN  Running javac-semanticdb failed for file:///C:/Users/david/techskill/demo/src/main/java/techskill/demo/Controller/userController.java. Output:

2026.03.24 22:05:41 INFO  no build target found for C:\Users\david\techskill\demo\src\main\java\techskill\demo\Controller\userController.java. Using fallback presentation compiler.
2026.03.24 22:05:41 INFO  no build target found for C:\Users\david\techskill\demo\src\main\java\techskill\demo\Controller\userController.java. Using fallback presentation compiler.
2026.03.24 22:05:42 WARN  Running javac-semanticdb failed for file:///C:/Users/david/techskill/demo/src/main/java/techskill/demo/Controller/userController.java. Output:

2026.03.24 22:05:42 INFO  no build target found for C:\Users\david\techskill\demo\src\main\java\techskill\demo\Controller\userController.java. Using fallback presentation compiler.
2026.03.24 22:05:41 INFO  no build target found for C:\Users\david\techskill\demo\src\main\java\techskill\demo\Controller\userController.java. Using fallback presentation compiler.
2026.03.24 22:05:42 WARN  Running javac-semanticdb failed for file:///C:/Users/david/techskill/demo/src/main/java/techskill/demo/Controller/userController.java. Output:

2026.03.24 22:05:42 INFO  no build target found for C:\Users\david\techskill\demo\src\main\java\techskill\demo\Controller\userController.java. Using fallback presentation compiler.
2026.03.24 22:05:42 INFO  no build target found for C:\Users\david\techskill\demo\src\main\java\techskill\demo\Controller\userController.java. Using fallback presentation compiler.
2026.03.24 22:05:42 INFO  no build target found for C:\Users\david\techskill\demo\src\main\java\techskill\demo\Controller\userController.java. Using fallback presentation compiler.
2026.03.24 22:05:42 INFO  no build target found for C:\Users\david\techskill\demo\src\main\java\techskill\demo\Controller\userController.java. Using fallback presentation compiler.
2026.03.24 22:05:42 INFO  no build target found for C:\Users\david\techskill\demo\src\main\java\techskill\demo\Controller\userController.java. Using fallback presentation compiler.
2026.03.24 22:05:42 INFO  no build target found for C:\Users\david\techskill\demo\src\main\java\techskill\demo\Controller\userController.java. Using fallback presentation compiler.
2026.03.24 22:05:42 INFO  no build target found for C:\Users\david\techskill\demo\src\main\java\techskill\demo\Controller\userController.java. Using fallback presentation compiler.
2026.03.24 22:05:42 INFO  no build target found for C:\Users\david\techskill\demo\src\main\java\techskill\demo\Controller\userController.java. Using fallback presentation compiler.
2026.03.24 22:05:43 INFO  no build target found for C:\Users\david\techskill\demo\src\main\java\techskill\demo\Controller\userController.java. Using fallback presentation compiler.
2026.03.24 22:05:42 INFO  no build target found for C:\Users\david\techskill\demo\src\main\java\techskill\demo\Controller\userController.java. Using fallback presentation compiler.
2026.03.24 22:05:43 INFO  no build target found for C:\Users\david\techskill\demo\src\main\java\techskill\demo\Controller\userController.java. Using fallback presentation compiler.
2026.03.24 22:05:43 INFO  no build target found for C:\Users\david\techskill\demo\src\main\java\techskill\demo\Controller\userController.java. Using fallback presentation compiler.
2026.03.24 22:05:43 INFO  no build target found for C:\Users\david\techskill\demo\src\main\java\techskill\demo\Controller\userController.java. Using fallback presentation compiler.
2026.03.24 22:05:43 INFO  no build target found for C:\Users\david\techskill\demo\src\main\java\techskill\demo\Controller\userController.java. Using fallback presentation compiler.
2026.03.24 22:05:43 INFO  no build target found for C:\Users\david\techskill\demo\src\main\java\techskill\demo\Controller\userController.java. Using fallback presentation compiler.
2026.03.24 22:05:43 INFO  no build target found for C:\Users\david\techskill\demo\src\main\java\techskill\demo\Controller\userController.java. Using fallback presentation compiler.
2026.03.24 22:05:43 INFO  no build target found for C:\Users\david\techskill\demo\src\main\java\techskill\demo\Controller\userController.java. Using fallback presentation compiler.
2026.03.24 22:05:43 INFO  no build target found for C:\Users\david\techskill\demo\src\main\java\techskill\demo\Controller\userController.java. Using fallback presentation compiler.
2026.03.24 22:05:43 INFO  no build target found for C:\Users\david\techskill\demo\src\main\java\techskill\demo\Controller\userController.java. Using fallback presentation compiler.
2026.03.24 22:05:43 INFO  no build target found for C:\Users\david\techskill\demo\src\main\java\techskill\demo\Controller\userController.java. Using fallback presentation compiler.
2026.03.24 22:05:43 INFO  no build target found for C:\Users\david\techskill\demo\src\main\java\techskill\demo\Controller\userController.java. Using fallback presentation compiler.
2026.03.24 22:05:44 INFO  no build target found for C:\Users\david\techskill\demo\src\main\java\techskill\demo\Controller\userController.java. Using fallback presentation compiler.
2026.03.24 22:05:44 INFO  no build target found for C:\Users\david\techskill\demo\src\main\java\techskill\demo\Controller\userController.java. Using fallback presentation compiler.
2026.03.24 22:05:44 INFO  no build target found for C:\Users\david\techskill\demo\src\main\java\techskill\demo\Controller\userController.java. Using fallback presentation compiler.
2026.03.24 22:05:44 INFO  no build target found for C:\Users\david\techskill\demo\src\main\java\techskill\demo\Controller\userController.java. Using fallback presentation compiler.
2026.03.24 22:05:45 INFO  no build target found for C:\Users\david\techskill\demo\src\main\java\techskill\demo\Controller\userController.java. Using fallback presentation compiler.
2026.03.24 22:05:44 INFO  no build target found for C:\Users\david\techskill\demo\src\main\java\techskill\demo\Controller\userController.java. Using fallback presentation compiler.
2026.03.24 22:05:44 INFO  no build target found for C:\Users\david\techskill\demo\src\main\java\techskill\demo\Controller\userController.java. Using fallback presentation compiler.
2026.03.24 22:05:45 INFO  no build target found for C:\Users\david\techskill\demo\src\main\java\techskill\demo\Controller\userController.java. Using fallback presentation compiler.
2026.03.24 22:05:44 INFO  no build target found for C:\Users\david\techskill\demo\src\main\java\techskill\demo\Controller\userController.java. Using fallback presentation compiler.
2026.03.24 22:05:45 INFO  no build target found for C:\Users\david\techskill\demo\src\main\java\techskill\demo\Controller\userController.java. Using fallback presentation compiler.
2026.03.24 22:05:45 INFO  no build target found for C:\Users\david\techskill\demo\src\main\java\techskill\demo\Controller\userController.java. Using fallback presentation compiler.
2026.03.24 22:05:45 WARN  Running javac-semanticdb failed for file:///C:/Users/david/techskill/demo/src/main/java/techskill/demo/Controller/userController.java. Output:

2026.03.24 22:05:45 INFO  no build target found for C:\Users\david\techskill\demo\src\main\java\techskill\demo\Controller\userController.java. Using fallback presentation compiler.
2026.03.24 22:05:46 WARN  Running javac-semanticdb failed for file:///C:/Users/david/techskill/demo/src/main/java/techskill/demo/Controller/userController.java. Output:

2026.03.24 22:05:46 INFO  no build target found for C:\Users\david\techskill\demo\src\main\java\techskill\demo\Controller\userController.java. Using fallback presentation compiler.
2026.03.24 22:05:48 INFO  no build target found for C:\Users\david\techskill\demo\src\main\java\techskill\demo\Controller\userController.java. Using fallback presentation compiler.
2026.03.24 22:05:48 INFO  no build target found for C:\Users\david\techskill\demo\src\main\java\techskill\demo\Controller\userController.java. Using fallback presentation compiler.
2026.03.24 22:05:48 INFO  no build target found for C:\Users\david\techskill\demo\src\main\java\techskill\demo\Controller\userController.java. Using fallback presentation compiler.
2026.03.24 22:05:48 INFO  no build target found for C:\Users\david\techskill\demo\src\main\java\techskill\demo\Controller\userController.java. Using fallback presentation compiler.
2026.03.24 22:05:48 INFO  no build target found for C:\Users\david\techskill\demo\src\main\java\techskill\demo\Controller\userController.java. Using fallback presentation compiler.
2026.03.24 22:05:48 INFO  no build target found for C:\Users\david\techskill\demo\src\main\java\techskill\demo\Controller\userController.java. Using fallback presentation compiler.
2026.03.24 22:05:48 INFO  no build target found for C:\Users\david\techskill\demo\src\main\java\techskill\demo\Controller\userController.java. Using fallback presentation compiler.
2026.03.24 22:05:48 INFO  no build target found for C:\Users\david\techskill\demo\src\main\java\techskill\demo\Controller\userController.java. Using fallback presentation compiler.
2026.03.24 22:05:48 WARN  Running javac-semanticdb failed for file:///C:/Users/david/techskill/demo/src/main/java/techskill/demo/Controller/userController.java. Output:

2026.03.24 22:05:49 INFO  no build target found for C:\Users\david\techskill\demo\src\main\java\techskill\demo\Controller\userController.java. Using fallback presentation compiler.
2026.03.24 22:05:49 WARN  Running javac-semanticdb failed for file:///C:/Users/david/techskill/demo/src/main/java/techskill/demo/Controller/userController.java. Output:

2026.03.24 22:05:49 INFO  no build target found for C:\Users\david\techskill\demo\src\main\java\techskill\demo\Controller\userController.java. Using fallback presentation compiler.
2026.03.24 22:05:49 INFO  no build target found for C:\Users\david\techskill\demo\src\main\java\techskill\demo\Controller\userController.java. Using fallback presentation compiler.
2026.03.24 22:05:50 WARN  Running javac-semanticdb failed for file:///C:/Users/david/techskill/demo/src/main/java/techskill/demo/Controller/userController.java. Output:

2026.03.24 22:05:49 INFO  no build target found for C:\Users\david\techskill\demo\src\main\java\techskill\demo\Controller\userController.java. Using fallback presentation compiler.
2026.03.24 22:05:49 INFO  no build target found for C:\Users\david\techskill\demo\src\main\java\techskill\demo\Controller\userController.java. Using fallback presentation compiler.
2026.03.24 22:05:49 INFO  no build target found for C:\Users\david\techskill\demo\src\main\java\techskill\demo\Controller\userController.java. Using fallback presentation compiler.
2026.03.24 22:05:50 INFO  no build target found for C:\Users\david\techskill\demo\src\main\java\techskill\demo\Controller\userController.java. Using fallback presentation compiler.
2026.03.24 22:05:49 INFO  no build target found for C:\Users\david\techskill\demo\src\main\java\techskill\demo\Controller\userController.java. Using fallback presentation compiler.
2026.03.24 22:05:50 INFO  no build target found for C:\Users\david\techskill\demo\src\main\java\techskill\demo\Controller\userController.java. Using fallback presentation compiler.
2026.03.24 22:05:50 INFO  no build target found for C:\Users\david\techskill\demo\src\main\java\techskill\demo\Controller\userController.java. Using fallback presentation compiler.
2026.03.24 22:05:50 INFO  no build target found for C:\Users\david\techskill\demo\src\main\java\techskill\demo\Controller\userController.java. Using fallback presentation compiler.
2026.03.24 22:05:50 INFO  no build target found for C:\Users\david\techskill\demo\src\main\java\techskill\demo\Controller\userController.java. Using fallback presentation compiler.
2026.03.24 22:05:50 WARN  Running javac-semanticdb failed for file:///C:/Users/david/techskill/demo/src/main/java/techskill/demo/Controller/userController.java. Output:

2026.03.24 22:05:51 INFO  no build target found for C:\Users\david\techskill\demo\src\main\java\techskill\demo\Controller\userController.java. Using fallback presentation compiler.
2026.03.24 22:05:51 INFO  no build target found for C:\Users\david\techskill\demo\src\main\java\techskill\demo\Controller\userController.java. Using fallback presentation compiler.
2026.03.24 22:05:51 INFO  no build target found for C:\Users\david\techskill\demo\src\main\java\techskill\demo\Controller\userController.java. Using fallback presentation compiler.
2026.03.24 22:05:51 INFO  no build target found for C:\Users\david\techskill\demo\src\main\java\techskill\demo\Controller\userController.java. Using fallback presentation compiler.
2026.03.24 22:05:51 INFO  no build target found for C:\Users\david\techskill\demo\src\main\java\techskill\demo\Controller\userController.java. Using fallback presentation compiler.
2026.03.24 22:05:52 INFO  no build target found for C:\Users\david\techskill\demo\src\main\java\techskill\demo\Controller\userController.java. Using fallback presentation compiler.
2026.03.24 22:05:51 INFO  no build target found for C:\Users\david\techskill\demo\src\main\java\techskill\demo\Controller\userController.java. Using fallback presentation compiler.
2026.03.24 22:05:51 INFO  no build target found for C:\Users\david\techskill\demo\src\main\java\techskill\demo\Controller\userController.java. Using fallback presentation compiler.
2026.03.24 22:05:52 INFO  no build target found for C:\Users\david\techskill\demo\src\main\java\techskill\demo\Controller\userController.java. Using fallback presentation compiler.
2026.03.24 22:05:51 INFO  no build target found for C:\Users\david\techskill\demo\src\main\java\techskill\demo\Controller\userController.java. Using fallback presentation compiler.
2026.03.24 22:05:52 INFO  no build target found for C:\Users\david\techskill\demo\src\main\java\techskill\demo\Controller\userController.java. Using fallback presentation compiler.
2026.03.24 22:05:52 INFO  no build target found for C:\Users\david\techskill\demo\src\main\java\techskill\demo\Controller\userController.java. Using fallback presentation compiler.
2026.03.24 22:05:52 WARN  Running javac-semanticdb failed for file:///C:/Users/david/techskill/demo/src/main/java/techskill/demo/Controller/userController.java. Output:

2026.03.24 22:05:52 INFO  no build target found for C:\Users\david\techskill\demo\src\main\java\techskill\demo\Controller\userController.java. Using fallback presentation compiler.
2026.03.24 22:05:53 WARN  Running javac-semanticdb failed for file:///C:/Users/david/techskill/demo/src/main/java/techskill/demo/Controller/userController.java. Output:

2026.03.24 22:05:53 INFO  no build target found for C:\Users\david\techskill\demo\src\main\java\techskill\demo\Controller\userController.java. Using fallback presentation compiler.
2026.03.24 22:05:53 INFO  no build target found for C:\Users\david\techskill\demo\src\main\java\techskill\demo\Controller\userController.java. Using fallback presentation compiler.
2026.03.24 22:05:53 WARN  Running javac-semanticdb failed for file:///C:/Users/david/techskill/demo/src/main/java/techskill/demo/Controller/userController.java. Output:

2026.03.24 22:05:53 INFO  no build target found for C:\Users\david\techskill\demo\src\main\java\techskill\demo\Controller\userController.java. Using fallback presentation compiler.
2026.03.24 22:05:53 INFO  no build target found for C:\Users\david\techskill\demo\src\main\java\techskill\demo\Controller\userController.java. Using fallback presentation compiler.
2026.03.24 22:05:53 INFO  no build target found for C:\Users\david\techskill\demo\src\main\java\techskill\demo\Controller\userController.java. Using fallback presentation compiler.
2026.03.24 22:05:54 INFO  no build target found for C:\Users\david\techskill\demo\src\main\java\techskill\demo\Controller\userController.java. Using fallback presentation compiler.
2026.03.24 22:05:53 INFO  no build target found for C:\Users\david\techskill\demo\src\main\java\techskill\demo\Controller\userController.java. Using fallback presentation compiler.
2026.03.24 22:05:53 INFO  no build target found for C:\Users\david\techskill\demo\src\main\java\techskill\demo\Controller\userController.java. Using fallback presentation compiler.
2026.03.24 22:05:53 INFO  no build target found for C:\Users\david\techskill\demo\src\main\java\techskill\demo\Controller\userController.java. Using fallback presentation compiler.
2026.03.24 22:05:54 INFO  no build target found for C:\Users\david\techskill\demo\src\main\java\techskill\demo\Controller\userController.java. Using fallback presentation compiler.
2026.03.24 22:05:54 WARN  Running javac-semanticdb failed for file:///C:/Users/david/techskill/demo/src/main/java/techskill/demo/Controller/userController.java. Output:

2026.03.24 22:05:54 INFO  no build target found for C:\Users\david\techskill\demo\src\main\java\techskill\demo\Controller\userController.java. Using fallback presentation compiler.
2026.03.24 22:05:54 INFO  no build target found for C:\Users\david\techskill\demo\src\main\java\techskill\demo\Controller\userController.java. Using fallback presentation compiler.
2026.03.24 22:05:54 INFO  no build target found for C:\Users\david\techskill\demo\src\main\java\techskill\demo\Controller\userController.java. Using fallback presentation compiler.
2026.03.24 22:05:54 INFO  no build target found for C:\Users\david\techskill\demo\src\main\java\techskill\demo\Controller\userController.java. Using fallback presentation compiler.
2026.03.24 22:05:55 WARN  Running javac-semanticdb failed for file:///C:/Users/david/techskill/demo/src/main/java/techskill/demo/Controller/userController.java. Output:

2026.03.24 22:05:54 INFO  no build target found for C:\Users\david\techskill\demo\src\main\java\techskill\demo\Controller\userController.java. Using fallback presentation compiler.
2026.03.24 22:05:55 INFO  no build target found for C:\Users\david\techskill\demo\src\main\java\techskill\demo\Controller\userController.java. Using fallback presentation compiler.
2026.03.24 22:05:55 WARN  Running javac-semanticdb failed for file:///C:/Users/david/techskill/demo/src/main/java/techskill/demo/Controller/userController.java. Output:

2026.03.24 22:05:54 INFO  no build target found for C:\Users\david\techskill\demo\src\main\java\techskill\demo\Controller\userController.java. Using fallback presentation compiler.
2026.03.24 22:05:55 WARN  Running javac-semanticdb failed for file:///C:/Users/david/techskill/demo/src/main/java/techskill/demo/Controller/userController.java. Output:

2026.03.24 22:05:55 INFO  no build target found for C:\Users\david\techskill\demo\src\main\java\techskill\demo\Controller\userController.java. Using fallback presentation compiler.
2026.03.24 22:05:56 INFO  no build target found for C:\Users\david\techskill\demo\src\main\java\techskill\demo\Controller\userController.java. Using fallback presentation compiler.
2026.03.24 22:05:57 WARN  Running javac-semanticdb failed for file:///C:/Users/david/techskill/demo/src/main/java/techskill/demo/Controller/userController.java. Output:

2026.03.24 22:05:57 INFO  no build target found for C:\Users\david\techskill\demo\src\main\java\techskill\demo\Controller\userController.java. Using fallback presentation compiler.
2026.03.24 22:05:56 INFO  no build target found for C:\Users\david\techskill\demo\src\main\java\techskill\demo\Controller\userController.java. Using fallback presentation compiler.
2026.03.24 22:05:56 INFO  no build target found for C:\Users\david\techskill\demo\src\main\java\techskill\demo\Controller\userController.java. Using fallback presentation compiler.
2026.03.24 22:05:56 INFO  no build target found for C:\Users\david\techskill\demo\src\main\java\techskill\demo\Controller\userController.java. Using fallback presentation compiler.
2026.03.24 22:05:57 INFO  no build target found for C:\Users\david\techskill\demo\src\main\java\techskill\demo\Controller\userController.java. Using fallback presentation compiler.
2026.03.24 22:05:57 INFO  no build target found for C:\Users\david\techskill\demo\src\main\java\techskill\demo\Controller\userController.java. Using fallback presentation compiler.
2026.03.24 22:05:57 INFO  no build target found for C:\Users\david\techskill\demo\src\main\java\techskill\demo\Controller\userController.java. Using fallback presentation compiler.
2026.03.24 22:05:58 INFO  no build target found for C:\Users\david\techskill\demo\src\main\java\techskill\demo\Controller\userController.java. Using fallback presentation compiler.
2026.03.24 22:05:58 WARN  Running javac-semanticdb failed for file:///C:/Users/david/techskill/demo/src/main/java/techskill/demo/Controller/userController.java. Output:

2026.03.24 22:05:57 INFO  no build target found for C:\Users\david\techskill\demo\src\main\java\techskill\demo\Controller\userController.java. Using fallback presentation compiler.
2026.03.24 22:05:58 WARN  Running javac-semanticdb failed for file:///C:/Users/david/techskill/demo/src/main/java/techskill/demo/Controller/userController.java. Output:

2026.03.24 22:05:59 INFO  no build target found for C:\Users\david\techskill\demo\src\main\java\techskill\demo\Controller\userController.java. Using fallback presentation compiler.
2026.03.24 22:05:59 WARN  no build target for: C:\Users\david\techskill\demo\src\main\java\techskill\demo\Controller\userController.java
2026.03.24 22:05:58 INFO  no build target found for C:\Users\david\techskill\demo\src\main\java\techskill\demo\Controller\userController.java. Using fallback presentation compiler.
2026.03.24 22:06:00 INFO  no build target found for C:\Users\david\techskill\demo\src\main\java\techskill\demo\Controller\userController.java. Using fallback presentation compiler.
2026.03.24 22:06:00 INFO  no build target found for C:\Users\david\techskill\demo\src\main\java\techskill\demo\Controller\userController.java. Using fallback presentation compiler.
2026.03.24 22:06:00 INFO  no build target found for C:\Users\david\techskill\demo\src\main\java\techskill\demo\Controller\userController.java. Using fallback presentation compiler.
2026.03.24 22:06:03 INFO  no build target found for C:\Users\david\techskill\demo\src\main\java\techskill\demo\Controller\userController.java. Using fallback presentation compiler.
2026.03.24 22:06:03 INFO  no build target found for C:\Users\david\techskill\demo\src\main\java\techskill\demo\Controller\userController.java. Using fallback presentation compiler.
2026.03.24 22:08:30 WARN  no build target for: C:\Users\david\techskill\demo\src\main\java\techskill\demo\Controller\userController.java
2026.03.24 22:08:30 INFO  no build target found for C:\Users\david\techskill\demo\src\main\java\techskill\demo\Controller\userController.java. Using fallback presentation compiler.
2026.03.24 22:09:58 INFO  no build target found for C:\Users\david\techskill\demo\src\main\java\techskill\demo\Controller\userController.java. Using fallback presentation compiler.
2026.03.26 14:58:30 INFO  Started: Metals version 1.6.6 in folders 'C:\Users\david\techskill\demo' for client Cursor 1.105.1.
2026.03.26 14:58:32 INFO  Memory monitor started
2026.03.26 14:58:36 WARN  Using H2 2.4.240 which is newer than the version Flyway has been verified with. The latest verified version of H2 is 2.3.232.
2026.03.26 14:58:37 INFO  no build target found for C:\Users\david\techskill\demo\src\main\java\techskill\demo\Controller\userController.java. Using fallback presentation compiler.
2026.03.26 14:58:39 INFO  no build target found for C:\Users\david\techskill\demo\src\main\java\techskill\demo\Controller\userController.java. Using fallback presentation compiler.
2026.03.26 14:59:00 INFO  no build target found for C:\Users\david\techskill\demo\src\main\java\techskill\demo\Controller\userController.java. Using fallback presentation compiler.
2026.03.26 15:05:51 INFO  no build target found for C:\Users\david\techskill\demo\src\main\java\techskill\demo\Controller\userController.java. Using fallback presentation compiler.
2026.03.26 15:06:07 INFO  no build target found for C:\Users\david\techskill\demo\src\main\java\techskill\demo\Controller\userController.java. Using fallback presentation compiler.
2026.03.26 15:06:17 INFO  no build target found for C:\Users\david\techskill\demo\src\main\java\techskill\demo\Controller\userController.java. Using fallback presentation compiler.
2026.03.26 15:06:18 INFO  no build target found for C:\Users\david\techskill\demo\src\main\java\techskill\demo\Controller\userController.java. Using fallback presentation compiler.
2026.03.26 15:11:37 INFO  no build target found for C:\Users\david\techskill\demo\src\main\java\techskill\demo\DemoApplication.java. Using fallback presentation compiler.
2026.03.26 15:17:24 WARN  no build target for: C:\Users\david\techskill\demo\src\main\java\techskill\demo\DemoApplication.java
2026.03.26 15:17:24 INFO  no build target found for C:\Users\david\techskill\demo\src\main\java\techskill\demo\DemoApplication.java. Using fallback presentation compiler.
2026.03.26 15:17:26 WARN  no build target for: C:\Users\david\techskill\demo\src\main\java\techskill\demo\Controller\userController.java
2026.03.26 15:17:26 INFO  no build target found for C:\Users\david\techskill\demo\src\main\java\techskill\demo\Controller\userController.java. Using fallback presentation compiler.
Mar 26, 2026 3:17:30 PM org.eclipse.lsp4j.jsonrpc.services.GenericEndpoint notify
INFO: Unsupported notification method: $/setTrace
2026.03.26 15:17:52 WARN  no build target for: C:\Users\david\techskill\demo\src\main\java\techskill\demo\DemoApplication.java
2026.03.26 15:17:52 INFO  no build target found for C:\Users\david\techskill\demo\src\main\java\techskill\demo\DemoApplication.java. Using fallback presentation compiler.
2026.03.26 15:17:54 WARN  no build target for: C:\Users\david\techskill\demo\src\main\java\techskill\demo\Controller\userController.java
2026.03.26 15:17:54 INFO  no build target found for C:\Users\david\techskill\demo\src\main\java\techskill\demo\Controller\userController.java. Using fallback presentation compiler.
2026.03.26 15:25:46 WARN  no build target for: C:\Users\david\techskill\demo\src\main\java\techskill\demo\Controller\userController.java
2026.03.26 15:25:46 INFO  no build target found for C:\Users\david\techskill\demo\src\main\java\techskill\demo\Controller\userController.java. Using fallback presentation compiler.
2026.03.26 15:30:30 INFO  no build target found for C:\Users\david\techskill\demo\src\main\java\techskill\demo\Controller\userController.java. Using fallback presentation compiler.
Mar 26, 2026 4:03:32 PM org.eclipse.lsp4j.jsonrpc.services.GenericEndpoint notify
INFO: Unsupported notification method: $/setTrace
2026.03.26 17:56:23 WARN  no build target for: C:\Users\david\techskill\demo\src\main\java\techskill\demo\Controller\userController.java
2026.03.26 17:56:23 INFO  no build target found for C:\Users\david\techskill\demo\src\main\java\techskill\demo\Controller\userController.java. Using fallback presentation compiler.
2026.03.26 17:56:25 INFO  no build target found for C:\Users\david\techskill\demo\src\main\java\techskill\demo\Controller\userController.java. Using fallback presentation compiler.
2026.03.26 17:56:26 INFO  no build target found for C:\Users\david\techskill\demo\src\main\java\techskill\demo\Controller\userController.java. Using fallback presentation compiler.
2026.03.26 17:58:46 INFO  no build target found for C:\Users\david\techskill\demo\src\main\java\techskill\demo\Controller\userController.java. Using fallback presentation compiler.
2026.03.26 17:58:47 INFO  no build target found for C:\Users\david\techskill\demo\src\main\java\techskill\demo\Controller\userController.java. Using fallback presentation compiler.
2026.03.26 17:59:02 INFO  no build target found for C:\Users\david\techskill\demo\src\main\java\techskill\demo\Controller\userController.java. Using fallback presentation compiler.
2026.03.26 17:59:02 INFO  no build target found for C:\Users\david\techskill\demo\src\main\java\techskill\demo\Controller\userController.java. Using fallback presentation compiler.
2026.03.26 17:59:04 INFO  no build target found for C:\Users\david\techskill\demo\src\main\java\techskill\demo\Controller\userController.java. Using fallback presentation compiler.
2026.03.26 17:59:08 INFO  no build target found for C:\Users\david\techskill\demo\src\main\java\techskill\demo\Controller\userController.java. Using fallback presentation compiler.
2026.03.26 17:59:08 INFO  no build target found for C:\Users\david\techskill\demo\src\main\java\techskill\demo\Controller\userController.java. Using fallback presentation compiler.
2026.03.26 17:59:08 INFO  no build target found for C:\Users\david\techskill\demo\src\main\java\techskill\demo\Controller\userController.java. Using fallback presentation compiler.
2026.03.26 17:59:08 INFO  no build target found for C:\Users\david\techskill\demo\src\main\java\techskill\demo\Controller\userController.java. Using fallback presentation compiler.
2026.03.26 17:59:08 INFO  no build target found for C:\Users\david\techskill\demo\src\main\java\techskill\demo\Controller\userController.java. Using fallback presentation compiler.
2026.03.26 17:59:08 INFO  no build target found for C:\Users\david\techskill\demo\src\main\java\techskill\demo\Controller\userController.java. Using fallback presentation compiler.
2026.03.26 17:59:08 INFO  no build target found for C:\Users\david\techskill\demo\src\main\java\techskill\demo\Controller\userController.java. Using fallback presentation compiler.
2026.03.26 17:59:08 INFO  no build target found for C:\Users\david\techskill\demo\src\main\java\techskill\demo\Controller\userController.java. Using fallback presentation compiler.
2026.03.26 17:59:08 INFO  no build target found for C:\Users\david\techskill\demo\src\main\java\techskill\demo\Controller\userController.java. Using fallback presentation compiler.
2026.03.26 17:59:13 INFO  no build target found for C:\Users\david\techskill\demo\src\main\java\techskill\demo\Controller\userController.java. Using fallback presentation compiler.
2026.03.26 17:59:14 INFO  no build target found for C:\Users\david\techskill\demo\src\main\java\techskill\demo\Controller\userController.java. Using fallback presentation compiler.
2026.03.26 17:59:13 INFO  no build target found for C:\Users\david\techskill\demo\src\main\java\techskill\demo\Controller\userController.java. Using fallback presentation compiler.
2026.03.26 17:59:14 INFO  no build target found for C:\Users\david\techskill\demo\src\main\java\techskill\demo\Controller\userController.java. Using fallback presentation compiler.
2026.03.26 17:59:14 INFO  no build target found for C:\Users\david\techskill\demo\src\main\java\techskill\demo\Controller\userController.java. Using fallback presentation compiler.
2026.03.26 17:59:14 INFO  no build target found for C:\Users\david\techskill\demo\src\main\java\techskill\demo\Controller\userController.java. Using fallback presentation compiler.
2026.03.26 17:59:15 INFO  no build target found for C:\Users\david\techskill\demo\src\main\java\techskill\demo\Controller\userController.java. Using fallback presentation compiler.
2026.03.26 17:59:14 INFO  no build target found for C:\Users\david\techskill\demo\src\main\java\techskill\demo\Controller\userController.java. Using fallback presentation compiler.
2026.03.26 17:59:14 INFO  no build target found for C:\Users\david\techskill\demo\src\main\java\techskill\demo\Controller\userController.java. Using fallback presentation compiler.
2026.03.26 17:59:15 INFO  no build target found for C:\Users\david\techskill\demo\src\main\java\techskill\demo\Controller\userController.java. Using fallback presentation compiler.
2026.03.26 17:59:14 INFO  no build target found for C:\Users\david\techskill\demo\src\main\java\techskill\demo\Controller\userController.java. Using fallback presentation compiler.
2026.03.26 17:59:15 INFO  no build target found for C:\Users\david\techskill\demo\src\main\java\techskill\demo\Controller\userController.java. Using fallback presentation compiler.
2026.03.26 17:59:16 INFO  no build target found for C:\Users\david\techskill\demo\src\main\java\techskill\demo\Controller\userController.java. Using fallback presentation compiler.
2026.03.26 17:59:16 INFO  no build target found for C:\Users\david\techskill\demo\src\main\java\techskill\demo\Controller\userController.java. Using fallback presentation compiler.
2026.03.26 17:59:16 INFO  no build target found for C:\Users\david\techskill\demo\src\main\java\techskill\demo\Controller\userController.java. Using fallback presentation compiler.
2026.03.26 17:59:16 INFO  no build target found for C:\Users\david\techskill\demo\src\main\java\techskill\demo\Controller\userController.java. Using fallback presentation compiler.
2026.03.26 17:59:17 INFO  no build target found for C:\Users\david\techskill\demo\src\main\java\techskill\demo\Controller\userController.java. Using fallback presentation compiler.
2026.03.26 17:59:17 INFO  no build target found for C:\Users\david\techskill\demo\src\main\java\techskill\demo\Controller\userController.java. Using fallback presentation compiler.
2026.03.26 17:59:17 INFO  no build target found for C:\Users\david\techskill\demo\src\main\java\techskill\demo\Controller\userController.java. Using fallback presentation compiler.
2026.03.26 17:59:17 INFO  no build target found for C:\Users\david\techskill\demo\src\main\java\techskill\demo\Controller\userController.java. Using fallback presentation compiler.
2026.03.26 17:59:17 INFO  no build target found for C:\Users\david\techskill\demo\src\main\java\techskill\demo\Controller\userController.java. Using fallback presentation compiler.
2026.03.26 17:59:17 INFO  no build target found for C:\Users\david\techskill\demo\src\main\java\techskill\demo\Controller\userController.java. Using fallback presentation compiler.
2026.03.26 17:59:18 INFO  no build target found for C:\Users\david\techskill\demo\src\main\java\techskill\demo\Controller\userController.java. Using fallback presentation compiler.
2026.03.26 17:59:18 INFO  no build target found for C:\Users\david\techskill\demo\src\main\java\techskill\demo\Controller\userController.java. Using fallback presentation compiler.
2026.03.26 17:59:18 INFO  no build target found for C:\Users\david\techskill\demo\src\main\java\techskill\demo\Controller\userController.java. Using fallback presentation compiler.
2026.03.26 17:59:18 INFO  no build target found for C:\Users\david\techskill\demo\src\main\java\techskill\demo\Controller\userController.java. Using fallback presentation compiler.
2026.03.26 17:59:18 INFO  no build target found for C:\Users\david\techskill\demo\src\main\java\techskill\demo\Controller\userController.java. Using fallback presentation compiler.
2026.03.26 17:59:18 INFO  no build target found for C:\Users\david\techskill\demo\src\main\java\techskill\demo\Controller\userController.java. Using fallback presentation compiler.
2026.03.26 17:59:18 INFO  no build target found for C:\Users\david\techskill\demo\src\main\java\techskill\demo\Controller\userController.java. Using fallback presentation compiler.
2026.03.26 17:59:18 INFO  no build target found for C:\Users\david\techskill\demo\src\main\java\techskill\demo\Controller\userController.java. Using fallback presentation compiler.
2026.03.26 17:59:18 INFO  no build target found for C:\Users\david\techskill\demo\src\main\java\techskill\demo\Controller\userController.java. Using fallback presentation compiler.
2026.03.26 17:59:19 INFO  no build target found for C:\Users\david\techskill\demo\src\main\java\techskill\demo\Controller\userController.java. Using fallback presentation compiler.
2026.03.26 17:59:19 INFO  no build target found for C:\Users\david\techskill\demo\src\main\java\techskill\demo\Controller\userController.java. Using fallback presentation compiler.
2026.03.26 17:59:19 INFO  no build target found for C:\Users\david\techskill\demo\src\main\java\techskill\demo\Controller\userController.java. Using fallback presentation compiler.
2026.03.26 17:59:19 INFO  no build target found for C:\Users\david\techskill\demo\src\main\java\techskill\demo\Controller\userController.java. Using fallback presentation compiler.
2026.03.26 17:59:19 INFO  no build target found for C:\Users\david\techskill\demo\src\main\java\techskill\demo\Controller\userController.java. Using fallback presentation compiler.
2026.03.26 17:59:20 INFO  no build target found for C:\Users\david\techskill\demo\src\main\java\techskill\demo\Controller\userController.java. Using fallback presentation compiler.
2026.03.26 17:59:19 INFO  no build target found for C:\Users\david\techskill\demo\src\main\java\techskill\demo\Controller\userController.java. Using fallback presentation compiler.
2026.03.26 17:59:20 INFO  no build target found for C:\Users\david\techskill\demo\src\main\java\techskill\demo\Controller\userController.java. Using fallback presentation compiler.
2026.03.26 17:59:21 INFO  no build target found for C:\Users\david\techskill\demo\src\main\java\techskill\demo\Controller\userController.java. Using fallback presentation compiler.
2026.03.26 17:59:21 INFO  no build target found for C:\Users\david\techskill\demo\src\main\java\techskill\demo\Controller\userController.java. Using fallback presentation compiler.
2026.03.26 17:59:21 INFO  no build target found for C:\Users\david\techskill\demo\src\main\java\techskill\demo\Controller\userController.java. Using fallback presentation compiler.
2026.03.26 17:59:21 INFO  no build target found for C:\Users\david\techskill\demo\src\main\java\techskill\demo\Controller\userController.java. Using fallback presentation compiler.
2026.03.26 17:59:22 INFO  no build target found for C:\Users\david\techskill\demo\src\main\java\techskill\demo\Controller\userController.java. Using fallback presentation compiler.
2026.03.26 17:59:21 INFO  no build target found for C:\Users\david\techskill\demo\src\main\java\techskill\demo\Controller\userController.java. Using fallback presentation compiler.
2026.03.26 17:59:22 INFO  no build target found for C:\Users\david\techskill\demo\src\main\java\techskill\demo\Controller\userController.java. Using fallback presentation compiler.
2026.03.26 17:59:22 INFO  no build target found for C:\Users\david\techskill\demo\src\main\java\techskill\demo\Controller\userController.java. Using fallback presentation compiler.
2026.03.26 17:59:22 INFO  no build target found for C:\Users\david\techskill\demo\src\main\java\techskill\demo\Controller\userController.java. Using fallback presentation compiler.
2026.03.26 17:59:22 INFO  no build target found for C:\Users\david\techskill\demo\src\main\java\techskill\demo\Controller\userController.java. Using fallback presentation compiler.
2026.03.26 17:59:22 INFO  no build target found for C:\Users\david\techskill\demo\src\main\java\techskill\demo\Controller\userController.java. Using fallback presentation compiler.
2026.03.26 17:59:22 INFO  no build target found for C:\Users\david\techskill\demo\src\main\java\techskill\demo\Controller\userController.java. Using fallback presentation compiler.
2026.03.26 17:59:22 INFO  no build target found for C:\Users\david\techskill\demo\src\main\java\techskill\demo\Controller\userController.java. Using fallback presentation compiler.
2026.03.26 17:59:22 INFO  no build target found for C:\Users\david\techskill\demo\src\main\java\techskill\demo\Controller\userController.java. Using fallback presentation compiler.
2026.03.26 17:59:22 INFO  no build target found for C:\Users\david\techskill\demo\src\main\java\techskill\demo\Controller\userController.java. Using fallback presentation compiler.
2026.03.26 17:59:22 INFO  no build target found for C:\Users\david\techskill\demo\src\main\java\techskill\demo\Controller\userController.java. Using fallback presentation compiler.
2026.03.26 17:59:23 INFO  no build target found for C:\Users\david\techskill\demo\src\main\java\techskill\demo\Controller\userController.java. Using fallback presentation compiler.
2026.03.26 17:59:22 INFO  no build target found for C:\Users\david\techskill\demo\src\main\java\techskill\demo\Controller\userController.java. Using fallback presentation compiler.
2026.03.26 17:59:24 INFO  no build target found for C:\Users\david\techskill\demo\src\main\java\techskill\demo\Controller\userController.java. Using fallback presentation compiler.
2026.03.26 17:59:24 INFO  no build target found for C:\Users\david\techskill\demo\src\main\java\techskill\demo\Controller\userController.java. Using fallback presentation compiler.
2026.03.26 17:59:24 INFO  no build target found for C:\Users\david\techskill\demo\src\main\java\techskill\demo\Controller\userController.java. Using fallback presentation compiler.
2026.03.26 17:59:24 INFO  no build target found for C:\Users\david\techskill\demo\src\main\java\techskill\demo\Controller\userController.java. Using fallback presentation compiler.
2026.03.26 17:59:24 INFO  no build target found for C:\Users\david\techskill\demo\src\main\java\techskill\demo\Controller\userController.java. Using fallback presentation compiler.
2026.03.26 17:59:24 INFO  no build target found for C:\Users\david\techskill\demo\src\main\java\techskill\demo\Controller\userController.java. Using fallback presentation compiler.
2026.03.26 17:59:24 INFO  no build target found for C:\Users\david\techskill\demo\src\main\java\techskill\demo\Controller\userController.java. Using fallback presentation compiler.
2026.03.26 17:59:25 INFO  no build target found for C:\Users\david\techskill\demo\src\main\java\techskill\demo\Controller\userController.java. Using fallback presentation compiler.
2026.03.26 17:59:24 INFO  no build target found for C:\Users\david\techskill\demo\src\main\java\techskill\demo\Controller\userController.java. Using fallback presentation compiler.
2026.03.26 17:59:25 INFO  no build target found for C:\Users\david\techskill\demo\src\main\java\techskill\demo\Controller\userController.java. Using fallback presentation compiler.
2026.03.26 17:59:25 INFO  no build target found for C:\Users\david\techskill\demo\src\main\java\techskill\demo\Controller\userController.java. Using fallback presentation compiler.
2026.03.26 17:59:26 INFO  no build target found for C:\Users\david\techskill\demo\src\main\java\techskill\demo\Controller\userController.java. Using fallback presentation compiler.
2026.03.26 17:59:26 INFO  no build target found for C:\Users\david\techskill\demo\src\main\java\techskill\demo\Controller\userController.java. Using fallback presentation compiler.
2026.03.26 17:59:26 INFO  no build target found for C:\Users\david\techskill\demo\src\main\java\techskill\demo\Controller\userController.java. Using fallback presentation compiler.
2026.03.26 17:59:29 INFO  no build target found for C:\Users\david\techskill\demo\src\main\java\techskill\demo\Controller\userController.java. Using fallback presentation compiler.
2026.03.26 17:59:29 INFO  no build target found for C:\Users\david\techskill\demo\src\main\java\techskill\demo\Controller\userController.java. Using fallback presentation compiler.
2026.03.26 17:59:33 INFO  no build target found for C:\Users\david\techskill\demo\src\main\java\techskill\demo\Controller\userController.java. Using fallback presentation compiler.
2026.03.26 17:59:33 INFO  no build target found for C:\Users\david\techskill\demo\src\main\java\techskill\demo\Controller\userController.java. Using fallback presentation compiler.
2026.03.26 17:59:37 INFO  no build target found for C:\Users\david\techskill\demo\src\main\java\techskill\demo\Controller\userController.java. Using fallback presentation compiler.
2026.03.26 17:59:37 INFO  no build target found for C:\Users\david\techskill\demo\src\main\java\techskill\demo\Controller\userController.java. Using fallback presentation compiler.
2026.03.26 17:59:37 INFO  no build target found for C:\Users\david\techskill\demo\src\main\java\techskill\demo\Controller\userController.java. Using fallback presentation compiler.
2026.03.26 17:59:39 INFO  no build target found for C:\Users\david\techskill\demo\src\main\java\techskill\demo\Controller\userController.java. Using fallback presentation compiler.
2026.03.26 17:59:39 INFO  no build target found for C:\Users\david\techskill\demo\src\main\java\techskill\demo\Controller\userController.java. Using fallback presentation compiler.
2026.03.26 17:59:41 INFO  no build target found for C:\Users\david\techskill\demo\src\main\java\techskill\demo\Controller\userController.java. Using fallback presentation compiler.
2026.03.26 17:59:48 INFO  no build target found for C:\Users\david\techskill\demo\src\main\java\techskill\demo\Controller\userController.java. Using fallback presentation compiler.
2026.03.26 17:59:49 INFO  no build target found for C:\Users\david\techskill\demo\src\main\java\techskill\demo\Controller\userController.java. Using fallback presentation compiler.
2026.03.26 17:59:48 INFO  no build target found for C:\Users\david\techskill\demo\src\main\java\techskill\demo\Controller\userController.java. Using fallback presentation compiler.
2026.03.26 17:59:49 INFO  no build target found for C:\Users\david\techskill\demo\src\main\java\techskill\demo\Controller\userController.java. Using fallback presentation compiler.
2026.03.26 17:59:50 INFO  no build target found for C:\Users\david\techskill\demo\src\main\java\techskill\demo\Controller\userController.java. Using fallback presentation compiler.
2026.03.26 17:59:49 INFO  no build target found for C:\Users\david\techskill\demo\src\main\java\techskill\demo\Controller\userController.java. Using fallback presentation compiler.
2026.03.26 17:59:50 INFO  no build target found for C:\Users\david\techskill\demo\src\main\java\techskill\demo\Controller\userController.java. Using fallback presentation compiler.
2026.03.26 17:59:50 INFO  no build target found for C:\Users\david\techskill\demo\src\main\java\techskill\demo\Controller\userController.java. Using fallback presentation compiler.
2026.03.26 17:59:50 INFO  no build target found for C:\Users\david\techskill\demo\src\main\java\techskill\demo\Controller\userController.java. Using fallback presentation compiler.
2026.03.26 17:59:51 INFO  no build target found for C:\Users\david\techskill\demo\src\main\java\techskill\demo\Controller\userController.java. Using fallback presentation compiler.
2026.03.26 17:59:51 INFO  no build target found for C:\Users\david\techskill\demo\src\main\java\techskill\demo\Controller\userController.java. Using fallback presentation compiler.
2026.03.26 17:59:51 INFO  no build target found for C:\Users\david\techskill\demo\src\main\java\techskill\demo\Controller\userController.java. Using fallback presentation compiler.
2026.03.26 17:59:51 INFO  no build target found for C:\Users\david\techskill\demo\src\main\java\techskill\demo\Controller\userController.java. Using fallback presentation compiler.
2026.03.26 17:59:52 INFO  no build target found for C:\Users\david\techskill\demo\src\main\java\techskill\demo\Controller\userController.java. Using fallback presentation compiler.
2026.03.26 17:59:52 INFO  no build target found for C:\Users\david\techskill\demo\src\main\java\techskill\demo\Controller\userController.java. Using fallback presentation compiler.
2026.03.26 17:59:52 INFO  no build target found for C:\Users\david\techskill\demo\src\main\java\techskill\demo\Controller\userController.java. Using fallback presentation compiler.
2026.03.26 17:59:52 INFO  no build target found for C:\Users\david\techskill\demo\src\main\java\techskill\demo\Controller\userController.java. Using fallback presentation compiler.
2026.03.26 17:59:52 INFO  no build target found for C:\Users\david\techskill\demo\src\main\java\techskill\demo\Controller\userController.java. Using fallback presentation compiler.
2026.03.26 17:59:52 INFO  no build target found for C:\Users\david\techskill\demo\src\main\java\techskill\demo\Controller\userController.java. Using fallback presentation compiler.
2026.03.26 17:59:52 INFO  no build target found for C:\Users\david\techskill\demo\src\main\java\techskill\demo\Controller\userController.java. Using fallback presentation compiler.
2026.03.26 17:59:53 INFO  no build target found for C:\Users\david\techskill\demo\src\main\java\techskill\demo\Controller\userController.java. Using fallback presentation compiler.
2026.03.26 17:59:52 INFO  no build target found for C:\Users\david\techskill\demo\src\main\java\techskill\demo\Controller\userController.java. Using fallback presentation compiler.
2026.03.26 17:59:53 INFO  no build target found for C:\Users\david\techskill\demo\src\main\java\techskill\demo\Controller\userController.java. Using fallback presentation compiler.
2026.03.26 17:59:53 INFO  no build target found for C:\Users\david\techskill\demo\src\main\java\techskill\demo\Controller\userController.java. Using fallback presentation compiler.
2026.03.26 17:59:53 INFO  no build target found for C:\Users\david\techskill\demo\src\main\java\techskill\demo\Controller\userController.java. Using fallback presentation compiler.
2026.03.26 17:59:55 INFO  no build target found for C:\Users\david\techskill\demo\src\main\java\techskill\demo\Controller\userController.java. Using fallback presentation compiler.
2026.03.26 17:59:55 INFO  no build target found for C:\Users\david\techskill\demo\src\main\java\techskill\demo\Controller\userController.java. Using fallback presentation compiler.
2026.03.26 17:59:55 INFO  no build target found for C:\Users\david\techskill\demo\src\main\java\techskill\demo\Controller\userController.java. Using fallback presentation compiler.
2026.03.26 17:59:55 INFO  no build target found for C:\Users\david\techskill\demo\src\main\java\techskill\demo\Controller\userController.java. Using fallback presentation compiler.
2026.03.26 17:59:55 INFO  no build target found for C:\Users\david\techskill\demo\src\main\java\techskill\demo\Controller\userController.java. Using fallback presentation compiler.
2026.03.26 17:59:55 INFO  no build target found for C:\Users\david\techskill\demo\src\main\java\techskill\demo\Controller\userController.java. Using fallback presentation compiler.
2026.03.26 17:59:55 INFO  no build target found for C:\Users\david\techskill\demo\src\main\java\techskill\demo\Controller\userController.java. Using fallback presentation compiler.
2026.03.26 17:59:55 INFO  no build target found for C:\Users\david\techskill\demo\src\main\java\techskill\demo\Controller\userController.java. Using fallback presentation compiler.
Mar 26, 2026 5:59:56 PM org.eclipse.lsp4j.jsonrpc.RemoteEndpoint handleCancellation
WARNING: Unmatched cancel notification for request id 302
2026.03.26 17:59:55 INFO  no build target found for C:\Users\david\techskill\demo\src\main\java\techskill\demo\Controller\userController.java. Using fallback presentation compiler.
2026.03.26 17:59:56 INFO  no build target found for C:\Users\david\techskill\demo\src\main\java\techskill\demo\Controller\userController.java. Using fallback presentation compiler.
2026.03.26 17:59:56 INFO  no build target found for C:\Users\david\techskill\demo\src\main\java\techskill\demo\Controller\userController.java. Using fallback presentation compiler.
2026.03.26 17:59:56 INFO  no build target found for C:\Users\david\techskill\demo\src\main\java\techskill\demo\Controller\userController.java. Using fallback presentation compiler.
2026.03.26 17:59:56 INFO  no build target found for C:\Users\david\techskill\demo\src\main\java\techskill\demo\Controller\userController.java. Using fallback presentation compiler.
2026.03.26 17:59:56 INFO  no build target found for C:\Users\david\techskill\demo\src\main\java\techskill\demo\Controller\userController.java. Using fallback presentation compiler.
2026.03.26 17:59:57 INFO  no build target found for C:\Users\david\techskill\demo\src\main\java\techskill\demo\Controller\userController.java. Using fallback presentation compiler.
2026.03.26 17:59:57 INFO  no build target found for C:\Users\david\techskill\demo\src\main\java\techskill\demo\Controller\userController.java. Using fallback presentation compiler.
2026.03.26 17:59:57 INFO  no build target found for C:\Users\david\techskill\demo\src\main\java\techskill\demo\Controller\userController.java. Using fallback presentation compiler.
2026.03.26 17:59:57 INFO  no build target found for C:\Users\david\techskill\demo\src\main\java\techskill\demo\Controller\userController.java. Using fallback presentation compiler.
2026.03.26 17:59:57 INFO  no build target found for C:\Users\david\techskill\demo\src\main\java\techskill\demo\Controller\userController.java. Using fallback presentation compiler.
2026.03.26 17:59:57 INFO  no build target found for C:\Users\david\techskill\demo\src\main\java\techskill\demo\Controller\userController.java. Using fallback presentation compiler.
2026.03.26 17:59:57 INFO  no build target found for C:\Users\david\techskill\demo\src\main\java\techskill\demo\Controller\userController.java. Using fallback presentation compiler.
2026.03.26 17:59:58 INFO  no build target found for C:\Users\david\techskill\demo\src\main\java\techskill\demo\Controller\userController.java. Using fallback presentation compiler.
2026.03.26 17:59:58 INFO  no build target found for C:\Users\david\techskill\demo\src\main\java\techskill\demo\Controller\userController.java. Using fallback presentation compiler.
2026.03.26 17:59:58 INFO  no build target found for C:\Users\david\techskill\demo\src\main\java\techskill\demo\Controller\userController.java. Using fallback presentation compiler.
2026.03.26 17:59:58 INFO  no build target found for C:\Users\david\techskill\demo\src\main\java\techskill\demo\Controller\userController.java. Using fallback presentation compiler.
2026.03.26 17:59:58 INFO  no build target found for C:\Users\david\techskill\demo\src\main\java\techskill\demo\Controller\userController.java. Using fallback presentation compiler.
2026.03.26 17:59:58 INFO  no build target found for C:\Users\david\techskill\demo\src\main\java\techskill\demo\Controller\userController.java. Using fallback presentation compiler.
2026.03.26 18:00:00 INFO  no build target found for C:\Users\david\techskill\demo\src\main\java\techskill\demo\Controller\userController.java. Using fallback presentation compiler.
2026.03.26 18:00:00 INFO  no build target found for C:\Users\david\techskill\demo\src\main\java\techskill\demo\Controller\userController.java. Using fallback presentation compiler.
2026.03.26 18:00:00 INFO  no build target found for C:\Users\david\techskill\demo\src\main\java\techskill\demo\Controller\userController.java. Using fallback presentation compiler.
2026.03.26 18:00:00 INFO  no build target found for C:\Users\david\techskill\demo\src\main\java\techskill\demo\Controller\userController.java. Using fallback presentation compiler.
2026.03.26 18:00:02 INFO  no build target found for C:\Users\david\techskill\demo\src\main\java\techskill\demo\Controller\userController.java. Using fallback presentation compiler.
2026.03.26 18:00:02 INFO  no build target found for C:\Users\david\techskill\demo\src\main\java\techskill\demo\Controller\userController.java. Using fallback presentation compiler.
2026.03.26 18:00:07 INFO  no build target found for C:\Users\david\techskill\demo\src\main\java\techskill\demo\Controller\userController.java. Using fallback presentation compiler.
2026.03.26 18:00:07 INFO  no build target found for C:\Users\david\techskill\demo\src\main\java\techskill\demo\Controller\userController.java. Using fallback presentation compiler.
2026.03.26 18:03:59 INFO  no build target found for C:\Users\david\techskill\demo\src\main\java\techskill\demo\Controller\userController.java. Using fallback presentation compiler.
2026.03.26 18:03:59 INFO  no build target found for C:\Users\david\techskill\demo\src\main\java\techskill\demo\Controller\userController.java. Using fallback presentation compiler.
2026.03.26 18:03:59 INFO  no build target found for C:\Users\david\techskill\demo\src\main\java\techskill\demo\Controller\userController.java. Using fallback presentation compiler.
2026.03.26 18:04:00 INFO  no build target found for C:\Users\david\techskill\demo\src\main\java\techskill\demo\Controller\userController.java. Using fallback presentation compiler.
2026.03.26 18:03:59 INFO  no build target found for C:\Users\david\techskill\demo\src\main\java\techskill\demo\Controller\userController.java. Using fallback presentation compiler.
2026.03.26 18:03:59 INFO  no build target found for C:\Users\david\techskill\demo\src\main\java\techskill\demo\Controller\userController.java. Using fallback presentation compiler.
2026.03.26 18:03:59 INFO  no build target found for C:\Users\david\techskill\demo\src\main\java\techskill\demo\Controller\userController.java. Using fallback presentation compiler.
2026.03.26 18:04:00 INFO  no build target found for C:\Users\david\techskill\demo\src\main\java\techskill\demo\Controller\userController.java. Using fallback presentation compiler.
2026.03.26 18:03:59 INFO  no build target found for C:\Users\david\techskill\demo\src\main\java\techskill\demo\Controller\userController.java. Using fallback presentation compiler.
2026.03.26 18:03:59 INFO  no build target found for C:\Users\david\techskill\demo\src\main\java\techskill\demo\Controller\userController.java. Using fallback presentation compiler.
2026.03.26 18:04:00 INFO  no build target found for C:\Users\david\techskill\demo\src\main\java\techskill\demo\Controller\userController.java. Using fallback presentation compiler.
2026.03.26 18:04:00 INFO  no build target found for C:\Users\david\techskill\demo\src\main\java\techskill\demo\Controller\userController.java. Using fallback presentation compiler.
2026.03.26 18:04:00 INFO  no build target found for C:\Users\david\techskill\demo\src\main\java\techskill\demo\Controller\userController.java. Using fallback presentation compiler.
Mar 26, 2026 6:04:00 PM org.eclipse.lsp4j.jsonrpc.RemoteEndpoint handleCancellation
WARNING: Unmatched cancel notification for request id 362
2026.03.26 18:04:00 INFO  no build target found for C:\Users\david\techskill\demo\src\main\java\techskill\demo\Controller\userController.java. Using fallback presentation compiler.
2026.03.26 18:04:00 INFO  no build target found for C:\Users\david\techskill\demo\src\main\java\techskill\demo\Controller\userController.java. Using fallback presentation compiler.
2026.03.26 18:04:01 INFO  no build target found for C:\Users\david\techskill\demo\src\main\java\techskill\demo\Controller\userController.java. Using fallback presentation compiler.
2026.03.26 18:04:00 INFO  no build target found for C:\Users\david\techskill\demo\src\main\java\techskill\demo\Controller\userController.java. Using fallback presentation compiler.
2026.03.26 18:04:01 INFO  no build target found for C:\Users\david\techskill\demo\src\main\java\techskill\demo\Controller\userController.java. Using fallback presentation compiler.
2026.03.26 18:04:03 INFO  no build target found for C:\Users\david\techskill\demo\src\main\java\techskill\demo\Controller\userController.java. Using fallback presentation compiler.
2026.03.26 18:04:03 INFO  no build target found for C:\Users\david\techskill\demo\src\main\java\techskill\demo\Controller\userController.java. Using fallback presentation compiler.
2026.03.26 18:04:03 INFO  no build target found for C:\Users\david\techskill\demo\src\main\java\techskill\demo\Controller\userController.java. Using fallback presentation compiler.
2026.03.26 18:04:03 INFO  no build target found for C:\Users\david\techskill\demo\src\main\java\techskill\demo\Controller\userController.java. Using fallback presentation compiler.
2026.03.26 18:04:03 INFO  no build target found for C:\Users\david\techskill\demo\src\main\java\techskill\demo\Controller\userController.java. Using fallback presentation compiler.
2026.03.26 18:04:03 INFO  no build target found for C:\Users\david\techskill\demo\src\main\java\techskill\demo\Controller\userController.java. Using fallback presentation compiler.
2026.03.26 18:04:03 INFO  no build target found for C:\Users\david\techskill\demo\src\main\java\techskill\demo\Controller\userController.java. Using fallback presentation compiler.
2026.03.26 18:04:03 INFO  no build target found for C:\Users\david\techskill\demo\src\main\java\techskill\demo\Controller\userController.java. Using fallback presentation compiler.
2026.03.26 18:04:03 INFO  no build target found for C:\Users\david\techskill\demo\src\main\java\techskill\demo\Controller\userController.java. Using fallback presentation compiler.
2026.03.26 18:04:03 INFO  no build target found for C:\Users\david\techskill\demo\src\main\java\techskill\demo\Controller\userController.java. Using fallback presentation compiler.
2026.03.26 18:04:04 INFO  no build target found for C:\Users\david\techskill\demo\src\main\java\techskill\demo\Controller\userController.java. Using fallback presentation compiler.
2026.03.26 18:04:04 INFO  no build target found for C:\Users\david\techskill\demo\src\main\java\techskill\demo\Controller\userController.java. Using fallback presentation compiler.
2026.03.26 18:04:04 INFO  no build target found for C:\Users\david\techskill\demo\src\main\java\techskill\demo\Controller\userController.java. Using fallback presentation compiler.
2026.03.26 18:04:04 INFO  no build target found for C:\Users\david\techskill\demo\src\main\java\techskill\demo\Controller\userController.java. Using fallback presentation compiler.
2026.03.26 18:04:04 INFO  no build target found for C:\Users\david\techskill\demo\src\main\java\techskill\demo\Controller\userController.java. Using fallback presentation compiler.
2026.03.26 18:04:04 INFO  no build target found for C:\Users\david\techskill\demo\src\main\java\techskill\demo\Controller\userController.java. Using fallback presentation compiler.
2026.03.26 18:04:04 INFO  no build target found for C:\Users\david\techskill\demo\src\main\java\techskill\demo\Controller\userController.java. Using fallback presentation compiler.
2026.03.26 18:04:05 INFO  no build target found for C:\Users\david\techskill\demo\src\main\java\techskill\demo\Controller\userController.java. Using fallback presentation compiler.
2026.03.26 18:04:04 INFO  no build target found for C:\Users\david\techskill\demo\src\main\java\techskill\demo\Controller\userController.java. Using fallback presentation compiler.
2026.03.26 18:04:05 INFO  no build target found for C:\Users\david\techskill\demo\src\main\java\techskill\demo\Controller\userController.java. Using fallback presentation compiler.
2026.03.26 18:04:05 INFO  no build target found for C:\Users\david\techskill\demo\src\main\java\techskill\demo\Controller\userController.java. Using fallback presentation compiler.
2026.03.26 18:04:05 INFO  no build target found for C:\Users\david\techskill\demo\src\main\java\techskill\demo\Controller\userController.java. Using fallback presentation compiler.
2026.03.26 18:04:05 INFO  no build target found for C:\Users\david\techskill\demo\src\main\java\techskill\demo\Controller\userController.java. Using fallback presentation compiler.
2026.03.26 18:04:05 INFO  no build target found for C:\Users\david\techskill\demo\src\main\java\techskill\demo\Controller\userController.java. Using fallback presentation compiler.
2026.03.26 18:04:05 INFO  no build target found for C:\Users\david\techskill\demo\src\main\java\techskill\demo\Controller\userController.java. Using fallback presentation compiler.
2026.03.26 18:04:05 INFO  no build target found for C:\Users\david\techskill\demo\src\main\java\techskill\demo\Controller\userController.java. Using fallback presentation compiler.
2026.03.26 18:04:06 INFO  no build target found for C:\Users\david\techskill\demo\src\main\java\techskill\demo\Controller\userController.java. Using fallback presentation compiler.
2026.03.26 18:04:06 INFO  no build target found for C:\Users\david\techskill\demo\src\main\java\techskill\demo\Controller\userController.java. Using fallback presentation compiler.
2026.03.26 18:04:09 INFO  no build target found for C:\Users\david\techskill\demo\src\main\java\techskill\demo\Controller\userController.java. Using fallback presentation compiler.
2026.03.26 18:04:09 INFO  no build target found for C:\Users\david\techskill\demo\src\main\java\techskill\demo\Controller\userController.java. Using fallback presentation compiler.
2026.03.26 18:04:09 INFO  no build target found for C:\Users\david\techskill\demo\src\main\java\techskill\demo\Controller\userController.java. Using fallback presentation compiler.
2026.03.26 18:04:09 INFO  no build target found for C:\Users\david\techskill\demo\src\main\java\techskill\demo\Controller\userController.java. Using fallback presentation compiler.
2026.03.26 18:04:09 INFO  no build target found for C:\Users\david\techskill\demo\src\main\java\techskill\demo\Controller\userController.java. Using fallback presentation compiler.
2026.03.26 18:04:09 INFO  no build target found for C:\Users\david\techskill\demo\src\main\java\techskill\demo\Controller\userController.java. Using fallback presentation compiler.
2026.03.26 18:04:09 INFO  no build target found for C:\Users\david\techskill\demo\src\main\java\techskill\demo\Controller\userController.java. Using fallback presentation compiler.
2026.03.26 18:04:09 INFO  no build target found for C:\Users\david\techskill\demo\src\main\java\techskill\demo\Controller\userController.java. Using fallback presentation compiler.
2026.03.26 18:04:09 INFO  no build target found for C:\Users\david\techskill\demo\src\main\java\techskill\demo\Controller\userController.java. Using fallback presentation compiler.
2026.03.26 18:04:10 INFO  no build target found for C:\Users\david\techskill\demo\src\main\java\techskill\demo\Controller\userController.java. Using fallback presentation compiler.
2026.03.26 18:04:09 INFO  no build target found for C:\Users\david\techskill\demo\src\main\java\techskill\demo\Controller\userController.java. Using fallback presentation compiler.
2026.03.26 18:04:10 INFO  no build target found for C:\Users\david\techskill\demo\src\main\java\techskill\demo\Controller\userController.java. Using fallback presentation compiler.
2026.03.26 18:04:10 INFO  no build target found for C:\Users\david\techskill\demo\src\main\java\techskill\demo\Controller\userController.java. Using fallback presentation compiler.
2026.03.26 18:04:10 INFO  no build target found for C:\Users\david\techskill\demo\src\main\java\techskill\demo\Controller\userController.java. Using fallback presentation compiler.
2026.03.26 18:04:10 INFO  no build target found for C:\Users\david\techskill\demo\src\main\java\techskill\demo\Controller\userController.java. Using fallback presentation compiler.
2026.03.26 18:04:10 INFO  no build target found for C:\Users\david\techskill\demo\src\main\java\techskill\demo\Controller\userController.java. Using fallback presentation compiler.
2026.03.26 18:04:10 INFO  no build target found for C:\Users\david\techskill\demo\src\main\java\techskill\demo\Controller\userController.java. Using fallback presentation compiler.
2026.03.26 18:04:11 INFO  no build target found for C:\Users\david\techskill\demo\src\main\java\techskill\demo\Controller\userController.java. Using fallback presentation compiler.
2026.03.26 18:04:12 INFO  no build target found for C:\Users\david\techskill\demo\src\main\java\techskill\demo\Controller\userController.java. Using fallback presentation compiler.
2026.03.26 18:04:12 INFO  no build target found for C:\Users\david\techskill\demo\src\main\java\techskill\demo\Controller\userController.java. Using fallback presentation compiler.
2026.03.26 18:04:13 INFO  no build target found for C:\Users\david\techskill\demo\src\main\java\techskill\demo\Controller\userController.java. Using fallback presentation compiler.
2026.03.26 18:04:13 INFO  no build target found for C:\Users\david\techskill\demo\src\main\java\techskill\demo\Controller\userController.java. Using fallback presentation compiler.
2026.03.26 18:04:13 INFO  no build target found for C:\Users\david\techskill\demo\src\main\java\techskill\demo\Controller\userController.java. Using fallback presentation compiler.
2026.03.26 18:04:14 INFO  no build target found for C:\Users\david\techskill\demo\src\main\java\techskill\demo\Controller\userController.java. Using fallback presentation compiler.
2026.03.26 18:04:13 INFO  no build target found for C:\Users\david\techskill\demo\src\main\java\techskill\demo\Controller\userController.java. Using fallback presentation compiler.
2026.03.26 18:04:14 INFO  no build target found for C:\Users\david\techskill\demo\src\main\java\techskill\demo\Controller\userController.java. Using fallback presentation compiler.
2026.03.26 18:04:13 INFO  no build target found for C:\Users\david\techskill\demo\src\main\java\techskill\demo\Controller\userController.java. Using fallback presentation compiler.
2026.03.26 18:04:13 INFO  no build target found for C:\Users\david\techskill\demo\src\main\java\techskill\demo\Controller\userController.java. Using fallback presentation compiler.
2026.03.26 18:04:13 INFO  no build target found for C:\Users\david\techskill\demo\src\main\java\techskill\demo\Controller\userController.java. Using fallback presentation compiler.
2026.03.26 18:04:14 INFO  no build target found for C:\Users\david\techskill\demo\src\main\java\techskill\demo\Controller\userController.java. Using fallback presentation compiler.
2026.03.26 18:04:15 INFO  no build target found for C:\Users\david\techskill\demo\src\main\java\techskill\demo\Controller\userController.java. Using fallback presentation compiler.
2026.03.26 18:04:15 INFO  no build target found for C:\Users\david\techskill\demo\src\main\java\techskill\demo\Controller\userController.java. Using fallback presentation compiler.
2026.03.26 18:04:15 INFO  no build target found for C:\Users\david\techskill\demo\src\main\java\techskill\demo\Controller\userController.java. Using fallback presentation compiler.
2026.03.26 18:04:14 INFO  no build target found for C:\Users\david\techskill\demo\src\main\java\techskill\demo\Controller\userController.java. Using fallback presentation compiler.
2026.03.26 18:04:15 INFO  no build target found for C:\Users\david\techskill\demo\src\main\java\techskill\demo\Controller\userController.java. Using fallback presentation compiler.
2026.03.26 18:04:15 INFO  no build target found for C:\Users\david\techskill\demo\src\main\java\techskill\demo\Controller\userController.java. Using fallback presentation compiler.
2026.03.26 18:04:16 INFO  no build target found for C:\Users\david\techskill\demo\src\main\java\techskill\demo\Controller\userController.java. Using fallback presentation compiler.
2026.03.26 18:04:16 INFO  no build target found for C:\Users\david\techskill\demo\src\main\java\techskill\demo\Controller\userController.java. Using fallback presentation compiler.
2026.03.26 18:04:16 INFO  no build target found for C:\Users\david\techskill\demo\src\main\java\techskill\demo\Controller\userController.java. Using fallback presentation compiler.
2026.03.26 18:04:24 INFO  no build target found for C:\Users\david\techskill\demo\src\main\java\techskill\demo\Controller\userController.java. Using fallback presentation compiler.
2026.03.26 18:04:24 INFO  no build target found for C:\Users\david\techskill\demo\src\main\java\techskill\demo\Controller\userController.java. Using fallback presentation compiler.
2026.03.26 18:04:30 INFO  no build target found for C:\Users\david\techskill\demo\src\main\java\techskill\demo\Controller\userController.java. Using fallback presentation compiler.
2026.03.26 18:04:30 INFO  no build target found for C:\Users\david\techskill\demo\src\main\java\techskill\demo\Controller\userController.java. Using fallback presentation compiler.
2026.03.26 18:04:31 INFO  no build target found for C:\Users\david\techskill\demo\src\main\java\techskill\demo\Controller\userController.java. Using fallback presentation compiler.
2026.03.26 18:04:31 INFO  no build target found for C:\Users\david\techskill\demo\src\main\java\techskill\demo\Controller\userController.java. Using fallback presentation compiler.
2026.03.26 18:04:32 INFO  no build target found for C:\Users\david\techskill\demo\src\main\java\techskill\demo\Controller\userController.java. Using fallback presentation compiler.
2026.03.26 18:04:32 INFO  no build target found for C:\Users\david\techskill\demo\src\main\java\techskill\demo\Controller\userController.java. Using fallback presentation compiler.
2026.03.26 18:04:32 INFO  no build target found for C:\Users\david\techskill\demo\src\main\java\techskill\demo\Controller\userController.java. Using fallback presentation compiler.
2026.03.26 18:04:33 INFO  no build target found for C:\Users\david\techskill\demo\src\main\java\techskill\demo\Controller\userController.java. Using fallback presentation compiler.
2026.03.26 18:04:32 INFO  no build target found for C:\Users\david\techskill\demo\src\main\java\techskill\demo\Controller\userController.java. Using fallback presentation compiler.
2026.03.26 18:04:32 INFO  no build target found for C:\Users\david\techskill\demo\src\main\java\techskill\demo\Controller\userController.java. Using fallback presentation compiler.
2026.03.26 18:04:32 INFO  no build target found for C:\Users\david\techskill\demo\src\main\java\techskill\demo\Controller\userController.java. Using fallback presentation compiler.
2026.03.26 18:04:33 INFO  no build target found for C:\Users\david\techskill\demo\src\main\java\techskill\demo\Controller\userController.java. Using fallback presentation compiler.
2026.03.26 18:04:32 INFO  no build target found for C:\Users\david\techskill\demo\src\main\java\techskill\demo\Controller\userController.java. Using fallback presentation compiler.
2026.03.26 18:04:32 INFO  no build target found for C:\Users\david\techskill\demo\src\main\java\techskill\demo\Controller\userController.java. Using fallback presentation compiler.
2026.03.26 18:04:33 INFO  no build target found for C:\Users\david\techskill\demo\src\main\java\techskill\demo\Controller\userController.java. Using fallback presentation compiler.
2026.03.26 18:04:35 INFO  no build target found for C:\Users\david\techskill\demo\src\main\java\techskill\demo\Controller\userController.java. Using fallback presentation compiler.
2026.03.26 18:04:35 INFO  no build target found for C:\Users\david\techskill\demo\src\main\java\techskill\demo\Controller\userController.java. Using fallback presentation compiler.
2026.03.26 18:04:38 INFO  no build target found for C:\Users\david\techskill\demo\src\main\java\techskill\demo\Controller\userController.java. Using fallback presentation compiler.
2026.03.26 18:04:38 INFO  no build target found for C:\Users\david\techskill\demo\src\main\java\techskill\demo\Controller\userController.java. Using fallback presentation compiler.
2026.03.26 18:04:43 INFO  no build target found for C:\Users\david\techskill\demo\src\main\java\techskill\demo\Controller\userController.java. Using fallback presentation compiler.
2026.03.26 18:04:43 INFO  no build target found for C:\Users\david\techskill\demo\src\main\java\techskill\demo\Controller\userController.java. Using fallback presentation compiler.
2026.03.26 18:04:46 INFO  no build target found for C:\Users\david\techskill\demo\src\main\java\techskill\demo\Controller\userController.java. Using fallback presentation compiler.
2026.03.26 18:04:46 INFO  no build target found for C:\Users\david\techskill\demo\src\main\java\techskill\demo\Controller\userController.java. Using fallback presentation compiler.
2026.03.26 18:04:49 INFO  no build target found for C:\Users\david\techskill\demo\src\main\java\techskill\demo\Controller\userController.java. Using fallback presentation compiler.
2026.03.26 18:04:49 INFO  no build target found for C:\Users\david\techskill\demo\src\main\java\techskill\demo\Controller\userController.java. Using fallback presentation compiler.
2026.03.26 18:05:00 INFO  no build target found for C:\Users\david\techskill\demo\src\main\java\techskill\demo\Controller\userController.java. Using fallback presentation compiler.
2026.03.26 18:05:02 INFO  no build target found for C:\Users\david\techskill\demo\src\main\java\techskill\demo\Controller\userController.java. Using fallback presentation compiler.
2026.03.26 18:05:02 INFO  no build target found for C:\Users\david\techskill\demo\src\main\java\techskill\demo\Controller\userController.java. Using fallback presentation compiler.
2026.03.26 18:05:02 INFO  no build target found for C:\Users\david\techskill\demo\src\main\java\techskill\demo\Controller\userController.java. Using fallback presentation compiler.
2026.03.26 18:05:02 INFO  no build target found for C:\Users\david\techskill\demo\src\main\java\techskill\demo\Controller\userController.java. Using fallback presentation compiler.
2026.03.26 18:05:28 INFO  no build target found for C:\Users\david\techskill\demo\src\main\java\techskill\demo\Controller\userController.java. Using fallback presentation compiler.
2026.03.26 18:05:34 INFO  no build target found for C:\Users\david\techskill\demo\src\main\java\techskill\demo\Controller\userController.java. Using fallback presentation compiler.
2026.03.26 18:05:38 INFO  no build target found for C:\Users\david\techskill\demo\src\main\java\techskill\demo\DTO\nameDTO.java. Using fallback presentation compiler.
2026.03.26 18:05:38 INFO  no build target found for C:\Users\david\techskill\demo\src\main\java\techskill\demo\DTO\nameDTO.java. Using fallback presentation compiler.
2026.03.26 18:05:40 INFO  no build target found for C:\Users\david\techskill\demo\src\main\java\techskill\demo\DTO\nameDTO.java. Using fallback presentation compiler.
2026.03.26 18:05:42 INFO  no build target found for C:\Users\david\techskill\demo\src\main\java\techskill\demo\DTO\nameDTO.java. Using fallback presentation compiler.
2026.03.26 18:05:42 INFO  no build target found for C:\Users\david\techskill\demo\src\main\java\techskill\demo\DTO\nameDTO.java. Using fallback presentation compiler.
2026.03.26 18:05:42 INFO  no build target found for C:\Users\david\techskill\demo\src\main\java\techskill\demo\DTO\nameDTO.java. Using fallback presentation compiler.
2026.03.26 18:05:42 INFO  no build target found for C:\Users\david\techskill\demo\src\main\java\techskill\demo\DTO\nameDTO.java. Using fallback presentation compiler.
2026.03.26 18:05:42 INFO  no build target found for C:\Users\david\techskill\demo\src\main\java\techskill\demo\DTO\nameDTO.java. Using fallback presentation compiler.
2026.03.26 18:05:42 INFO  no build target found for C:\Users\david\techskill\demo\src\main\java\techskill\demo\DTO\nameDTO.java. Using fallback presentation compiler.
2026.03.26 18:05:42 INFO  no build target found for C:\Users\david\techskill\demo\src\main\java\techskill\demo\DTO\nameDTO.java. Using fallback presentation compiler.
2026.03.26 18:05:42 INFO  no build target found for C:\Users\david\techskill\demo\src\main\java\techskill\demo\DTO\nameDTO.java. Using fallback presentation compiler.
2026.03.26 18:05:42 INFO  no build target found for C:\Users\david\techskill\demo\src\main\java\techskill\demo\DTO\nameDTO.java. Using fallback presentation compiler.
2026.03.26 18:05:42 INFO  no build target found for C:\Users\david\techskill\demo\src\main\java\techskill\demo\DTO\nameDTO.java. Using fallback presentation compiler.
2026.03.26 18:05:42 INFO  no build target found for C:\Users\david\techskill\demo\src\main\java\techskill\demo\DTO\nameDTO.java. Using fallback presentation compiler.
2026.03.26 18:05:43 INFO  no build target found for C:\Users\david\techskill\demo\src\main\java\techskill\demo\DTO\nameDTO.java. Using fallback presentation compiler.
2026.03.26 18:05:43 INFO  no build target found for C:\Users\david\techskill\demo\src\main\java\techskill\demo\DTO\nameDTO.java. Using fallback presentation compiler.
2026.03.26 18:05:43 INFO  no build target found for C:\Users\david\techskill\demo\src\main\java\techskill\demo\DTO\nameDTO.java. Using fallback presentation compiler.
2026.03.26 18:05:43 INFO  no build target found for C:\Users\david\techskill\demo\src\main\java\techskill\demo\DTO\nameDTO.java. Using fallback presentation compiler.
2026.03.26 18:05:43 INFO  no build target found for C:\Users\david\techskill\demo\src\main\java\techskill\demo\DTO\nameDTO.java. Using fallback presentation compiler.
2026.03.26 18:05:43 INFO  no build target found for C:\Users\david\techskill\demo\src\main\java\techskill\demo\DTO\nameDTO.java. Using fallback presentation compiler.
2026.03.26 18:05:43 INFO  no build target found for C:\Users\david\techskill\demo\src\main\java\techskill\demo\DTO\nameDTO.java. Using fallback presentation compiler.
2026.03.26 18:05:43 INFO  no build target found for C:\Users\david\techskill\demo\src\main\java\techskill\demo\DTO\nameDTO.java. Using fallback presentation compiler.
Mar 26, 2026 6:05:43 PM org.eclipse.lsp4j.jsonrpc.RemoteEndpoint handleCancellation
WARNING: Unmatched cancel notification for request id 563
2026.03.26 18:05:43 INFO  no build target found for C:\Users\david\techskill\demo\src\main\java\techskill\demo\DTO\nameDTO.java. Using fallback presentation compiler.
2026.03.26 18:05:43 INFO  no build target found for C:\Users\david\techskill\demo\src\main\java\techskill\demo\DTO\nameDTO.java. Using fallback presentation compiler.
2026.03.26 18:05:43 INFO  no build target found for C:\Users\david\techskill\demo\src\main\java\techskill\demo\DTO\nameDTO.java. Using fallback presentation compiler.
2026.03.26 18:05:43 INFO  no build target found for C:\Users\david\techskill\demo\src\main\java\techskill\demo\DTO\nameDTO.java. Using fallback presentation compiler.
2026.03.26 18:05:43 INFO  no build target found for C:\Users\david\techskill\demo\src\main\java\techskill\demo\DTO\nameDTO.java. Using fallback presentation compiler.
2026.03.26 18:05:43 INFO  no build target found for C:\Users\david\techskill\demo\src\main\java\techskill\demo\DTO\nameDTO.java. Using fallback presentation compiler.
2026.03.26 18:05:44 INFO  no build target found for C:\Users\david\techskill\demo\src\main\java\techskill\demo\DTO\nameDTO.java. Using fallback presentation compiler.
2026.03.26 18:05:43 INFO  no build target found for C:\Users\david\techskill\demo\src\main\java\techskill\demo\DTO\nameDTO.java. Using fallback presentation compiler.
2026.03.26 18:05:44 INFO  no build target found for C:\Users\david\techskill\demo\src\main\java\techskill\demo\DTO\nameDTO.java. Using fallback presentation compiler.
2026.03.26 18:05:44 INFO  no build target found for C:\Users\david\techskill\demo\src\main\java\techskill\demo\DTO\nameDTO.java. Using fallback presentation compiler.
2026.03.26 18:05:44 INFO  no build target found for C:\Users\david\techskill\demo\src\main\java\techskill\demo\DTO\nameDTO.java. Using fallback presentation compiler.
2026.03.26 18:05:45 INFO  no build target found for C:\Users\david\techskill\demo\src\main\java\techskill\demo\DTO\nameDTO.java. Using fallback presentation compiler.
2026.03.26 18:05:48 INFO  no build target found for C:\Users\david\techskill\demo\src\main\java\techskill\demo\DTO\nameDTO.java. Using fallback presentation compiler.
2026.03.26 18:05:48 INFO  no build target found for C:\Users\david\techskill\demo\src\main\java\techskill\demo\DTO\nameDTO.java. Using fallback presentation compiler.
2026.03.26 18:05:48 INFO  no build target found for C:\Users\david\techskill\demo\src\main\java\techskill\demo\DTO\nameDTO.java. Using fallback presentation compiler.
2026.03.26 18:05:48 INFO  no build target found for C:\Users\david\techskill\demo\src\main\java\techskill\demo\DTO\nameDTO.java. Using fallback presentation compiler.
2026.03.26 18:05:48 INFO  no build target found for C:\Users\david\techskill\demo\src\main\java\techskill\demo\DTO\nameDTO.java. Using fallback presentation compiler.
2026.03.26 18:05:48 INFO  no build target found for C:\Users\david\techskill\demo\src\main\java\techskill\demo\DTO\nameDTO.java. Using fallback presentation compiler.
2026.03.26 18:05:48 INFO  no build target found for C:\Users\david\techskill\demo\src\main\java\techskill\demo\DTO\nameDTO.java. Using fallback presentation compiler.
2026.03.26 18:05:49 INFO  no build target found for C:\Users\david\techskill\demo\src\main\java\techskill\demo\DTO\nameDTO.java. Using fallback presentation compiler.
2026.03.26 18:05:51 INFO  no build target found for C:\Users\david\techskill\demo\src\main\java\techskill\demo\DTO\nameDTO.java. Using fallback presentation compiler.
2026.03.26 18:05:51 INFO  no build target found for C:\Users\david\techskill\demo\src\main\java\techskill\demo\DTO\nameDTO.java. Using fallback presentation compiler.
2026.03.26 18:05:51 INFO  no build target found for C:\Users\david\techskill\demo\src\main\java\techskill\demo\DTO\nameDTO.java. Using fallback presentation compiler.
2026.03.26 18:05:51 INFO  no build target found for C:\Users\david\techskill\demo\src\main\java\techskill\demo\DTO\nameDTO.java. Using fallback presentation compiler.
2026.03.26 18:05:51 INFO  no build target found for C:\Users\david\techskill\demo\src\main\java\techskill\demo\DTO\nameDTO.java. Using fallback presentation compiler.
2026.03.26 18:05:51 INFO  no build target found for C:\Users\david\techskill\demo\src\main\java\techskill\demo\DTO\nameDTO.java. Using fallback presentation compiler.
2026.03.26 18:05:51 INFO  no build target found for C:\Users\david\techskill\demo\src\main\java\techskill\demo\DTO\nameDTO.java. Using fallback presentation compiler.
2026.03.26 18:05:51 INFO  no build target found for C:\Users\david\techskill\demo\src\main\java\techskill\demo\DTO\nameDTO.java. Using fallback presentation compiler.
2026.03.26 18:05:51 INFO  no build target found for C:\Users\david\techskill\demo\src\main\java\techskill\demo\DTO\nameDTO.java. Using fallback presentation compiler.
2026.03.26 18:05:51 INFO  no build target found for C:\Users\david\techskill\demo\src\main\java\techskill\demo\DTO\nameDTO.java. Using fallback presentation compiler.
2026.03.26 18:05:51 INFO  no build target found for C:\Users\david\techskill\demo\src\main\java\techskill\demo\DTO\nameDTO.java. Using fallback presentation compiler.
2026.03.26 18:05:52 INFO  no build target found for C:\Users\david\techskill\demo\src\main\java\techskill\demo\DTO\nameDTO.java. Using fallback presentation compiler.
2026.03.26 18:05:51 INFO  no build target found for C:\Users\david\techskill\demo\src\main\java\techskill\demo\DTO\nameDTO.java. Using fallback presentation compiler.
2026.03.26 18:05:52 INFO  no build target found for C:\Users\david\techskill\demo\src\main\java\techskill\demo\DTO\nameDTO.java. Using fallback presentation compiler.
2026.03.26 18:05:52 INFO  no build target found for C:\Users\david\techskill\demo\src\main\java\techskill\demo\DTO\nameDTO.java. Using fallback presentation compiler.
2026.03.26 18:05:53 INFO  no build target found for C:\Users\david\techskill\demo\src\main\java\techskill\demo\DTO\nameDTO.java. Using fallback presentation compiler.
2026.03.26 18:05:52 INFO  no build target found for C:\Users\david\techskill\demo\src\main\java\techskill\demo\DTO\nameDTO.java. Using fallback presentation compiler.
2026.03.26 18:05:53 INFO  no build target found for C:\Users\david\techskill\demo\src\main\java\techskill\demo\DTO\nameDTO.java. Using fallback presentation compiler.
2026.03.26 18:05:54 INFO  no build target found for C:\Users\david\techskill\demo\src\main\java\techskill\demo\DTO\nameDTO.java. Using fallback presentation compiler.
2026.03.26 18:05:54 INFO  no build target found for C:\Users\david\techskill\demo\src\main\java\techskill\demo\DTO\nameDTO.java. Using fallback presentation compiler.
2026.03.26 18:05:54 INFO  no build target found for C:\Users\david\techskill\demo\src\main\java\techskill\demo\DTO\nameDTO.java. Using fallback presentation compiler.
2026.03.26 18:05:54 INFO  no build target found for C:\Users\david\techskill\demo\src\main\java\techskill\demo\DTO\nameDTO.java. Using fallback presentation compiler.
2026.03.26 18:05:54 INFO  no build target found for C:\Users\david\techskill\demo\src\main\java\techskill\demo\DTO\nameDTO.java. Using fallback presentation compiler.
2026.03.26 18:05:54 INFO  no build target found for C:\Users\david\techskill\demo\src\main\java\techskill\demo\DTO\nameDTO.java. Using fallback presentation compiler.
2026.03.26 18:05:54 INFO  no build target found for C:\Users\david\techskill\demo\src\main\java\techskill\demo\DTO\nameDTO.java. Using fallback presentation compiler.
2026.03.26 18:05:55 INFO  no build target found for C:\Users\david\techskill\demo\src\main\java\techskill\demo\DTO\nameDTO.java. Using fallback presentation compiler.
2026.03.26 18:05:54 INFO  no build target found for C:\Users\david\techskill\demo\src\main\java\techskill\demo\DTO\nameDTO.java. Using fallback presentation compiler.
2026.03.26 18:05:54 INFO  no build target found for C:\Users\david\techskill\demo\src\main\java\techskill\demo\DTO\nameDTO.java. Using fallback presentation compiler.
2026.03.26 18:05:54 INFO  no build target found for C:\Users\david\techskill\demo\src\main\java\techskill\demo\DTO\nameDTO.java. Using fallback presentation compiler.
2026.03.26 18:05:55 INFO  no build target found for C:\Users\david\techskill\demo\src\main\java\techskill\demo\DTO\nameDTO.java. Using fallback presentation compiler.
2026.03.26 18:05:55 INFO  no build target found for C:\Users\david\techskill\demo\src\main\java\techskill\demo\DTO\nameDTO.java. Using fallback presentation compiler.
2026.03.26 18:05:55 INFO  no build target found for C:\Users\david\techskill\demo\src\main\java\techskill\demo\DTO\nameDTO.java. Using fallback presentation compiler.
2026.03.26 18:05:55 INFO  no build target found for C:\Users\david\techskill\demo\src\main\java\techskill\demo\DTO\nameDTO.java. Using fallback presentation compiler.
2026.03.26 18:05:55 INFO  no build target found for C:\Users\david\techskill\demo\src\main\java\techskill\demo\DTO\nameDTO.java. Using fallback presentation compiler.
2026.03.26 18:05:55 INFO  no build target found for C:\Users\david\techskill\demo\src\main\java\techskill\demo\DTO\nameDTO.java. Using fallback presentation compiler.
2026.03.26 18:05:55 INFO  no build target found for C:\Users\david\techskill\demo\src\main\java\techskill\demo\DTO\nameDTO.java. Using fallback presentation compiler.
2026.03.26 18:05:55 INFO  no build target found for C:\Users\david\techskill\demo\src\main\java\techskill\demo\DTO\nameDTO.java. Using fallback presentation compiler.
2026.03.26 18:05:55 INFO  no build target found for C:\Users\david\techskill\demo\src\main\java\techskill\demo\DTO\nameDTO.java. Using fallback presentation compiler.
2026.03.26 18:05:55 INFO  no build target found for C:\Users\david\techskill\demo\src\main\java\techskill\demo\DTO\nameDTO.java. Using fallback presentation compiler.
2026.03.26 18:05:56 INFO  no build target found for C:\Users\david\techskill\demo\src\main\java\techskill\demo\DTO\nameDTO.java. Using fallback presentation compiler.
2026.03.26 18:05:57 INFO  no build target found for C:\Users\david\techskill\demo\src\main\java\techskill\demo\DTO\nameDTO.java. Using fallback presentation compiler.
2026.03.26 18:05:56 INFO  no build target found for C:\Users\david\techskill\demo\src\main\java\techskill\demo\DTO\nameDTO.java. Using fallback presentation compiler.
2026.03.26 18:05:58 INFO  no build target found for C:\Users\david\techskill\demo\src\main\java\techskill\demo\DTO\nameDTO.java. Using fallback presentation compiler.
2026.03.26 18:05:59 INFO  no build target found for C:\Users\david\techskill\demo\src\main\java\techskill\demo\DTO\nameDTO.java. Using fallback presentation compiler.
2026.03.26 18:05:59 INFO  no build target found for C:\Users\david\techskill\demo\src\main\java\techskill\demo\DTO\nameDTO.java. Using fallback presentation compiler.
2026.03.26 18:05:59 INFO  no build target found for C:\Users\david\techskill\demo\src\main\java\techskill\demo\DTO\nameDTO.java. Using fallback presentation compiler.
2026.03.26 18:05:59 INFO  no build target found for C:\Users\david\techskill\demo\src\main\java\techskill\demo\DTO\nameDTO.java. Using fallback presentation compiler.
2026.03.26 18:05:59 INFO  no build target found for C:\Users\david\techskill\demo\src\main\java\techskill\demo\DTO\nameDTO.java. Using fallback presentation compiler.
2026.03.26 18:05:59 INFO  no build target found for C:\Users\david\techskill\demo\src\main\java\techskill\demo\DTO\nameDTO.java. Using fallback presentation compiler.
2026.03.26 18:06:00 INFO  no build target found for C:\Users\david\techskill\demo\src\main\java\techskill\demo\DTO\nameDTO.java. Using fallback presentation compiler.
2026.03.26 18:05:59 INFO  no build target found for C:\Users\david\techskill\demo\src\main\java\techskill\demo\DTO\nameDTO.java. Using fallback presentation compiler.
2026.03.26 18:05:59 INFO  no build target found for C:\Users\david\techskill\demo\src\main\java\techskill\demo\DTO\nameDTO.java. Using fallback presentation compiler.
2026.03.26 18:06:00 INFO  no build target found for C:\Users\david\techskill\demo\src\main\java\techskill\demo\DTO\nameDTO.java. Using fallback presentation compiler.
2026.03.26 18:06:00 INFO  no build target found for C:\Users\david\techskill\demo\src\main\java\techskill\demo\DTO\nameDTO.java. Using fallback presentation compiler.
2026.03.26 18:06:00 INFO  no build target found for C:\Users\david\techskill\demo\src\main\java\techskill\demo\DTO\nameDTO.java. Using fallback presentation compiler.
2026.03.26 18:06:00 INFO  no build target found for C:\Users\david\techskill\demo\src\main\java\techskill\demo\DTO\nameDTO.java. Using fallback presentation compiler.
2026.03.26 18:06:01 INFO  no build target found for C:\Users\david\techskill\demo\src\main\java\techskill\demo\DTO\nameDTO.java. Using fallback presentation compiler.
2026.03.26 18:06:00 INFO  no build target found for C:\Users\david\techskill\demo\src\main\java\techskill\demo\DTO\nameDTO.java. Using fallback presentation compiler.
2026.03.26 18:06:00 INFO  no build target found for C:\Users\david\techskill\demo\src\main\java\techskill\demo\DTO\nameDTO.java. Using fallback presentation compiler.
2026.03.26 18:06:01 INFO  no build target found for C:\Users\david\techskill\demo\src\main\java\techskill\demo\DTO\nameDTO.java. Using fallback presentation compiler.
2026.03.26 18:06:00 INFO  no build target found for C:\Users\david\techskill\demo\src\main\java\techskill\demo\DTO\nameDTO.java. Using fallback presentation compiler.
2026.03.26 18:06:01 INFO  no build target found for C:\Users\david\techskill\demo\src\main\java\techskill\demo\DTO\nameDTO.java. Using fallback presentation compiler.
2026.03.26 18:06:01 INFO  no build target found for C:\Users\david\techskill\demo\src\main\java\techskill\demo\DTO\nameDTO.java. Using fallback presentation compiler.
2026.03.26 18:06:01 INFO  no build target found for C:\Users\david\techskill\demo\src\main\java\techskill\demo\DTO\nameDTO.java. Using fallback presentation compiler.
2026.03.26 18:06:01 INFO  no build target found for C:\Users\david\techskill\demo\src\main\java\techskill\demo\DTO\nameDTO.java. Using fallback presentation compiler.
2026.03.26 18:06:01 INFO  no build target found for C:\Users\david\techskill\demo\src\main\java\techskill\demo\DTO\nameDTO.java. Using fallback presentation compiler.
2026.03.26 18:06:01 INFO  no build target found for C:\Users\david\techskill\demo\src\main\java\techskill\demo\DTO\nameDTO.java. Using fallback presentation compiler.
2026.03.26 18:06:02 INFO  no build target found for C:\Users\david\techskill\demo\src\main\java\techskill\demo\DTO\nameDTO.java. Using fallback presentation compiler.
2026.03.26 18:06:04 INFO  no build target found for C:\Users\david\techskill\demo\src\main\java\techskill\demo\DTO\nameDTO.java. Using fallback presentation compiler.
2026.03.26 18:06:04 INFO  no build target found for C:\Users\david\techskill\demo\src\main\java\techskill\demo\DTO\nameDTO.java. Using fallback presentation compiler.
2026.03.26 18:06:04 INFO  no build target found for C:\Users\david\techskill\demo\src\main\java\techskill\demo\DTO\nameDTO.java. Using fallback presentation compiler.
2026.03.26 18:06:04 INFO  no build target found for C:\Users\david\techskill\demo\src\main\java\techskill\demo\DTO\nameDTO.java. Using fallback presentation compiler.
2026.03.26 18:06:04 INFO  no build target found for C:\Users\david\techskill\demo\src\main\java\techskill\demo\DTO\nameDTO.java. Using fallback presentation compiler.
2026.03.26 18:06:04 INFO  no build target found for C:\Users\david\techskill\demo\src\main\java\techskill\demo\DTO\nameDTO.java. Using fallback presentation compiler.
2026.03.26 18:06:04 INFO  no build target found for C:\Users\david\techskill\demo\src\main\java\techskill\demo\DTO\nameDTO.java. Using fallback presentation compiler.
2026.03.26 18:06:04 INFO  no build target found for C:\Users\david\techskill\demo\src\main\java\techskill\demo\DTO\nameDTO.java. Using fallback presentation compiler.
2026.03.26 18:06:04 INFO  no build target found for C:\Users\david\techskill\demo\src\main\java\techskill\demo\DTO\nameDTO.java. Using fallback presentation compiler.
2026.03.26 18:06:04 INFO  no build target found for C:\Users\david\techskill\demo\src\main\java\techskill\demo\DTO\nameDTO.java. Using fallback presentation compiler.
2026.03.26 18:06:04 INFO  no build target found for C:\Users\david\techskill\demo\src\main\java\techskill\demo\DTO\nameDTO.java. Using fallback presentation compiler.
2026.03.26 18:06:04 INFO  no build target found for C:\Users\david\techskill\demo\src\main\java\techskill\demo\DTO\nameDTO.java. Using fallback presentation compiler.
2026.03.26 18:06:05 INFO  no build target found for C:\Users\david\techskill\demo\src\main\java\techskill\demo\DTO\nameDTO.java. Using fallback presentation compiler.
2026.03.26 18:06:05 INFO  no build target found for C:\Users\david\techskill\demo\src\main\java\techskill\demo\DTO\nameDTO.java. Using fallback presentation compiler.
2026.03.26 18:06:05 INFO  no build target found for C:\Users\david\techskill\demo\src\main\java\techskill\demo\DTO\nameDTO.java. Using fallback presentation compiler.
2026.03.26 18:06:06 INFO  no build target found for C:\Users\david\techskill\demo\src\main\java\techskill\demo\DTO\nameDTO.java. Using fallback presentation compiler.
2026.03.26 18:06:06 INFO  no build target found for C:\Users\david\techskill\demo\src\main\java\techskill\demo\DTO\nameDTO.java. Using fallback presentation compiler.
2026.03.26 18:06:06 INFO  no build target found for C:\Users\david\techskill\demo\src\main\java\techskill\demo\DTO\nameDTO.java. Using fallback presentation compiler.
2026.03.26 18:06:06 INFO  no build target found for C:\Users\david\techskill\demo\src\main\java\techskill\demo\DTO\nameDTO.java. Using fallback presentation compiler.
2026.03.26 18:06:07 INFO  no build target found for C:\Users\david\techskill\demo\src\main\java\techskill\demo\DTO\nameDTO.java. Using fallback presentation compiler.
2026.03.26 18:06:06 INFO  no build target found for C:\Users\david\techskill\demo\src\main\java\techskill\demo\DTO\nameDTO.java. Using fallback presentation compiler.
2026.03.26 18:06:06 INFO  no build target found for C:\Users\david\techskill\demo\src\main\java\techskill\demo\DTO\nameDTO.java. Using fallback presentation compiler.
2026.03.26 18:06:06 INFO  no build target found for C:\Users\david\techskill\demo\src\main\java\techskill\demo\DTO\nameDTO.java. Using fallback presentation compiler.
2026.03.26 18:06:07 INFO  no build target found for C:\Users\david\techskill\demo\src\main\java\techskill\demo\DTO\nameDTO.java. Using fallback presentation compiler.
2026.03.26 18:06:07 INFO  no build target found for C:\Users\david\techskill\demo\src\main\java\techskill\demo\DTO\nameDTO.java. Using fallback presentation compiler.
2026.03.26 18:06:08 INFO  no build target found for C:\Users\david\techskill\demo\src\main\java\techskill\demo\DTO\nameDTO.java. Using fallback presentation compiler.
2026.03.26 18:06:07 INFO  no build target found for C:\Users\david\techskill\demo\src\main\java\techskill\demo\DTO\nameDTO.java. Using fallback presentation compiler.
2026.03.26 18:06:07 INFO  no build target found for C:\Users\david\techskill\demo\src\main\java\techskill\demo\DTO\nameDTO.java. Using fallback presentation compiler.
2026.03.26 18:06:07 INFO  no build target found for C:\Users\david\techskill\demo\src\main\java\techskill\demo\DTO\nameDTO.java. Using fallback presentation compiler.
2026.03.26 18:06:08 INFO  no build target found for C:\Users\david\techskill\demo\src\main\java\techskill\demo\DTO\nameDTO.java. Using fallback presentation compiler.
2026.03.26 18:06:07 INFO  no build target found for C:\Users\david\techskill\demo\src\main\java\techskill\demo\DTO\nameDTO.java. Using fallback presentation compiler.
2026.03.26 18:06:09 INFO  no build target found for C:\Users\david\techskill\demo\src\main\java\techskill\demo\DTO\nameDTO.java. Using fallback presentation compiler.
2026.03.26 18:06:09 INFO  no build target found for C:\Users\david\techskill\demo\src\main\java\techskill\demo\DTO\nameDTO.java. Using fallback presentation compiler.
2026.03.26 18:06:09 INFO  no build target found for C:\Users\david\techskill\demo\src\main\java\techskill\demo\DTO\nameDTO.java. Using fallback presentation compiler.
2026.03.26 18:06:09 INFO  no build target found for C:\Users\david\techskill\demo\src\main\java\techskill\demo\DTO\nameDTO.java. Using fallback presentation compiler.
2026.03.26 18:06:09 INFO  no build target found for C:\Users\david\techskill\demo\src\main\java\techskill\demo\DTO\nameDTO.java. Using fallback presentation compiler.
2026.03.26 18:06:09 INFO  no build target found for C:\Users\david\techskill\demo\src\main\java\techskill\demo\DTO\nameDTO.java. Using fallback presentation compiler.
2026.03.26 18:06:09 INFO  no build target found for C:\Users\david\techskill\demo\src\main\java\techskill\demo\DTO\nameDTO.java. Using fallback presentation compiler.
2026.03.26 18:06:09 INFO  no build target found for C:\Users\david\techskill\demo\src\main\java\techskill\demo\DTO\nameDTO.java. Using fallback presentation compiler.
2026.03.26 18:06:09 INFO  no build target found for C:\Users\david\techskill\demo\src\main\java\techskill\demo\DTO\nameDTO.java. Using fallback presentation compiler.
2026.03.26 18:06:09 INFO  no build target found for C:\Users\david\techskill\demo\src\main\java\techskill\demo\DTO\nameDTO.java. Using fallback presentation compiler.
2026.03.26 18:06:09 INFO  no build target found for C:\Users\david\techskill\demo\src\main\java\techskill\demo\DTO\nameDTO.java. Using fallback presentation compiler.
2026.03.26 18:06:09 INFO  no build target found for C:\Users\david\techskill\demo\src\main\java\techskill\demo\DTO\nameDTO.java. Using fallback presentation compiler.
2026.03.26 18:06:10 INFO  no build target found for C:\Users\david\techskill\demo\src\main\java\techskill\demo\DTO\nameDTO.java. Using fallback presentation compiler.
2026.03.26 18:06:10 INFO  no build target found for C:\Users\david\techskill\demo\src\main\java\techskill\demo\DTO\nameDTO.java. Using fallback presentation compiler.
2026.03.26 18:06:10 INFO  no build target found for C:\Users\david\techskill\demo\src\main\java\techskill\demo\DTO\nameDTO.java. Using fallback presentation compiler.
2026.03.26 18:06:10 INFO  no build target found for C:\Users\david\techskill\demo\src\main\java\techskill\demo\DTO\nameDTO.java. Using fallback presentation compiler.
2026.03.26 18:06:10 INFO  no build target found for C:\Users\david\techskill\demo\src\main\java\techskill\demo\DTO\nameDTO.java. Using fallback presentation compiler.
2026.03.26 18:06:11 WARN  no build target for: C:\Users\david\techskill\demo\src\main\java\techskill\demo\DTO\nameDTO.java
2026.03.26 18:06:11 INFO  no build target found for C:\Users\david\techskill\demo\src\main\java\techskill\demo\DTO\nameDTO.java. Using fallback presentation compiler.
2026.03.26 18:06:12 WARN  no build target for: C:\Users\david\techskill\demo\src\main\java\techskill\demo\Controller\userController.java
2026.03.26 18:06:12 INFO  no build target found for C:\Users\david\techskill\demo\src\main\java\techskill\demo\Controller\userController.java. Using fallback presentation compiler.
2026.03.26 18:06:20 WARN  no build target for: C:\Users\david\techskill\demo\src\main\java\techskill\demo\DTO\nameDTO.java
2026.03.26 18:06:21 INFO  no build target found for C:\Users\david\techskill\demo\src\main\java\techskill\demo\DTO\nameDTO.java. Using fallback presentation compiler.
2026.03.26 18:06:21 INFO  no build target found for C:\Users\david\techskill\demo\src\main\java\techskill\demo\DTO\nameDTO.java. Using fallback presentation compiler.
2026.03.26 18:06:21 INFO  no build target found for C:\Users\david\techskill\demo\src\main\java\techskill\demo\DTO\nameDTO.java. Using fallback presentation compiler.
2026.03.26 18:06:23 INFO  no build target found for C:\Users\david\techskill\demo\src\main\java\techskill\demo\DTO\nameDTO.java. Using fallback presentation compiler.
2026.03.26 18:06:23 INFO  no build target found for C:\Users\david\techskill\demo\src\main\java\techskill\demo\DTO\nameDTO.java. Using fallback presentation compiler.
2026.03.26 18:06:23 INFO  no build target found for C:\Users\david\techskill\demo\src\main\java\techskill\demo\DTO\nameDTO.java. Using fallback presentation compiler.
2026.03.26 18:06:23 INFO  no build target found for C:\Users\david\techskill\demo\src\main\java\techskill\demo\DTO\nameDTO.java. Using fallback presentation compiler.
2026.03.26 18:06:23 INFO  no build target found for C:\Users\david\techskill\demo\src\main\java\techskill\demo\DTO\nameDTO.java. Using fallback presentation compiler.
2026.03.26 18:06:23 INFO  no build target found for C:\Users\david\techskill\demo\src\main\java\techskill\demo\DTO\nameDTO.java. Using fallback presentation compiler.
2026.03.26 18:06:23 INFO  no build target found for C:\Users\david\techskill\demo\src\main\java\techskill\demo\DTO\nameDTO.java. Using fallback presentation compiler.
2026.03.26 18:06:23 INFO  no build target found for C:\Users\david\techskill\demo\src\main\java\techskill\demo\DTO\nameDTO.java. Using fallback presentation compiler.
2026.03.26 18:06:23 INFO  no build target found for C:\Users\david\techskill\demo\src\main\java\techskill\demo\DTO\nameDTO.java. Using fallback presentation compiler.
2026.03.26 18:06:24 INFO  no build target found for C:\Users\david\techskill\demo\src\main\java\techskill\demo\DTO\nameDTO.java. Using fallback presentation compiler.
2026.03.26 18:06:26 INFO  no build target found for C:\Users\david\techskill\demo\src\main\java\techskill\demo\DTO\nameDTO.java. Using fallback presentation compiler.
2026.03.26 18:06:26 INFO  no build target found for C:\Users\david\techskill\demo\src\main\java\techskill\demo\DTO\nameDTO.java. Using fallback presentation compiler.
2026.03.26 18:06:26 INFO  no build target found for C:\Users\david\techskill\demo\src\main\java\techskill\demo\DTO\nameDTO.java. Using fallback presentation compiler.
2026.03.26 18:06:26 INFO  no build target found for C:\Users\david\techskill\demo\src\main\java\techskill\demo\DTO\nameDTO.java. Using fallback presentation compiler.
2026.03.26 18:06:26 INFO  no build target found for C:\Users\david\techskill\demo\src\main\java\techskill\demo\DTO\nameDTO.java. Using fallback presentation compiler.
2026.03.26 18:06:26 INFO  no build target found for C:\Users\david\techskill\demo\src\main\java\techskill\demo\DTO\nameDTO.java. Using fallback presentation compiler.
2026.03.26 18:06:27 INFO  no build target found for C:\Users\david\techskill\demo\src\main\java\techskill\demo\DTO\nameDTO.java. Using fallback presentation compiler.
2026.03.26 18:06:27 INFO  no build target found for C:\Users\david\techskill\demo\src\main\java\techskill\demo\DTO\nameDTO.java. Using fallback presentation compiler.
2026.03.26 18:06:27 INFO  no build target found for C:\Users\david\techskill\demo\src\main\java\techskill\demo\DTO\nameDTO.java. Using fallback presentation compiler.
2026.03.26 18:06:27 INFO  no build target found for C:\Users\david\techskill\demo\src\main\java\techskill\demo\DTO\nameDTO.java. Using fallback presentation compiler.
2026.03.26 18:06:27 INFO  no build target found for C:\Users\david\techskill\demo\src\main\java\techskill\demo\DTO\nameDTO.java. Using fallback presentation compiler.
2026.03.26 18:06:27 INFO  no build target found for C:\Users\david\techskill\demo\src\main\java\techskill\demo\DTO\nameDTO.java. Using fallback presentation compiler.
2026.03.26 18:06:27 INFO  no build target found for C:\Users\david\techskill\demo\src\main\java\techskill\demo\DTO\nameDTO.java. Using fallback presentation compiler.
2026.03.26 18:06:27 INFO  no build target found for C:\Users\david\techskill\demo\src\main\java\techskill\demo\DTO\nameDTO.java. Using fallback presentation compiler.
2026.03.26 18:06:28 WARN  no build target for: C:\Users\david\techskill\demo\src\main\java\techskill\demo\DTO\nameDTO.java
2026.03.26 18:06:28 INFO  no build target found for C:\Users\david\techskill\demo\src\main\java\techskill\demo\DTO\nameDTO.java. Using fallback presentation compiler.
2026.03.26 18:06:29 WARN  no build target for: C:\Users\david\techskill\demo\src\main\java\techskill\demo\Controller\userController.java
2026.03.26 18:06:29 INFO  no build target found for C:\Users\david\techskill\demo\src\main\java\techskill\demo\Controller\userController.java. Using fallback presentation compiler.
2026.03.26 18:06:40 INFO  no build target found for C:\Users\david\techskill\demo\src\main\java\techskill\demo\Controller\userController.java. Using fallback presentation compiler.
2026.03.26 18:06:40 INFO  no build target found for C:\Users\david\techskill\demo\src\main\java\techskill\demo\Controller\userController.java. Using fallback presentation compiler.
2026.03.26 18:06:40 INFO  no build target found for C:\Users\david\techskill\demo\src\main\java\techskill\demo\Controller\userController.java. Using fallback presentation compiler.
2026.03.26 18:06:40 INFO  no build target found for C:\Users\david\techskill\demo\src\main\java\techskill\demo\Controller\userController.java. Using fallback presentation compiler.
2026.03.26 18:06:41 INFO  no build target found for C:\Users\david\techskill\demo\src\main\java\techskill\demo\Controller\userController.java. Using fallback presentation compiler.
2026.03.26 18:06:41 INFO  no build target found for C:\Users\david\techskill\demo\src\main\java\techskill\demo\Controller\userController.java. Using fallback presentation compiler.
2026.03.26 18:06:41 INFO  no build target found for C:\Users\david\techskill\demo\src\main\java\techskill\demo\Controller\userController.java. Using fallback presentation compiler.
2026.03.26 18:06:41 INFO  no build target found for C:\Users\david\techskill\demo\src\main\java\techskill\demo\Controller\userController.java. Using fallback presentation compiler.
2026.03.26 18:06:41 INFO  no build target found for C:\Users\david\techskill\demo\src\main\java\techskill\demo\Controller\userController.java. Using fallback presentation compiler.
2026.03.26 18:06:41 INFO  no build target found for C:\Users\david\techskill\demo\src\main\java\techskill\demo\Controller\userController.java. Using fallback presentation compiler.
2026.03.26 18:06:42 INFO  no build target found for C:\Users\david\techskill\demo\src\main\java\techskill\demo\Controller\userController.java. Using fallback presentation compiler.
2026.03.26 18:06:42 INFO  no build target found for C:\Users\david\techskill\demo\src\main\java\techskill\demo\Controller\userController.java. Using fallback presentation compiler.
2026.03.26 18:06:41 INFO  no build target found for C:\Users\david\techskill\demo\src\main\java\techskill\demo\Controller\userController.java. Using fallback presentation compiler.
2026.03.26 18:06:42 INFO  no build target found for C:\Users\david\techskill\demo\src\main\java\techskill\demo\Controller\userController.java. Using fallback presentation compiler.
2026.03.26 18:06:42 INFO  no build target found for C:\Users\david\techskill\demo\src\main\java\techskill\demo\Controller\userController.java. Using fallback presentation compiler.
2026.03.26 18:06:42 INFO  no build target found for C:\Users\david\techskill\demo\src\main\java\techskill\demo\Controller\userController.java. Using fallback presentation compiler.
2026.03.26 18:06:42 INFO  no build target found for C:\Users\david\techskill\demo\src\main\java\techskill\demo\Controller\userController.java. Using fallback presentation compiler.
2026.03.26 18:06:42 INFO  no build target found for C:\Users\david\techskill\demo\src\main\java\techskill\demo\Controller\userController.java. Using fallback presentation compiler.
2026.03.26 18:06:43 INFO  no build target found for C:\Users\david\techskill\demo\src\main\java\techskill\demo\Controller\userController.java. Using fallback presentation compiler.
2026.03.26 18:06:44 INFO  no build target found for C:\Users\david\techskill\demo\src\main\java\techskill\demo\Controller\userController.java. Using fallback presentation compiler.
2026.03.26 18:06:45 INFO  no build target found for C:\Users\david\techskill\demo\src\main\java\techskill\demo\Controller\userController.java. Using fallback presentation compiler.
2026.03.26 18:06:45 INFO  no build target found for C:\Users\david\techskill\demo\src\main\java\techskill\demo\Controller\userController.java. Using fallback presentation compiler.
2026.03.26 18:06:48 INFO  no build target found for C:\Users\david\techskill\demo\src\main\java\techskill\demo\Controller\userController.java. Using fallback presentation compiler.
2026.03.26 18:06:48 INFO  no build target found for C:\Users\david\techskill\demo\src\main\java\techskill\demo\Controller\userController.java. Using fallback presentation compiler.
2026.03.26 18:06:55 INFO  no build target found for C:\Users\david\techskill\demo\src\main\java\techskill\demo\Controller\userController.java. Using fallback presentation compiler.
2026.03.26 18:06:55 INFO  no build target found for C:\Users\david\techskill\demo\src\main\java\techskill\demo\Controller\userController.java. Using fallback presentation compiler.
2026.03.26 18:06:55 INFO  no build target found for C:\Users\david\techskill\demo\src\main\java\techskill\demo\Controller\userController.java. Using fallback presentation compiler.
2026.03.26 18:06:55 INFO  no build target found for C:\Users\david\techskill\demo\src\main\java\techskill\demo\Controller\userController.java. Using fallback presentation compiler.
2026.03.26 18:06:57 INFO  no build target found for C:\Users\david\techskill\demo\src\main\java\techskill\demo\Controller\userController.java. Using fallback presentation compiler.
2026.03.26 18:06:57 INFO  no build target found for C:\Users\david\techskill\demo\src\main\java\techskill\demo\Controller\userController.java. Using fallback presentation compiler.
2026.03.26 18:06:59 INFO  no build target found for C:\Users\david\techskill\demo\src\main\java\techskill\demo\Controller\userController.java. Using fallback presentation compiler.
2026.03.26 18:06:59 INFO  no build target found for C:\Users\david\techskill\demo\src\main\java\techskill\demo\Controller\userController.java. Using fallback presentation compiler.
2026.03.26 18:06:59 INFO  no build target found for C:\Users\david\techskill\demo\src\main\java\techskill\demo\Controller\userController.java. Using fallback presentation compiler.
2026.03.26 18:07:00 INFO  no build target found for C:\Users\david\techskill\demo\src\main\java\techskill\demo\Controller\userController.java. Using fallback presentation compiler.
2026.03.26 18:06:59 INFO  no build target found for C:\Users\david\techskill\demo\src\main\java\techskill\demo\Controller\userController.java. Using fallback presentation compiler.
2026.03.26 18:07:00 INFO  no build target found for C:\Users\david\techskill\demo\src\main\java\techskill\demo\Controller\userController.java. Using fallback presentation compiler.
2026.03.26 18:06:59 INFO  no build target found for C:\Users\david\techskill\demo\src\main\java\techskill\demo\Controller\userController.java. Using fallback presentation compiler.
2026.03.26 18:07:00 INFO  no build target found for C:\Users\david\techskill\demo\src\main\java\techskill\demo\Controller\userController.java. Using fallback presentation compiler.
2026.03.26 18:07:01 INFO  no build target found for C:\Users\david\techskill\demo\src\main\java\techskill\demo\Controller\userController.java. Using fallback presentation compiler.
2026.03.26 18:07:01 INFO  no build target found for C:\Users\david\techskill\demo\src\main\java\techskill\demo\Controller\userController.java. Using fallback presentation compiler.
2026.03.26 18:07:01 INFO  no build target found for C:\Users\david\techskill\demo\src\main\java\techskill\demo\Controller\userController.java. Using fallback presentation compiler.
2026.03.26 18:07:01 INFO  no build target found for C:\Users\david\techskill\demo\src\main\java\techskill\demo\Controller\userController.java. Using fallback presentation compiler.
2026.03.26 18:07:01 INFO  no build target found for C:\Users\david\techskill\demo\src\main\java\techskill\demo\Controller\userController.java. Using fallback presentation compiler.
2026.03.26 18:07:01 INFO  no build target found for C:\Users\david\techskill\demo\src\main\java\techskill\demo\Controller\userController.java. Using fallback presentation compiler.
2026.03.26 18:07:01 INFO  no build target found for C:\Users\david\techskill\demo\src\main\java\techskill\demo\Controller\userController.java. Using fallback presentation compiler.
2026.03.26 18:07:02 INFO  no build target found for C:\Users\david\techskill\demo\src\main\java\techskill\demo\Controller\userController.java. Using fallback presentation compiler.
2026.03.26 18:07:01 INFO  no build target found for C:\Users\david\techskill\demo\src\main\java\techskill\demo\Controller\userController.java. Using fallback presentation compiler.
2026.03.26 18:07:02 INFO  no build target found for C:\Users\david\techskill\demo\src\main\java\techskill\demo\Controller\userController.java. Using fallback presentation compiler.
2026.03.26 18:07:02 INFO  no build target found for C:\Users\david\techskill\demo\src\main\java\techskill\demo\Controller\userController.java. Using fallback presentation compiler.
2026.03.26 18:07:01 INFO  no build target found for C:\Users\david\techskill\demo\src\main\java\techskill\demo\Controller\userController.java. Using fallback presentation compiler.
2026.03.26 18:07:02 INFO  no build target found for C:\Users\david\techskill\demo\src\main\java\techskill\demo\Controller\userController.java. Using fallback presentation compiler.
2026.03.26 18:07:02 INFO  no build target found for C:\Users\david\techskill\demo\src\main\java\techskill\demo\Controller\userController.java. Using fallback presentation compiler.
2026.03.26 18:07:02 INFO  no build target found for C:\Users\david\techskill\demo\src\main\java\techskill\demo\Controller\userController.java. Using fallback presentation compiler.
2026.03.26 18:07:02 INFO  no build target found for C:\Users\david\techskill\demo\src\main\java\techskill\demo\Controller\userController.java. Using fallback presentation compiler.
2026.03.26 18:07:03 INFO  no build target found for C:\Users\david\techskill\demo\src\main\java\techskill\demo\Controller\userController.java. Using fallback presentation compiler.
2026.03.26 18:07:04 INFO  no build target found for C:\Users\david\techskill\demo\src\main\java\techskill\demo\Controller\userController.java. Using fallback presentation compiler.
2026.03.26 18:07:04 INFO  no build target found for C:\Users\david\techskill\demo\src\main\java\techskill\demo\Controller\userController.java. Using fallback presentation compiler.
2026.03.26 18:07:04 INFO  no build target found for C:\Users\david\techskill\demo\src\main\java\techskill\demo\Controller\userController.java. Using fallback presentation compiler.
2026.03.26 18:07:05 INFO  no build target found for C:\Users\david\techskill\demo\src\main\java\techskill\demo\Controller\userController.java. Using fallback presentation compiler.
2026.03.26 18:07:05 INFO  no build target found for C:\Users\david\techskill\demo\src\main\java\techskill\demo\Controller\userController.java. Using fallback presentation compiler.
2026.03.26 18:07:05 INFO  no build target found for C:\Users\david\techskill\demo\src\main\java\techskill\demo\Controller\userController.java. Using fallback presentation compiler.
2026.03.26 18:07:05 INFO  no build target found for C:\Users\david\techskill\demo\src\main\java\techskill\demo\Controller\userController.java. Using fallback presentation compiler.
2026.03.26 18:07:05 INFO  no build target found for C:\Users\david\techskill\demo\src\main\java\techskill\demo\Controller\userController.java. Using fallback presentation compiler.
2026.03.26 18:07:05 INFO  no build target found for C:\Users\david\techskill\demo\src\main\java\techskill\demo\Controller\userController.java. Using fallback presentation compiler.
2026.03.26 18:07:05 INFO  no build target found for C:\Users\david\techskill\demo\src\main\java\techskill\demo\Controller\userController.java. Using fallback presentation compiler.
2026.03.26 18:07:05 INFO  no build target found for C:\Users\david\techskill\demo\src\main\java\techskill\demo\Controller\userController.java. Using fallback presentation compiler.
2026.03.26 18:07:05 INFO  no build target found for C:\Users\david\techskill\demo\src\main\java\techskill\demo\Controller\userController.java. Using fallback presentation compiler.
2026.03.26 18:07:05 INFO  no build target found for C:\Users\david\techskill\demo\src\main\java\techskill\demo\Controller\userController.java. Using fallback presentation compiler.
2026.03.26 18:07:06 INFO  no build target found for C:\Users\david\techskill\demo\src\main\java\techskill\demo\Controller\userController.java. Using fallback presentation compiler.
2026.03.26 18:07:05 INFO  no build target found for C:\Users\david\techskill\demo\src\main\java\techskill\demo\Controller\userController.java. Using fallback presentation compiler.
2026.03.26 18:07:06 INFO  no build target found for C:\Users\david\techskill\demo\src\main\java\techskill\demo\Controller\userController.java. Using fallback presentation compiler.
2026.03.26 18:07:06 INFO  no build target found for C:\Users\david\techskill\demo\src\main\java\techskill\demo\Controller\userController.java. Using fallback presentation compiler.
2026.03.26 18:07:06 INFO  no build target found for C:\Users\david\techskill\demo\src\main\java\techskill\demo\Controller\userController.java. Using fallback presentation compiler.
2026.03.26 18:07:06 INFO  no build target found for C:\Users\david\techskill\demo\src\main\java\techskill\demo\Controller\userController.java. Using fallback presentation compiler.
2026.03.26 18:07:07 INFO  no build target found for C:\Users\david\techskill\demo\src\main\java\techskill\demo\Controller\userController.java. Using fallback presentation compiler.
2026.03.26 18:07:08 INFO  no build target found for C:\Users\david\techskill\demo\src\main\java\techskill\demo\Controller\userController.java. Using fallback presentation compiler.
2026.03.26 18:07:08 INFO  no build target found for C:\Users\david\techskill\demo\src\main\java\techskill\demo\Controller\userController.java. Using fallback presentation compiler.
2026.03.26 18:07:08 INFO  no build target found for C:\Users\david\techskill\demo\src\main\java\techskill\demo\Controller\userController.java. Using fallback presentation compiler.
2026.03.26 18:07:08 INFO  no build target found for C:\Users\david\techskill\demo\src\main\java\techskill\demo\Controller\userController.java. Using fallback presentation compiler.
2026.03.26 18:07:08 INFO  no build target found for C:\Users\david\techskill\demo\src\main\java\techskill\demo\Controller\userController.java. Using fallback presentation compiler.
2026.03.26 18:07:08 INFO  no build target found for C:\Users\david\techskill\demo\src\main\java\techskill\demo\Controller\userController.java. Using fallback presentation compiler.
2026.03.26 18:07:08 INFO  no build target found for C:\Users\david\techskill\demo\src\main\java\techskill\demo\Controller\userController.java. Using fallback presentation compiler.
2026.03.26 18:07:08 INFO  no build target found for C:\Users\david\techskill\demo\src\main\java\techskill\demo\Controller\userController.java. Using fallback presentation compiler.
2026.03.26 18:07:09 INFO  no build target found for C:\Users\david\techskill\demo\src\main\java\techskill\demo\Controller\userController.java. Using fallback presentation compiler.
2026.03.26 18:07:09 INFO  no build target found for C:\Users\david\techskill\demo\src\main\java\techskill\demo\Controller\userController.java. Using fallback presentation compiler.
2026.03.26 18:07:09 INFO  no build target found for C:\Users\david\techskill\demo\src\main\java\techskill\demo\Controller\userController.java. Using fallback presentation compiler.
2026.03.26 18:07:09 INFO  no build target found for C:\Users\david\techskill\demo\src\main\java\techskill\demo\Controller\userController.java. Using fallback presentation compiler.
2026.03.26 18:07:10 INFO  no build target found for C:\Users\david\techskill\demo\src\main\java\techskill\demo\Controller\userController.java. Using fallback presentation compiler.
2026.03.26 18:07:11 INFO  no build target found for C:\Users\david\techskill\demo\src\main\java\techskill\demo\Controller\userController.java. Using fallback presentation compiler.
2026.03.26 18:07:10 INFO  no build target found for C:\Users\david\techskill\demo\src\main\java\techskill\demo\Controller\userController.java. Using fallback presentation compiler.
2026.03.26 18:07:10 INFO  no build target found for C:\Users\david\techskill\demo\src\main\java\techskill\demo\Controller\userController.java. Using fallback presentation compiler.
2026.03.26 18:07:10 INFO  no build target found for C:\Users\david\techskill\demo\src\main\java\techskill\demo\Controller\userController.java. Using fallback presentation compiler.
2026.03.26 18:07:11 INFO  no build target found for C:\Users\david\techskill\demo\src\main\java\techskill\demo\Controller\userController.java. Using fallback presentation compiler.
2026.03.26 18:07:11 INFO  no build target found for C:\Users\david\techskill\demo\src\main\java\techskill\demo\Controller\userController.java. Using fallback presentation compiler.
2026.03.26 18:07:11 INFO  no build target found for C:\Users\david\techskill\demo\src\main\java\techskill\demo\Controller\userController.java. Using fallback presentation compiler.
2026.03.26 18:07:11 INFO  no build target found for C:\Users\david\techskill\demo\src\main\java\techskill\demo\Controller\userController.java. Using fallback presentation compiler.
2026.03.26 18:07:11 INFO  no build target found for C:\Users\david\techskill\demo\src\main\java\techskill\demo\Controller\userController.java. Using fallback presentation compiler.
2026.03.26 18:07:11 INFO  no build target found for C:\Users\david\techskill\demo\src\main\java\techskill\demo\Controller\userController.java. Using fallback presentation compiler.
2026.03.26 18:07:11 INFO  no build target found for C:\Users\david\techskill\demo\src\main\java\techskill\demo\Controller\userController.java. Using fallback presentation compiler.
2026.03.26 18:07:11 INFO  no build target found for C:\Users\david\techskill\demo\src\main\java\techskill\demo\Controller\userController.java. Using fallback presentation compiler.
2026.03.26 18:07:11 INFO  no build target found for C:\Users\david\techskill\demo\src\main\java\techskill\demo\Controller\userController.java. Using fallback presentation compiler.
2026.03.26 18:07:11 INFO  no build target found for C:\Users\david\techskill\demo\src\main\java\techskill\demo\Controller\userController.java. Using fallback presentation compiler.
2026.03.26 18:07:12 INFO  no build target found for C:\Users\david\techskill\demo\src\main\java\techskill\demo\Controller\userController.java. Using fallback presentation compiler.
2026.03.26 18:07:13 INFO  no build target found for C:\Users\david\techskill\demo\src\main\java\techskill\demo\Controller\userController.java. Using fallback presentation compiler.
2026.03.26 18:07:13 INFO  no build target found for C:\Users\david\techskill\demo\src\main\java\techskill\demo\Controller\userController.java. Using fallback presentation compiler.
2026.03.26 18:07:13 INFO  no build target found for C:\Users\david\techskill\demo\src\main\java\techskill\demo\Controller\userController.java. Using fallback presentation compiler.
2026.03.26 18:07:13 INFO  no build target found for C:\Users\david\techskill\demo\src\main\java\techskill\demo\Controller\userController.java. Using fallback presentation compiler.
2026.03.26 18:07:13 INFO  no build target found for C:\Users\david\techskill\demo\src\main\java\techskill\demo\Controller\userController.java. Using fallback presentation compiler.
2026.03.26 18:07:13 INFO  no build target found for C:\Users\david\techskill\demo\src\main\java\techskill\demo\Controller\userController.java. Using fallback presentation compiler.
2026.03.26 18:07:13 INFO  no build target found for C:\Users\david\techskill\demo\src\main\java\techskill\demo\Controller\userController.java. Using fallback presentation compiler.
2026.03.26 18:07:13 INFO  no build target found for C:\Users\david\techskill\demo\src\main\java\techskill\demo\Controller\userController.java. Using fallback presentation compiler.
2026.03.26 18:07:14 INFO  no build target found for C:\Users\david\techskill\demo\src\main\java\techskill\demo\Controller\userController.java. Using fallback presentation compiler.
2026.03.26 18:07:14 INFO  no build target found for C:\Users\david\techskill\demo\src\main\java\techskill\demo\Controller\userController.java. Using fallback presentation compiler.
2026.03.26 18:07:14 INFO  no build target found for C:\Users\david\techskill\demo\src\main\java\techskill\demo\Controller\userController.java. Using fallback presentation compiler.
2026.03.26 18:07:14 INFO  no build target found for C:\Users\david\techskill\demo\src\main\java\techskill\demo\Controller\userController.java. Using fallback presentation compiler.
2026.03.26 18:07:14 INFO  no build target found for C:\Users\david\techskill\demo\src\main\java\techskill\demo\Controller\userController.java. Using fallback presentation compiler.
2026.03.26 18:07:14 INFO  no build target found for C:\Users\david\techskill\demo\src\main\java\techskill\demo\Controller\userController.java. Using fallback presentation compiler.
2026.03.26 18:07:14 INFO  no build target found for C:\Users\david\techskill\demo\src\main\java\techskill\demo\Controller\userController.java. Using fallback presentation compiler.
2026.03.26 18:07:15 INFO  no build target found for C:\Users\david\techskill\demo\src\main\java\techskill\demo\Controller\userController.java. Using fallback presentation compiler.
2026.03.26 18:07:15 INFO  no build target found for C:\Users\david\techskill\demo\src\main\java\techskill\demo\Controller\userController.java. Using fallback presentation compiler.
2026.03.26 18:07:15 INFO  no build target found for C:\Users\david\techskill\demo\src\main\java\techskill\demo\Controller\userController.java. Using fallback presentation compiler.
2026.03.26 18:07:15 INFO  no build target found for C:\Users\david\techskill\demo\src\main\java\techskill\demo\Controller\userController.java. Using fallback presentation compiler.
2026.03.26 18:07:14 INFO  no build target found for C:\Users\david\techskill\demo\src\main\java\techskill\demo\Controller\userController.java. Using fallback presentation compiler.
2026.03.26 18:07:15 INFO  no build target found for C:\Users\david\techskill\demo\src\main\java\techskill\demo\Controller\userController.java. Using fallback presentation compiler.
2026.03.26 18:07:15 INFO  no build target found for C:\Users\david\techskill\demo\src\main\java\techskill\demo\Controller\userController.java. Using fallback presentation compiler.
2026.03.26 18:07:15 INFO  no build target found for C:\Users\david\techskill\demo\src\main\java\techskill\demo\Controller\userController.java. Using fallback presentation compiler.
2026.03.26 18:07:14 INFO  no build target found for C:\Users\david\techskill\demo\src\main\java\techskill\demo\Controller\userController.java. Using fallback presentation compiler.
2026.03.26 18:07:15 INFO  no build target found for C:\Users\david\techskill\demo\src\main\java\techskill\demo\Controller\userController.java. Using fallback presentation compiler.
2026.03.26 18:07:16 INFO  no build target found for C:\Users\david\techskill\demo\src\main\java\techskill\demo\Controller\userController.java. Using fallback presentation compiler.
2026.03.26 18:07:16 INFO  no build target found for C:\Users\david\techskill\demo\src\main\java\techskill\demo\Controller\userController.java. Using fallback presentation compiler.
2026.03.26 18:07:16 INFO  no build target found for C:\Users\david\techskill\demo\src\main\java\techskill\demo\Controller\userController.java. Using fallback presentation compiler.
2026.03.26 18:07:16 INFO  no build target found for C:\Users\david\techskill\demo\src\main\java\techskill\demo\Controller\userController.java. Using fallback presentation compiler.
2026.03.26 18:07:21 INFO  no build target found for C:\Users\david\techskill\demo\src\main\java\techskill\demo\Controller\userController.java. Using fallback presentation compiler.
2026.03.26 18:07:21 INFO  no build target found for C:\Users\david\techskill\demo\src\main\java\techskill\demo\Controller\userController.java. Using fallback presentation compiler.
2026.03.26 18:07:21 INFO  no build target found for C:\Users\david\techskill\demo\src\main\java\techskill\demo\Controller\userController.java. Using fallback presentation compiler.
2026.03.26 18:07:21 INFO  no build target found for C:\Users\david\techskill\demo\src\main\java\techskill\demo\Controller\userController.java. Using fallback presentation compiler.
2026.03.26 18:07:21 INFO  no build target found for C:\Users\david\techskill\demo\src\main\java\techskill\demo\Controller\userController.java. Using fallback presentation compiler.
2026.03.26 18:07:21 INFO  no build target found for C:\Users\david\techskill\demo\src\main\java\techskill\demo\Controller\userController.java. Using fallback presentation compiler.
2026.03.26 18:07:21 INFO  no build target found for C:\Users\david\techskill\demo\src\main\java\techskill\demo\Controller\userController.java. Using fallback presentation compiler.
2026.03.26 18:07:21 INFO  no build target found for C:\Users\david\techskill\demo\src\main\java\techskill\demo\Controller\userController.java. Using fallback presentation compiler.
2026.03.26 18:07:21 INFO  no build target found for C:\Users\david\techskill\demo\src\main\java\techskill\demo\Controller\userController.java. Using fallback presentation compiler.
2026.03.26 18:07:22 INFO  no build target found for C:\Users\david\techskill\demo\src\main\java\techskill\demo\Controller\userController.java. Using fallback presentation compiler.
2026.03.26 18:07:22 INFO  no build target found for C:\Users\david\techskill\demo\src\main\java\techskill\demo\Controller\userController.java. Using fallback presentation compiler.
2026.03.26 18:07:22 INFO  no build target found for C:\Users\david\techskill\demo\src\main\java\techskill\demo\Controller\userController.java. Using fallback presentation compiler.
2026.03.26 18:07:23 INFO  no build target found for C:\Users\david\techskill\demo\src\main\java\techskill\demo\Controller\userController.java. Using fallback presentation compiler.
2026.03.26 18:07:23 INFO  no build target found for C:\Users\david\techskill\demo\src\main\java\techskill\demo\Controller\userController.java. Using fallback presentation compiler.
2026.03.26 18:07:23 INFO  no build target found for C:\Users\david\techskill\demo\src\main\java\techskill\demo\Controller\userController.java. Using fallback presentation compiler.
2026.03.26 18:07:23 INFO  no build target found for C:\Users\david\techskill\demo\src\main\java\techskill\demo\Controller\userController.java. Using fallback presentation compiler.
2026.03.26 18:07:23 INFO  no build target found for C:\Users\david\techskill\demo\src\main\java\techskill\demo\Controller\userController.java. Using fallback presentation compiler.
2026.03.26 18:07:23 INFO  no build target found for C:\Users\david\techskill\demo\src\main\java\techskill\demo\Controller\userController.java. Using fallback presentation compiler.
2026.03.26 18:07:23 INFO  no build target found for C:\Users\david\techskill\demo\src\main\java\techskill\demo\Controller\userController.java. Using fallback presentation compiler.
2026.03.26 18:07:23 INFO  no build target found for C:\Users\david\techskill\demo\src\main\java\techskill\demo\Controller\userController.java. Using fallback presentation compiler.
2026.03.26 18:07:24 INFO  no build target found for C:\Users\david\techskill\demo\src\main\java\techskill\demo\Controller\userController.java. Using fallback presentation compiler.
2026.03.26 18:07:24 INFO  no build target found for C:\Users\david\techskill\demo\src\main\java\techskill\demo\Controller\userController.java. Using fallback presentation compiler.
2026.03.26 18:07:24 INFO  no build target found for C:\Users\david\techskill\demo\src\main\java\techskill\demo\Controller\userController.java. Using fallback presentation compiler.
2026.03.26 18:07:25 INFO  no build target found for C:\Users\david\techskill\demo\src\main\java\techskill\demo\Controller\userController.java. Using fallback presentation compiler.
2026.03.26 18:07:26 INFO  no build target found for C:\Users\david\techskill\demo\src\main\java\techskill\demo\Controller\userController.java. Using fallback presentation compiler.
2026.03.26 18:07:26 INFO  no build target found for C:\Users\david\techskill\demo\src\main\java\techskill\demo\Controller\userController.java. Using fallback presentation compiler.
2026.03.26 18:07:26 INFO  no build target found for C:\Users\david\techskill\demo\src\main\java\techskill\demo\Controller\userController.java. Using fallback presentation compiler.
2026.03.26 18:07:26 INFO  no build target found for C:\Users\david\techskill\demo\src\main\java\techskill\demo\Controller\userController.java. Using fallback presentation compiler.
2026.03.26 18:07:27 INFO  no build target found for C:\Users\david\techskill\demo\src\main\java\techskill\demo\Controller\userController.java. Using fallback presentation compiler.
2026.03.26 18:07:27 INFO  no build target found for C:\Users\david\techskill\demo\src\main\java\techskill\demo\Controller\userController.java. Using fallback presentation compiler.
2026.03.26 18:07:27 INFO  no build target found for C:\Users\david\techskill\demo\src\main\java\techskill\demo\Controller\userController.java. Using fallback presentation compiler.
2026.03.26 18:07:27 INFO  no build target found for C:\Users\david\techskill\demo\src\main\java\techskill\demo\Controller\userController.java. Using fallback presentation compiler.
2026.03.26 18:07:27 INFO  no build target found for C:\Users\david\techskill\demo\src\main\java\techskill\demo\Controller\userController.java. Using fallback presentation compiler.
2026.03.26 18:07:27 INFO  no build target found for C:\Users\david\techskill\demo\src\main\java\techskill\demo\Controller\userController.java. Using fallback presentation compiler.
2026.03.26 18:07:27 INFO  no build target found for C:\Users\david\techskill\demo\src\main\java\techskill\demo\Controller\userController.java. Using fallback presentation compiler.
2026.03.26 18:07:27 INFO  no build target found for C:\Users\david\techskill\demo\src\main\java\techskill\demo\Controller\userController.java. Using fallback presentation compiler.
2026.03.26 18:07:29 INFO  no build target found for C:\Users\david\techskill\demo\src\main\java\techskill\demo\Controller\userController.java. Using fallback presentation compiler.
2026.03.26 18:07:29 INFO  no build target found for C:\Users\david\techskill\demo\src\main\java\techskill\demo\Controller\userController.java. Using fallback presentation compiler.
2026.03.26 18:07:29 INFO  no build target found for C:\Users\david\techskill\demo\src\main\java\techskill\demo\Controller\userController.java. Using fallback presentation compiler.
2026.03.26 18:07:29 INFO  no build target found for C:\Users\david\techskill\demo\src\main\java\techskill\demo\Controller\userController.java. Using fallback presentation compiler.
2026.03.26 18:07:29 INFO  no build target found for C:\Users\david\techskill\demo\src\main\java\techskill\demo\Controller\userController.java. Using fallback presentation compiler.
2026.03.26 18:07:29 INFO  no build target found for C:\Users\david\techskill\demo\src\main\java\techskill\demo\Controller\userController.java. Using fallback presentation compiler.
2026.03.26 18:07:29 INFO  no build target found for C:\Users\david\techskill\demo\src\main\java\techskill\demo\Controller\userController.java. Using fallback presentation compiler.
2026.03.26 18:07:30 INFO  no build target found for C:\Users\david\techskill\demo\src\main\java\techskill\demo\Controller\userController.java. Using fallback presentation compiler.
2026.03.26 18:07:29 INFO  no build target found for C:\Users\david\techskill\demo\src\main\java\techskill\demo\Controller\userController.java. Using fallback presentation compiler.
2026.03.26 18:07:30 INFO  no build target found for C:\Users\david\techskill\demo\src\main\java\techskill\demo\Controller\userController.java. Using fallback presentation compiler.
2026.03.26 18:07:30 INFO  no build target found for C:\Users\david\techskill\demo\src\main\java\techskill\demo\Controller\userController.java. Using fallback presentation compiler.
2026.03.26 18:07:30 INFO  no build target found for C:\Users\david\techskill\demo\src\main\java\techskill\demo\Controller\userController.java. Using fallback presentation compiler.
2026.03.26 18:07:30 INFO  no build target found for C:\Users\david\techskill\demo\src\main\java\techskill\demo\Controller\userController.java. Using fallback presentation compiler.
2026.03.26 18:07:30 INFO  no build target found for C:\Users\david\techskill\demo\src\main\java\techskill\demo\Controller\userController.java. Using fallback presentation compiler.
2026.03.26 18:07:30 INFO  no build target found for C:\Users\david\techskill\demo\src\main\java\techskill\demo\Controller\userController.java. Using fallback presentation compiler.
2026.03.26 18:07:30 INFO  no build target found for C:\Users\david\techskill\demo\src\main\java\techskill\demo\Controller\userController.java. Using fallback presentation compiler.
2026.03.26 18:07:32 INFO  no build target found for C:\Users\david\techskill\demo\src\main\java\techskill\demo\Controller\userController.java. Using fallback presentation compiler.
2026.03.26 18:07:32 INFO  no build target found for C:\Users\david\techskill\demo\src\main\java\techskill\demo\Controller\userController.java. Using fallback presentation compiler.
2026.03.26 18:07:32 INFO  no build target found for C:\Users\david\techskill\demo\src\main\java\techskill\demo\Controller\userController.java. Using fallback presentation compiler.
2026.03.26 18:07:32 INFO  no build target found for C:\Users\david\techskill\demo\src\main\java\techskill\demo\Controller\userController.java. Using fallback presentation compiler.
2026.03.26 18:07:33 INFO  no build target found for C:\Users\david\techskill\demo\src\main\java\techskill\demo\Controller\userController.java. Using fallback presentation compiler.
2026.03.26 18:07:34 INFO  no build target found for C:\Users\david\techskill\demo\src\main\java\techskill\demo\Controller\userController.java. Using fallback presentation compiler.
2026.03.26 18:07:33 INFO  no build target found for C:\Users\david\techskill\demo\src\main\java\techskill\demo\Controller\userController.java. Using fallback presentation compiler.
2026.03.26 18:07:33 INFO  no build target found for C:\Users\david\techskill\demo\src\main\java\techskill\demo\Controller\userController.java. Using fallback presentation compiler.
2026.03.26 18:07:33 INFO  no build target found for C:\Users\david\techskill\demo\src\main\java\techskill\demo\Controller\userController.java. Using fallback presentation compiler.
2026.03.26 18:07:34 INFO  no build target found for C:\Users\david\techskill\demo\src\main\java\techskill\demo\Controller\userController.java. Using fallback presentation compiler.
2026.03.26 18:07:34 INFO  no build target found for C:\Users\david\techskill\demo\src\main\java\techskill\demo\Controller\userController.java. Using fallback presentation compiler.
2026.03.26 18:07:34 INFO  no build target found for C:\Users\david\techskill\demo\src\main\java\techskill\demo\Controller\userController.java. Using fallback presentation compiler.
2026.03.26 18:07:34 INFO  no build target found for C:\Users\david\techskill\demo\src\main\java\techskill\demo\Controller\userController.java. Using fallback presentation compiler.
2026.03.26 18:07:35 INFO  no build target found for C:\Users\david\techskill\demo\src\main\java\techskill\demo\Controller\userController.java. Using fallback presentation compiler.
2026.03.26 18:07:34 INFO  no build target found for C:\Users\david\techskill\demo\src\main\java\techskill\demo\Controller\userController.java. Using fallback presentation compiler.
2026.03.26 18:07:34 INFO  no build target found for C:\Users\david\techskill\demo\src\main\java\techskill\demo\Controller\userController.java. Using fallback presentation compiler.
2026.03.26 18:07:36 INFO  no build target found for C:\Users\david\techskill\demo\src\main\java\techskill\demo\Controller\userController.java. Using fallback presentation compiler.
2026.03.26 18:07:36 INFO  no build target found for C:\Users\david\techskill\demo\src\main\java\techskill\demo\Controller\userController.java. Using fallback presentation compiler.
2026.03.26 18:07:36 INFO  no build target found for C:\Users\david\techskill\demo\src\main\java\techskill\demo\Controller\userController.java. Using fallback presentation compiler.
2026.03.26 18:07:36 INFO  no build target found for C:\Users\david\techskill\demo\src\main\java\techskill\demo\Controller\userController.java. Using fallback presentation compiler.
2026.03.26 18:07:36 INFO  no build target found for C:\Users\david\techskill\demo\src\main\java\techskill\demo\Controller\userController.java. Using fallback presentation compiler.
2026.03.26 18:07:36 INFO  no build target found for C:\Users\david\techskill\demo\src\main\java\techskill\demo\Controller\userController.java. Using fallback presentation compiler.
2026.03.26 18:07:36 INFO  no build target found for C:\Users\david\techskill\demo\src\main\java\techskill\demo\Controller\userController.java. Using fallback presentation compiler.
2026.03.26 18:07:37 INFO  no build target found for C:\Users\david\techskill\demo\src\main\java\techskill\demo\Controller\userController.java. Using fallback presentation compiler.
2026.03.26 18:07:37 INFO  no build target found for C:\Users\david\techskill\demo\src\main\java\techskill\demo\Controller\userController.java. Using fallback presentation compiler.
2026.03.26 18:07:37 INFO  no build target found for C:\Users\david\techskill\demo\src\main\java\techskill\demo\Controller\userController.java. Using fallback presentation compiler.
2026.03.26 18:07:37 INFO  no build target found for C:\Users\david\techskill\demo\src\main\java\techskill\demo\Controller\userController.java. Using fallback presentation compiler.
2026.03.26 18:07:37 INFO  no build target found for C:\Users\david\techskill\demo\src\main\java\techskill\demo\Controller\userController.java. Using fallback presentation compiler.
2026.03.26 18:07:37 INFO  no build target found for C:\Users\david\techskill\demo\src\main\java\techskill\demo\Controller\userController.java. Using fallback presentation compiler.
2026.03.26 18:07:38 INFO  no build target found for C:\Users\david\techskill\demo\src\main\java\techskill\demo\Controller\userController.java. Using fallback presentation compiler.
2026.03.26 18:07:38 INFO  no build target found for C:\Users\david\techskill\demo\src\main\java\techskill\demo\Controller\userController.java. Using fallback presentation compiler.
2026.03.26 18:07:39 INFO  no build target found for C:\Users\david\techskill\demo\src\main\java\techskill\demo\Controller\userController.java. Using fallback presentation compiler.
2026.03.26 18:07:38 INFO  no build target found for C:\Users\david\techskill\demo\src\main\java\techskill\demo\Controller\userController.java. Using fallback presentation compiler.
2026.03.26 18:07:38 INFO  no build target found for C:\Users\david\techskill\demo\src\main\java\techskill\demo\Controller\userController.java. Using fallback presentation compiler.
2026.03.26 18:07:39 INFO  no build target found for C:\Users\david\techskill\demo\src\main\java\techskill\demo\Controller\userController.java. Using fallback presentation compiler.
2026.03.26 18:07:39 INFO  no build target found for C:\Users\david\techskill\demo\src\main\java\techskill\demo\Controller\userController.java. Using fallback presentation compiler.
2026.03.26 18:07:40 INFO  no build target found for C:\Users\david\techskill\demo\src\main\java\techskill\demo\Controller\userController.java. Using fallback presentation compiler.
2026.03.26 18:07:39 INFO  no build target found for C:\Users\david\techskill\demo\src\main\java\techskill\demo\Controller\userController.java. Using fallback presentation compiler.
2026.03.26 18:07:39 INFO  no build target found for C:\Users\david\techskill\demo\src\main\java\techskill\demo\Controller\userController.java. Using fallback presentation compiler.
2026.03.26 18:07:41 INFO  no build target found for C:\Users\david\techskill\demo\src\main\java\techskill\demo\Controller\userController.java. Using fallback presentation compiler.
2026.03.26 18:07:41 WARN  no build target for: C:\Users\david\techskill\demo\src\main\java\techskill\demo\Controller\userController.java
2026.03.26 18:07:41 INFO  no build target found for C:\Users\david\techskill\demo\src\main\java\techskill\demo\Controller\userController.java. Using fallback presentation compiler.
2026.03.26 18:08:07 INFO  no build target found for C:\Users\david\techskill\demo\src\main\java\techskill\demo\Controller\userController.java. Using fallback presentation compiler.
2026.03.26 18:08:09 INFO  no build target found for C:\Users\david\techskill\demo\src\main\java\techskill\demo\Controller\userController.java. Using fallback presentation compiler.
2026.03.26 18:08:09 INFO  no build target found for C:\Users\david\techskill\demo\src\main\java\techskill\demo\Controller\userController.java. Using fallback presentation compiler.
2026.03.26 18:08:09 INFO  no build target found for C:\Users\david\techskill\demo\src\main\java\techskill\demo\Controller\userController.java. Using fallback presentation compiler.
2026.03.26 18:08:09 INFO  no build target found for C:\Users\david\techskill\demo\src\main\java\techskill\demo\Controller\userController.java. Using fallback presentation compiler.
2026.03.26 18:08:09 INFO  no build target found for C:\Users\david\techskill\demo\src\main\java\techskill\demo\Controller\userController.java. Using fallback presentation compiler.
2026.03.26 18:08:09 INFO  no build target found for C:\Users\david\techskill\demo\src\main\java\techskill\demo\Controller\userController.java. Using fallback presentation compiler.
2026.03.26 18:08:09 INFO  no build target found for C:\Users\david\techskill\demo\src\main\java\techskill\demo\Controller\userController.java. Using fallback presentation compiler.
2026.03.26 18:08:09 INFO  no build target found for C:\Users\david\techskill\demo\src\main\java\techskill\demo\Controller\userController.java. Using fallback presentation compiler.
2026.03.26 18:08:10 INFO  no build target found for C:\Users\david\techskill\demo\src\main\java\techskill\demo\Controller\userController.java. Using fallback presentation compiler.
2026.03.26 18:08:10 INFO  no build target found for C:\Users\david\techskill\demo\src\main\java\techskill\demo\Controller\userController.java. Using fallback presentation compiler.
2026.03.26 18:08:10 INFO  no build target found for C:\Users\david\techskill\demo\src\main\java\techskill\demo\Controller\userController.java. Using fallback presentation compiler.
2026.03.26 18:08:10 INFO  no build target found for C:\Users\david\techskill\demo\src\main\java\techskill\demo\Controller\userController.java. Using fallback presentation compiler.
2026.03.26 18:08:10 INFO  no build target found for C:\Users\david\techskill\demo\src\main\java\techskill\demo\Controller\userController.java. Using fallback presentation compiler.
2026.03.26 18:08:10 INFO  no build target found for C:\Users\david\techskill\demo\src\main\java\techskill\demo\Controller\userController.java. Using fallback presentation compiler.
2026.03.26 18:08:10 INFO  no build target found for C:\Users\david\techskill\demo\src\main\java\techskill\demo\Controller\userController.java. Using fallback presentation compiler.
2026.03.26 18:08:11 INFO  no build target found for C:\Users\david\techskill\demo\src\main\java\techskill\demo\Controller\userController.java. Using fallback presentation compiler.
2026.03.26 18:08:12 INFO  no build target found for C:\Users\david\techskill\demo\src\main\java\techskill\demo\Controller\userController.java. Using fallback presentation compiler.
2026.03.26 18:08:11 INFO  no build target found for C:\Users\david\techskill\demo\src\main\java\techskill\demo\Controller\userController.java. Using fallback presentation compiler.
2026.03.26 18:08:12 INFO  no build target found for C:\Users\david\techskill\demo\src\main\java\techskill\demo\Controller\userController.java. Using fallback presentation compiler.
2026.03.26 18:08:13 INFO  no build target found for C:\Users\david\techskill\demo\src\main\java\techskill\demo\Controller\userController.java. Using fallback presentation compiler.
2026.03.26 18:08:13 INFO  no build target found for C:\Users\david\techskill\demo\src\main\java\techskill\demo\Controller\userController.java. Using fallback presentation compiler.
2026.03.26 18:08:13 INFO  no build target found for C:\Users\david\techskill\demo\src\main\java\techskill\demo\Controller\userController.java. Using fallback presentation compiler.
2026.03.26 18:08:13 INFO  no build target found for C:\Users\david\techskill\demo\src\main\java\techskill\demo\Controller\userController.java. Using fallback presentation compiler.
2026.03.26 18:08:13 INFO  no build target found for C:\Users\david\techskill\demo\src\main\java\techskill\demo\Controller\userController.java. Using fallback presentation compiler.
2026.03.26 18:08:13 INFO  no build target found for C:\Users\david\techskill\demo\src\main\java\techskill\demo\Controller\userController.java. Using fallback presentation compiler.
2026.03.26 18:08:13 INFO  no build target found for C:\Users\david\techskill\demo\src\main\java\techskill\demo\Controller\userController.java. Using fallback presentation compiler.
2026.03.26 18:08:13 INFO  no build target found for C:\Users\david\techskill\demo\src\main\java\techskill\demo\Controller\userController.java. Using fallback presentation compiler.
2026.03.26 18:08:13 INFO  no build target found for C:\Users\david\techskill\demo\src\main\java\techskill\demo\Controller\userController.java. Using fallback presentation compiler.
2026.03.26 18:08:13 INFO  no build target found for C:\Users\david\techskill\demo\src\main\java\techskill\demo\Controller\userController.java. Using fallback presentation compiler.
2026.03.26 18:08:13 INFO  no build target found for C:\Users\david\techskill\demo\src\main\java\techskill\demo\Controller\userController.java. Using fallback presentation compiler.
2026.03.26 18:08:14 INFO  no build target found for C:\Users\david\techskill\demo\src\main\java\techskill\demo\Controller\userController.java. Using fallback presentation compiler.
2026.03.26 18:08:14 INFO  no build target found for C:\Users\david\techskill\demo\src\main\java\techskill\demo\Controller\userController.java. Using fallback presentation compiler.
2026.03.26 18:08:14 INFO  no build target found for C:\Users\david\techskill\demo\src\main\java\techskill\demo\Controller\userController.java. Using fallback presentation compiler.
2026.03.26 18:08:14 INFO  no build target found for C:\Users\david\techskill\demo\src\main\java\techskill\demo\Controller\userController.java. Using fallback presentation compiler.
2026.03.26 18:08:14 INFO  no build target found for C:\Users\david\techskill\demo\src\main\java\techskill\demo\Controller\userController.java. Using fallback presentation compiler.
2026.03.26 18:08:14 INFO  no build target found for C:\Users\david\techskill\demo\src\main\java\techskill\demo\Controller\userController.java. Using fallback presentation compiler.
2026.03.26 18:08:14 INFO  no build target found for C:\Users\david\techskill\demo\src\main\java\techskill\demo\Controller\userController.java. Using fallback presentation compiler.
2026.03.26 18:08:14 INFO  no build target found for C:\Users\david\techskill\demo\src\main\java\techskill\demo\Controller\userController.java. Using fallback presentation compiler.
2026.03.26 18:08:14 INFO  no build target found for C:\Users\david\techskill\demo\src\main\java\techskill\demo\Controller\userController.java. Using fallback presentation compiler.
2026.03.26 18:08:14 INFO  no build target found for C:\Users\david\techskill\demo\src\main\java\techskill\demo\Controller\userController.java. Using fallback presentation compiler.
2026.03.26 18:08:15 INFO  no build target found for C:\Users\david\techskill\demo\src\main\java\techskill\demo\Controller\userController.java. Using fallback presentation compiler.
2026.03.26 18:08:15 INFO  no build target found for C:\Users\david\techskill\demo\src\main\java\techskill\demo\Controller\userController.java. Using fallback presentation compiler.
2026.03.26 18:08:15 INFO  no build target found for C:\Users\david\techskill\demo\src\main\java\techskill\demo\Controller\userController.java. Using fallback presentation compiler.
2026.03.26 18:08:16 INFO  no build target found for C:\Users\david\techskill\demo\src\main\java\techskill\demo\Controller\userController.java. Using fallback presentation compiler.
2026.03.26 18:08:15 INFO  no build target found for C:\Users\david\techskill\demo\src\main\java\techskill\demo\Controller\userController.java. Using fallback presentation compiler.
2026.03.26 18:08:16 INFO  no build target found for C:\Users\david\techskill\demo\src\main\java\techskill\demo\Controller\userController.java. Using fallback presentation compiler.
2026.03.26 18:08:16 INFO  no build target found for C:\Users\david\techskill\demo\src\main\java\techskill\demo\Controller\userController.java. Using fallback presentation compiler.
2026.03.26 18:08:17 INFO  no build target found for C:\Users\david\techskill\demo\src\main\java\techskill\demo\Controller\userController.java. Using fallback presentation compiler.
2026.03.26 18:08:18 INFO  no build target found for C:\Users\david\techskill\demo\src\main\java\techskill\demo\Controller\userController.java. Using fallback presentation compiler.
2026.03.26 18:08:18 WARN  no build target for: C:\Users\david\techskill\demo\src\main\java\techskill\demo\Controller\userController.java
2026.03.26 18:08:18 INFO  no build target found for C:\Users\david\techskill\demo\src\main\java\techskill\demo\Controller\userController.java. Using fallback presentation compiler.
2026.03.26 18:08:36 INFO  no build target found for C:\Users\david\techskill\demo\src\main\java\techskill\demo\Controller\userController.java. Using fallback presentation compiler.
2026.03.26 18:08:37 INFO  no build target found for C:\Users\david\techskill\demo\src\main\java\techskill\demo\Controller\userController.java. Using fallback presentation compiler.
2026.03.26 18:08:40 INFO  no build target found for C:\Users\david\techskill\demo\src\main\java\techskill\demo\Controller\userController.java. Using fallback presentation compiler.
2026.03.26 18:08:40 INFO  no build target found for C:\Users\david\techskill\demo\src\main\java\techskill\demo\Controller\userController.java. Using fallback presentation compiler.
2026.03.26 18:08:50 WARN  no build target for: C:\Users\david\techskill\demo\src\main\java\techskill\demo\Controller\userController.java
2026.03.26 18:08:50 INFO  no build target found for C:\Users\david\techskill\demo\src\main\java\techskill\demo\Controller\userController.java. Using fallback presentation compiler.
2026.03.26 18:11:02 INFO  no build target found for C:\Users\david\techskill\demo\src\main\java\techskill\demo\Controller\userController.java. Using fallback presentation compiler.
2026.03.26 18:11:02 INFO  no build target found for C:\Users\david\techskill\demo\src\main\java\techskill\demo\Controller\userController.java. Using fallback presentation compiler.
2026.03.26 18:11:02 INFO  no build target found for C:\Users\david\techskill\demo\src\main\java\techskill\demo\Controller\userController.java. Using fallback presentation compiler.
2026.03.26 18:11:02 INFO  Created report: Optional[file:///C:/Users/david/techskill/demo/src/main/java/techskill/demo/Controller/userController.java]
2026.03.26 18:11:02 INFO  empty definition using pc, found symbol in pc: _empty_/nameDTO#getName# (full report at: "C:\Users\david\techskill\demo\.metals\.reports\metals-full\2026-03-26\r_empty-definition_18-11-02-503.md")
2026.03.26 18:11:02 INFO  no build target found for C:\Users\david\techskill\demo\src\main\java\techskill\demo\Controller\userController.java. Using fallback presentation compiler.
2026.03.26 18:11:02 INFO  no build target found for C:\Users\david\techskill\demo\src\main\java\techskill\demo\Controller\userController.java. Using fallback presentation compiler.
2026.03.26 18:11:02 INFO  empty definition using pc, found symbol in pc: _empty_/nameDTO#getName# (full report at: "C:\Users\david\techskill\demo\.metals\.reports\metals-full\2026-03-26\r_empty-definition_18-11-02-503.md")
2026.03.26 18:11:02 INFO  empty definition using pc, found symbol in pc: _empty_/nameDTO#getName# (full report at: "C:\Users\david\techskill\demo\.metals\.reports\metals-full\2026-03-26\r_empty-definition_18-11-02-503.md")
2026.03.26 18:11:03 INFO  no build target found for C:\Users\david\techskill\demo\src\main\java\techskill\demo\Controller\userController.java. Using fallback presentation compiler.
2026.03.26 18:11:04 INFO  no build target found for C:\Users\david\techskill\demo\src\main\java\techskill\demo\Controller\userController.java. Using fallback presentation compiler.
2026.03.26 18:11:04 INFO  no build target found for C:\Users\david\techskill\demo\src\main\java\techskill\demo\Controller\userController.java. Using fallback presentation compiler.
2026.03.26 18:11:04 INFO  no build target found for C:\Users\david\techskill\demo\src\main\java\techskill\demo\Controller\userController.java. Using fallback presentation compiler.
2026.03.26 18:11:14 INFO  no build target found for C:\Users\david\techskill\demo\src\main\java\techskill\demo\Controller\userController.java. Using fallback presentation compiler.
2026.03.26 18:11:15 INFO  no build target found for C:\Users\david\techskill\demo\src\main\java\techskill\demo\Controller\userController.java. Using fallback presentation compiler.
2026.03.26 18:11:14 INFO  no build target found for C:\Users\david\techskill\demo\src\main\java\techskill\demo\Controller\userController.java. Using fallback presentation compiler.
Mar 26, 2026 6:11:15 PM org.eclipse.lsp4j.jsonrpc.RemoteEndpoint handleCancellation
WARNING: Unmatched cancel notification for request id 1359
2026.03.26 18:11:14 INFO  no build target found for C:\Users\david\techskill\demo\src\main\java\techskill\demo\Controller\userController.java. Using fallback presentation compiler.
2026.03.26 18:11:14 INFO  no build target found for C:\Users\david\techskill\demo\src\main\java\techskill\demo\Controller\userController.java. Using fallback presentation compiler.
2026.03.26 18:11:14 INFO  no build target found for C:\Users\david\techskill\demo\src\main\java\techskill\demo\Controller\userController.java. Using fallback presentation compiler.
2026.03.26 18:11:14 INFO  no build target found for C:\Users\david\techskill\demo\src\main\java\techskill\demo\Controller\userController.java. Using fallback presentation compiler.
2026.03.26 18:11:14 INFO  no build target found for C:\Users\david\techskill\demo\src\main\java\techskill\demo\Controller\userController.java. Using fallback presentation compiler.
2026.03.26 18:11:14 INFO  no build target found for C:\Users\david\techskill\demo\src\main\java\techskill\demo\Controller\userController.java. Using fallback presentation compiler.
Mar 26, 2026 6:11:15 PM org.eclipse.lsp4j.jsonrpc.RemoteEndpoint handleCancellation
WARNING: Unmatched cancel notification for request id 1365
2026.03.26 18:11:14 INFO  no build target found for C:\Users\david\techskill\demo\src\main\java\techskill\demo\Controller\userController.java. Using fallback presentation compiler.
2026.03.26 18:11:14 INFO  no build target found for C:\Users\david\techskill\demo\src\main\java\techskill\demo\Controller\userController.java. Using fallback presentation compiler.
2026.03.26 18:11:14 INFO  no build target found for C:\Users\david\techskill\demo\src\main\java\techskill\demo\Controller\userController.java. Using fallback presentation compiler.
2026.03.26 18:11:15 INFO  no build target found for C:\Users\david\techskill\demo\src\main\java\techskill\demo\Controller\userController.java. Using fallback presentation compiler.
2026.03.26 18:11:14 INFO  no build target found for C:\Users\david\techskill\demo\src\main\java\techskill\demo\Controller\userController.java. Using fallback presentation compiler.
2026.03.26 18:11:14 INFO  no build target found for C:\Users\david\techskill\demo\src\main\java\techskill\demo\Controller\userController.java. Using fallback presentation compiler.
Mar 26, 2026 6:11:15 PM org.eclipse.lsp4j.jsonrpc.RemoteEndpoint handleCancellation
WARNING: Unmatched cancel notification for request id 1371
2026.03.26 18:11:15 INFO  no build target found for C:\Users\david\techskill\demo\src\main\java\techskill\demo\Controller\userController.java. Using fallback presentation compiler.
2026.03.26 18:11:15 INFO  no build target found for C:\Users\david\techskill\demo\src\main\java\techskill\demo\Controller\userController.java. Using fallback presentation compiler.
2026.03.26 18:11:15 INFO  no build target found for C:\Users\david\techskill\demo\src\main\java\techskill\demo\Controller\userController.java. Using fallback presentation compiler.
Mar 26, 2026 6:11:15 PM org.eclipse.lsp4j.jsonrpc.RemoteEndpoint handleCancellation
WARNING: Unmatched cancel notification for request id 1374
2026.03.26 18:11:15 INFO  no build target found for C:\Users\david\techskill\demo\src\main\java\techskill\demo\Controller\userController.java. Using fallback presentation compiler.
2026.03.26 18:11:15 INFO  no build target found for C:\Users\david\techskill\demo\src\main\java\techskill\demo\Controller\userController.java. Using fallback presentation compiler.
2026.03.26 18:11:15 INFO  no build target found for C:\Users\david\techskill\demo\src\main\java\techskill\demo\Controller\userController.java. Using fallback presentation compiler.
2026.03.26 18:11:15 INFO  no build target found for C:\Users\david\techskill\demo\src\main\java\techskill\demo\Controller\userController.java. Using fallback presentation compiler.
2026.03.26 18:11:15 INFO  no build target found for C:\Users\david\techskill\demo\src\main\java\techskill\demo\Controller\userController.java. Using fallback presentation compiler.
Mar 26, 2026 6:11:16 PM org.eclipse.lsp4j.jsonrpc.RemoteEndpoint handleCancellation
WARNING: Unmatched cancel notification for request id 1378
2026.03.26 18:11:15 INFO  no build target found for C:\Users\david\techskill\demo\src\main\java\techskill\demo\Controller\userController.java. Using fallback presentation compiler.
2026.03.26 18:11:15 INFO  no build target found for C:\Users\david\techskill\demo\src\main\java\techskill\demo\Controller\userController.java. Using fallback presentation compiler.
2026.03.26 18:11:15 INFO  no build target found for C:\Users\david\techskill\demo\src\main\java\techskill\demo\Controller\userController.java. Using fallback presentation compiler.
2026.03.26 18:11:15 INFO  no build target found for C:\Users\david\techskill\demo\src\main\java\techskill\demo\Controller\userController.java. Using fallback presentation compiler.
2026.03.26 18:11:15 INFO  no build target found for C:\Users\david\techskill\demo\src\main\java\techskill\demo\Controller\userController.java. Using fallback presentation compiler.
2026.03.26 18:11:16 INFO  no build target found for C:\Users\david\techskill\demo\src\main\java\techskill\demo\Controller\userController.java. Using fallback presentation compiler.
2026.03.26 18:11:15 INFO  no build target found for C:\Users\david\techskill\demo\src\main\java\techskill\demo\Controller\userController.java. Using fallback presentation compiler.
2026.03.26 18:11:15 INFO  no build target found for C:\Users\david\techskill\demo\src\main\java\techskill\demo\Controller\userController.java. Using fallback presentation compiler.
2026.03.26 18:11:16 INFO  no build target found for C:\Users\david\techskill\demo\src\main\java\techskill\demo\Controller\userController.java. Using fallback presentation compiler.
2026.03.26 18:11:17 INFO  no build target found for C:\Users\david\techskill\demo\src\main\java\techskill\demo\Controller\userController.java. Using fallback presentation compiler.
2026.03.26 18:11:17 INFO  no build target found for C:\Users\david\techskill\demo\src\main\java\techskill\demo\Controller\userController.java. Using fallback presentation compiler.
2026.03.26 18:11:18 INFO  no build target found for C:\Users\david\techskill\demo\src\main\java\techskill\demo\Controller\userController.java. Using fallback presentation compiler.
2026.03.26 18:11:17 INFO  no build target found for C:\Users\david\techskill\demo\src\main\java\techskill\demo\Controller\userController.java. Using fallback presentation compiler.
2026.03.26 18:11:18 INFO  no build target found for C:\Users\david\techskill\demo\src\main\java\techskill\demo\Controller\userController.java. Using fallback presentation compiler.
2026.03.26 18:11:18 INFO  no build target found for C:\Users\david\techskill\demo\src\main\java\techskill\demo\Controller\userController.java. Using fallback presentation compiler.
2026.03.26 18:11:18 INFO  no build target found for C:\Users\david\techskill\demo\src\main\java\techskill\demo\Controller\userController.java. Using fallback presentation compiler.
2026.03.26 18:11:18 INFO  no build target found for C:\Users\david\techskill\demo\src\main\java\techskill\demo\Controller\userController.java. Using fallback presentation compiler.
2026.03.26 18:11:19 INFO  no build target found for C:\Users\david\techskill\demo\src\main\java\techskill\demo\Controller\userController.java. Using fallback presentation compiler.
2026.03.26 18:11:18 INFO  no build target found for C:\Users\david\techskill\demo\src\main\java\techskill\demo\Controller\userController.java. Using fallback presentation compiler.
2026.03.26 18:11:19 INFO  no build target found for C:\Users\david\techskill\demo\src\main\java\techskill\demo\Controller\userController.java. Using fallback presentation compiler.
2026.03.26 18:11:20 WARN  no build target for: C:\Users\david\techskill\demo\src\main\java\techskill\demo\Controller\userController.java
2026.03.26 18:11:20 INFO  no build target found for C:\Users\david\techskill\demo\src\main\java\techskill\demo\Controller\userController.java. Using fallback presentation compiler.
2026.03.26 18:11:35 INFO  no build target found for C:\Users\david\techskill\demo\src\main\java\techskill\demo\Controller\userController.java. Using fallback presentation compiler.
2026.03.26 18:11:35 INFO  no build target found for C:\Users\david\techskill\demo\src\main\java\techskill\demo\Controller\userController.java. Using fallback presentation compiler.
2026.03.26 18:16:51 INFO  no build target found for C:\Users\david\techskill\demo\src\main\java\techskill\demo\Controller\userController.java. Using fallback presentation compiler.
2026.03.26 18:16:51 INFO  no build target found for C:\Users\david\techskill\demo\src\main\java\techskill\demo\Controller\userController.java. Using fallback presentation compiler.
2026.03.26 18:33:29 WARN  no build target for: C:\Users\david\techskill\demo\src\main\java\techskill\demo\DTO\nameDTO.java
2026.03.26 18:33:29 INFO  no build target found for C:\Users\david\techskill\demo\src\main\java\techskill\demo\DTO\nameDTO.java. Using fallback presentation compiler.
2026.03.26 18:33:35 INFO  no build target found for C:\Users\david\techskill\demo\src\main\java\techskill\demo\DTO\nameDTO.java. Using fallback presentation compiler.
2026.03.26 18:33:35 INFO  no build target found for C:\Users\david\techskill\demo\src\main\java\techskill\demo\DTO\nameDTO.java. Using fallback presentation compiler.
2026.03.26 18:33:36 INFO  no build target found for C:\Users\david\techskill\demo\src\main\java\techskill\demo\DTO\nameDTO.java. Using fallback presentation compiler.
2026.03.26 18:33:35 INFO  no build target found for C:\Users\david\techskill\demo\src\main\java\techskill\demo\DTO\nameDTO.java. Using fallback presentation compiler.
2026.03.26 18:33:35 INFO  no build target found for C:\Users\david\techskill\demo\src\main\java\techskill\demo\DTO\nameDTO.java. Using fallback presentation compiler.
2026.03.26 18:33:35 INFO  no build target found for C:\Users\david\techskill\demo\src\main\java\techskill\demo\DTO\nameDTO.java. Using fallback presentation compiler.
2026.03.26 18:33:35 INFO  no build target found for C:\Users\david\techskill\demo\src\main\java\techskill\demo\DTO\nameDTO.java. Using fallback presentation compiler.
2026.03.26 18:33:36 INFO  no build target found for C:\Users\david\techskill\demo\src\main\java\techskill\demo\DTO\nameDTO.java. Using fallback presentation compiler.
2026.03.26 18:33:35 INFO  no build target found for C:\Users\david\techskill\demo\src\main\java\techskill\demo\DTO\nameDTO.java. Using fallback presentation compiler.
2026.03.26 18:33:36 INFO  no build target found for C:\Users\david\techskill\demo\src\main\java\techskill\demo\DTO\nameDTO.java. Using fallback presentation compiler.
2026.03.26 18:33:36 INFO  no build target found for C:\Users\david\techskill\demo\src\main\java\techskill\demo\DTO\nameDTO.java. Using fallback presentation compiler.
2026.03.26 18:33:36 INFO  no build target found for C:\Users\david\techskill\demo\src\main\java\techskill\demo\DTO\nameDTO.java. Using fallback presentation compiler.
2026.03.26 18:33:36 INFO  no build target found for C:\Users\david\techskill\demo\src\main\java\techskill\demo\DTO\nameDTO.java. Using fallback presentation compiler.
2026.03.26 18:33:37 INFO  no build target found for C:\Users\david\techskill\demo\src\main\java\techskill\demo\DTO\nameDTO.java. Using fallback presentation compiler.
2026.03.26 18:33:37 INFO  no build target found for C:\Users\david\techskill\demo\src\main\java\techskill\demo\DTO\nameDTO.java. Using fallback presentation compiler.
2026.03.26 18:33:37 INFO  no build target found for C:\Users\david\techskill\demo\src\main\java\techskill\demo\DTO\nameDTO.java. Using fallback presentation compiler.
2026.03.26 18:33:37 INFO  no build target found for C:\Users\david\techskill\demo\src\main\java\techskill\demo\DTO\nameDTO.java. Using fallback presentation compiler.
2026.03.26 18:33:37 INFO  no build target found for C:\Users\david\techskill\demo\src\main\java\techskill\demo\DTO\nameDTO.java. Using fallback presentation compiler.
2026.03.26 18:33:37 INFO  no build target found for C:\Users\david\techskill\demo\src\main\java\techskill\demo\DTO\nameDTO.java. Using fallback presentation compiler.
2026.03.26 18:33:37 INFO  no build target found for C:\Users\david\techskill\demo\src\main\java\techskill\demo\DTO\nameDTO.java. Using fallback presentation compiler.
2026.03.26 18:33:37 INFO  no build target found for C:\Users\david\techskill\demo\src\main\java\techskill\demo\DTO\nameDTO.java. Using fallback presentation compiler.
2026.03.26 18:33:37 INFO  no build target found for C:\Users\david\techskill\demo\src\main\java\techskill\demo\DTO\nameDTO.java. Using fallback presentation compiler.
2026.03.26 18:33:37 INFO  no build target found for C:\Users\david\techskill\demo\src\main\java\techskill\demo\DTO\nameDTO.java. Using fallback presentation compiler.
2026.03.26 18:33:38 INFO  no build target found for C:\Users\david\techskill\demo\src\main\java\techskill\demo\DTO\nameDTO.java. Using fallback presentation compiler.
2026.03.26 18:33:39 INFO  no build target found for C:\Users\david\techskill\demo\src\main\java\techskill\demo\DTO\nameDTO.java. Using fallback presentation compiler.
2026.03.26 18:33:38 INFO  no build target found for C:\Users\david\techskill\demo\src\main\java\techskill\demo\DTO\nameDTO.java. Using fallback presentation compiler.
2026.03.26 18:33:38 INFO  no build target found for C:\Users\david\techskill\demo\src\main\java\techskill\demo\DTO\nameDTO.java. Using fallback presentation compiler.
2026.03.26 18:33:38 INFO  no build target found for C:\Users\david\techskill\demo\src\main\java\techskill\demo\DTO\nameDTO.java. Using fallback presentation compiler.
2026.03.26 18:33:38 INFO  no build target found for C:\Users\david\techskill\demo\src\main\java\techskill\demo\DTO\nameDTO.java. Using fallback presentation compiler.
2026.03.26 18:33:39 INFO  no build target found for C:\Users\david\techskill\demo\src\main\java\techskill\demo\DTO\nameDTO.java. Using fallback presentation compiler.
2026.03.26 18:33:39 INFO  no build target found for C:\Users\david\techskill\demo\src\main\java\techskill\demo\DTO\nameDTO.java. Using fallback presentation compiler.
2026.03.26 18:33:39 INFO  no build target found for C:\Users\david\techskill\demo\src\main\java\techskill\demo\DTO\nameDTO.java. Using fallback presentation compiler.
2026.03.26 18:33:39 INFO  no build target found for C:\Users\david\techskill\demo\src\main\java\techskill\demo\DTO\nameDTO.java. Using fallback presentation compiler.
2026.03.26 18:33:40 INFO  no build target found for C:\Users\david\techskill\demo\src\main\java\techskill\demo\DTO\nameDTO.java. Using fallback presentation compiler.
2026.03.26 18:33:39 INFO  no build target found for C:\Users\david\techskill\demo\src\main\java\techskill\demo\DTO\nameDTO.java. Using fallback presentation compiler.
2026.03.26 18:33:40 INFO  no build target found for C:\Users\david\techskill\demo\src\main\java\techskill\demo\DTO\nameDTO.java. Using fallback presentation compiler.
2026.03.26 18:33:44 WARN  no build target for: C:\Users\david\techskill\demo\src\main\java\techskill\demo\DTO\nameDTO.java
2026.03.26 18:33:44 INFO  no build target found for C:\Users\david\techskill\demo\src\main\java\techskill\demo\DTO\nameDTO.java. Using fallback presentation compiler.
2026.03.26 18:33:45 INFO  no build target found for C:\Users\david\techskill\demo\src\main\java\techskill\demo\DTO\nameDTO.java. Using fallback presentation compiler.
Mar 26, 2026 6:33:45 PM org.eclipse.lsp4j.jsonrpc.RemoteEndpoint handleCancellation
WARNING: Unmatched cancel notification for request id 1536
2026.03.26 18:33:45 INFO  no build target found for C:\Users\david\techskill\demo\src\main\java\techskill\demo\DTO\nameDTO.java. Using fallback presentation compiler.
2026.03.26 18:34:19 INFO  no build target found for C:\Users\david\techskill\demo\src\main\java\techskill\demo\DTO\nameDTO.java. Using fallback presentation compiler.
2026.03.26 18:44:39 INFO  no build target found for C:\Users\david\techskill\demo\src\main\java\techskill\demo\Entity\userEntity..java. Using fallback presentation compiler.
2026.03.26 18:44:40 INFO  no build target found for C:\Users\david\techskill\demo\src\main\java\techskill\demo\Entity\userEntity..java. Using fallback presentation compiler.
2026.03.26 18:44:41 INFO  no build target found for C:\Users\david\techskill\demo\src\main\java\techskill\demo\Entity\userEntity..java. Using fallback presentation compiler.
2026.03.26 18:44:45 INFO  no build target found for C:\Users\david\techskill\demo\src\main\java\techskill\demo\Entity\userEntity..java. Using fallback presentation compiler.
2026.03.26 18:44:45 INFO  no build target found for C:\Users\david\techskill\demo\src\main\java\techskill\demo\Entity\userEntity..java. Using fallback presentation compiler.
2026.03.26 18:44:45 INFO  no build target found for C:\Users\david\techskill\demo\src\main\java\techskill\demo\Entity\userEntity..java. Using fallback presentation compiler.
2026.03.26 18:44:45 INFO  no build target found for C:\Users\david\techskill\demo\src\main\java\techskill\demo\Entity\userEntity..java. Using fallback presentation compiler.
2026.03.26 18:44:49 INFO  no build target found for C:\Users\david\techskill\demo\src\main\java\techskill\demo\Entity\userEntity..java. Using fallback presentation compiler.
2026.03.26 18:44:49 INFO  no build target found for C:\Users\david\techskill\demo\src\main\java\techskill\demo\Entity\userEntity..java. Using fallback presentation compiler.
2026.03.26 18:44:52 INFO  no build target found for C:\Users\david\techskill\demo\src\main\java\techskill\demo\Entity\userEntity..java. Using fallback presentation compiler.
2026.03.26 18:44:52 INFO  no build target found for C:\Users\david\techskill\demo\src\main\java\techskill\demo\Entity\userEntity..java. Using fallback presentation compiler.
2026.03.26 18:44:54 INFO  no build target found for C:\Users\david\techskill\demo\src\main\java\techskill\demo\Entity\userEntity..java. Using fallback presentation compiler.
2026.03.26 18:44:54 INFO  no build target found for C:\Users\david\techskill\demo\src\main\java\techskill\demo\Entity\userEntity..java. Using fallback presentation compiler.
2026.03.26 18:44:54 INFO  no build target found for C:\Users\david\techskill\demo\src\main\java\techskill\demo\Entity\userEntity..java. Using fallback presentation compiler.
2026.03.26 18:44:54 INFO  no build target found for C:\Users\david\techskill\demo\src\main\java\techskill\demo\Entity\userEntity..java. Using fallback presentation compiler.
2026.03.26 18:45:03 WARN  no build target for: C:\Users\david\techskill\demo\src\main\java\techskill\demo\DTO\nameDTO.java
2026.03.26 18:45:03 INFO  no build target found for C:\Users\david\techskill\demo\src\main\java\techskill\demo\DTO\nameDTO.java. Using fallback presentation compiler.
2026.03.26 18:45:05 WARN  no build target for: C:\Users\david\techskill\demo\src\main\java\techskill\demo\Entity\userEntity..java
2026.03.26 18:45:05 INFO  no build target found for C:\Users\david\techskill\demo\src\main\java\techskill\demo\Entity\userEntity..java. Using fallback presentation compiler.
2026.03.26 18:45:08 INFO  no build target found for C:\Users\david\techskill\demo\src\main\java\techskill\demo\Entity\userEntity..java. Using fallback presentation compiler.
2026.03.26 18:45:08 INFO  no build target found for C:\Users\david\techskill\demo\src\main\java\techskill\demo\Entity\userEntity..java. Using fallback presentation compiler.
2026.03.26 18:45:16 INFO  no build target found for C:\Users\david\techskill\demo\src\main\java\techskill\demo\Entity\userEntity..java. Using fallback presentation compiler.
2026.03.26 18:45:17 INFO  no build target found for C:\Users\david\techskill\demo\src\main\java\techskill\demo\Entity\userEntity..java. Using fallback presentation compiler.
2026.03.26 18:45:19 INFO  no build target found for C:\Users\david\techskill\demo\src\main\java\techskill\demo\Entity\userEntity..java. Using fallback presentation compiler.
2026.03.26 18:45:19 INFO  no build target found for C:\Users\david\techskill\demo\src\main\java\techskill\demo\Entity\userEntity..java. Using fallback presentation compiler.
2026.03.26 18:45:19 INFO  no build target found for C:\Users\david\techskill\demo\src\main\java\techskill\demo\Entity\userEntity..java. Using fallback presentation compiler.
2026.03.26 18:45:21 WARN  no build target for: C:\Users\david\techskill\demo\src\main\java\techskill\demo\DTO\nameDTO.java
2026.03.26 18:45:21 INFO  no build target found for C:\Users\david\techskill\demo\src\main\java\techskill\demo\DTO\nameDTO.java. Using fallback presentation compiler.
2026.03.26 18:45:26 WARN  no build target for: C:\Users\david\techskill\demo\src\main\java\techskill\demo\Entity\userEntity..java
2026.03.26 18:45:26 INFO  no build target found for C:\Users\david\techskill\demo\src\main\java\techskill\demo\Entity\userEntity..java. Using fallback presentation compiler.
2026.03.26 18:45:27 INFO  no build target found for C:\Users\david\techskill\demo\src\main\java\techskill\demo\Entity\userEntity..java. Using fallback presentation compiler.
2026.03.26 18:45:27 INFO  no build target found for C:\Users\david\techskill\demo\src\main\java\techskill\demo\Entity\userEntity..java. Using fallback presentation compiler.
2026.03.26 18:46:05 WARN  no build target for: C:\Users\david\techskill\demo\src\main\java\techskill\demo\Entity\userEntity.java
2026.03.26 18:46:05 INFO  no build target found for C:\Users\david\techskill\demo\src\main\java\techskill\demo\Entity\userEntity.java. Using fallback presentation compiler.
2026.03.26 18:46:32 WARN  no build target for: C:\Users\david\techskill\demo\src\main\java\techskill\demo\DemoApplication.java
2026.03.26 18:46:33 INFO  no build target found for C:\Users\david\techskill\demo\src\main\java\techskill\demo\DemoApplication.java. Using fallback presentation compiler.
2026.03.26 18:46:37 WARN  no build target for: C:\Users\david\techskill\demo\src\main\java\techskill\demo\Entity\userEntity.java
2026.03.26 18:46:37 INFO  no build target found for C:\Users\david\techskill\demo\src\main\java\techskill\demo\Entity\userEntity.java. Using fallback presentation compiler.
2026.03.26 18:46:38 WARN  no build target for: C:\Users\david\techskill\demo\src\main\java\techskill\demo\Controller\userController.java
2026.03.26 18:46:38 INFO  no build target found for C:\Users\david\techskill\demo\src\main\java\techskill\demo\Controller\userController.java. Using fallback presentation compiler.
2026.03.26 18:46:45 WARN  no build target for: c:\Users\david\techskill\demo\src\main\java\techskill\demo\Entity\userEntity..java
2026.03.26 18:46:45 INFO  no build target found for c:\Users\david\techskill\demo\src\main\java\techskill\demo\Entity\userEntity..java. Using fallback presentation compiler.
2026.03.26 18:46:46 WARN  no build target for: C:\Users\david\techskill\demo\src\main\java\techskill\demo\Controller\userController.java
2026.03.26 18:46:46 INFO  no build target found for C:\Users\david\techskill\demo\src\main\java\techskill\demo\Controller\userController.java. Using fallback presentation compiler.
2026.03.26 18:46:47 WARN  no build target for: C:\Users\david\techskill\demo\src\main\java\techskill\demo\Entity\userEntity.java
2026.03.26 18:46:46 INFO  no build target found for C:\Users\david\techskill\demo\src\main\java\techskill\demo\Entity\userEntity.java. Using fallback presentation compiler.
2026.03.26 18:46:49 WARN  no build target for: C:\Users\david\techskill\demo\src\main\java\techskill\demo\DemoApplication.java
2026.03.26 18:46:49 INFO  no build target found for C:\Users\david\techskill\demo\src\main\java\techskill\demo\DemoApplication.java. Using fallback presentation compiler.
2026.03.26 18:46:50 WARN  no build target for: C:\Users\david\techskill\demo\src\main\java\techskill\demo\Entity\userEntity.java
2026.03.26 18:46:50 INFO  no build target found for C:\Users\david\techskill\demo\src\main\java\techskill\demo\Entity\userEntity.java. Using fallback presentation compiler.
2026.03.26 18:47:39 INFO  no build target found for c:\Users\david\techskill\demo\src\main\java\techskill\demo\Entity\userEntity..java. Using fallback presentation compiler.
2026.03.26 18:47:47 INFO  no build target found for C:\Users\david\techskill\demo\src\main\java\techskill\demo\Entity\userEntity.java. Using fallback presentation compiler.
Mar 26, 2026 6:48:57 PM org.eclipse.lsp4j.jsonrpc.services.GenericEndpoint notify
INFO: Unsupported notification method: $/setTrace
2026.03.26 18:51:00 INFO  no build target found for C:\Users\david\techskill\demo\src\main\java\techskill\demo\Entity\userEntity.java. Using fallback presentation compiler.
2026.03.26 18:51:02 INFO  no build target found for C:\Users\david\techskill\demo\src\main\java\techskill\demo\Entity\userEntity.java. Using fallback presentation compiler.
2026.03.26 18:51:02 INFO  no build target found for C:\Users\david\techskill\demo\src\main\java\techskill\demo\Entity\userEntity.java. Using fallback presentation compiler.
2026.03.26 18:51:02 INFO  no build target found for C:\Users\david\techskill\demo\src\main\java\techskill\demo\Entity\userEntity.java. Using fallback presentation compiler.
2026.03.26 18:51:02 INFO  no build target found for C:\Users\david\techskill\demo\src\main\java\techskill\demo\Entity\userEntity.java. Using fallback presentation compiler.
2026.03.26 18:51:02 INFO  no build target found for C:\Users\david\techskill\demo\src\main\java\techskill\demo\Entity\userEntity.java. Using fallback presentation compiler.
2026.03.26 18:51:02 INFO  no build target found for C:\Users\david\techskill\demo\src\main\java\techskill\demo\Entity\userEntity.java. Using fallback presentation compiler.
2026.03.26 18:51:03 INFO  no build target found for C:\Users\david\techskill\demo\src\main\java\techskill\demo\Entity\userEntity.java. Using fallback presentation compiler.
2026.03.26 18:51:03 INFO  no build target found for C:\Users\david\techskill\demo\src\main\java\techskill\demo\Entity\userEntity.java. Using fallback presentation compiler.
2026.03.26 18:51:03 INFO  no build target found for C:\Users\david\techskill\demo\src\main\java\techskill\demo\Entity\userEntity.java. Using fallback presentation compiler.
2026.03.26 18:51:03 INFO  no build target found for C:\Users\david\techskill\demo\src\main\java\techskill\demo\Entity\userEntity.java. Using fallback presentation compiler.
2026.03.26 18:51:03 INFO  no build target found for C:\Users\david\techskill\demo\src\main\java\techskill\demo\Entity\userEntity.java. Using fallback presentation compiler.
2026.03.26 18:51:03 INFO  no build target found for C:\Users\david\techskill\demo\src\main\java\techskill\demo\Entity\userEntity.java. Using fallback presentation compiler.
2026.03.26 18:51:03 INFO  no build target found for C:\Users\david\techskill\demo\src\main\java\techskill\demo\Entity\userEntity.java. Using fallback presentation compiler.
2026.03.26 18:51:03 INFO  no build target found for C:\Users\david\techskill\demo\src\main\java\techskill\demo\Entity\userEntity.java. Using fallback presentation compiler.
2026.03.26 18:51:04 INFO  no build target found for C:\Users\david\techskill\demo\src\main\java\techskill\demo\Entity\userEntity.java. Using fallback presentation compiler.
2026.03.26 18:51:03 INFO  no build target found for C:\Users\david\techskill\demo\src\main\java\techskill\demo\Entity\userEntity.java. Using fallback presentation compiler.
2026.03.26 18:51:03 INFO  no build target found for C:\Users\david\techskill\demo\src\main\java\techskill\demo\Entity\userEntity.java. Using fallback presentation compiler.
2026.03.26 18:51:04 INFO  no build target found for C:\Users\david\techskill\demo\src\main\java\techskill\demo\Entity\userEntity.java. Using fallback presentation compiler.
2026.03.26 18:51:04 INFO  no build target found for C:\Users\david\techskill\demo\src\main\java\techskill\demo\Entity\userEntity.java. Using fallback presentation compiler.
2026.03.26 18:51:04 INFO  no build target found for C:\Users\david\techskill\demo\src\main\java\techskill\demo\Entity\userEntity.java. Using fallback presentation compiler.
2026.03.26 18:51:05 INFO  no build target found for C:\Users\david\techskill\demo\src\main\java\techskill\demo\Entity\userEntity.java. Using fallback presentation compiler.
2026.03.26 18:51:04 INFO  no build target found for C:\Users\david\techskill\demo\src\main\java\techskill\demo\Entity\userEntity.java. Using fallback presentation compiler.
2026.03.26 18:51:04 INFO  no build target found for C:\Users\david\techskill\demo\src\main\java\techskill\demo\Entity\userEntity.java. Using fallback presentation compiler.
2026.03.26 18:51:05 INFO  no build target found for C:\Users\david\techskill\demo\src\main\java\techskill\demo\Entity\userEntity.java. Using fallback presentation compiler.
2026.03.26 18:51:05 INFO  no build target found for C:\Users\david\techskill\demo\src\main\java\techskill\demo\Entity\userEntity.java. Using fallback presentation compiler.
2026.03.26 18:51:05 INFO  no build target found for C:\Users\david\techskill\demo\src\main\java\techskill\demo\Entity\userEntity.java. Using fallback presentation compiler.
2026.03.26 18:51:05 INFO  no build target found for C:\Users\david\techskill\demo\src\main\java\techskill\demo\Entity\userEntity.java. Using fallback presentation compiler.
2026.03.26 18:51:05 INFO  no build target found for C:\Users\david\techskill\demo\src\main\java\techskill\demo\Entity\userEntity.java. Using fallback presentation compiler.
2026.03.26 18:51:05 INFO  no build target found for C:\Users\david\techskill\demo\src\main\java\techskill\demo\Entity\userEntity.java. Using fallback presentation compiler.
2026.03.26 18:51:05 INFO  no build target found for C:\Users\david\techskill\demo\src\main\java\techskill\demo\Entity\userEntity.java. Using fallback presentation compiler.
2026.03.26 18:51:07 INFO  no build target found for C:\Users\david\techskill\demo\src\main\java\techskill\demo\Entity\userEntity.java. Using fallback presentation compiler.
Mar 26, 2026 6:51:07 PM org.eclipse.lsp4j.jsonrpc.RemoteEndpoint handleCancellation
WARNING: Unmatched cancel notification for request id 1742
2026.03.26 18:51:07 INFO  no build target found for C:\Users\david\techskill\demo\src\main\java\techskill\demo\Entity\userEntity.java. Using fallback presentation compiler.
2026.03.26 18:51:07 INFO  no build target found for C:\Users\david\techskill\demo\src\main\java\techskill\demo\Entity\userEntity.java. Using fallback presentation compiler.
2026.03.26 18:51:07 INFO  no build target found for C:\Users\david\techskill\demo\src\main\java\techskill\demo\Entity\userEntity.java. Using fallback presentation compiler.
2026.03.26 18:51:07 INFO  no build target found for C:\Users\david\techskill\demo\src\main\java\techskill\demo\Entity\userEntity.java. Using fallback presentation compiler.
2026.03.26 18:51:07 INFO  no build target found for C:\Users\david\techskill\demo\src\main\java\techskill\demo\Entity\userEntity.java. Using fallback presentation compiler.
2026.03.26 18:51:09 INFO  no build target found for C:\Users\david\techskill\demo\src\main\java\techskill\demo\Entity\userEntity.java. Using fallback presentation compiler.
2026.03.26 18:51:09 INFO  no build target found for C:\Users\david\techskill\demo\src\main\java\techskill\demo\Entity\userEntity.java. Using fallback presentation compiler.
2026.03.26 18:51:09 INFO  no build target found for C:\Users\david\techskill\demo\src\main\java\techskill\demo\Entity\userEntity.java. Using fallback presentation compiler.
2026.03.26 18:51:09 INFO  no build target found for C:\Users\david\techskill\demo\src\main\java\techskill\demo\Entity\userEntity.java. Using fallback presentation compiler.
2026.03.26 18:51:09 INFO  no build target found for C:\Users\david\techskill\demo\src\main\java\techskill\demo\Entity\userEntity.java. Using fallback presentation compiler.
2026.03.26 18:51:09 INFO  no build target found for C:\Users\david\techskill\demo\src\main\java\techskill\demo\Entity\userEntity.java. Using fallback presentation compiler.
2026.03.26 18:51:09 INFO  no build target found for C:\Users\david\techskill\demo\src\main\java\techskill\demo\Entity\userEntity.java. Using fallback presentation compiler.
2026.03.26 18:51:10 INFO  no build target found for C:\Users\david\techskill\demo\src\main\java\techskill\demo\Entity\userEntity.java. Using fallback presentation compiler.
2026.03.26 18:51:11 INFO  no build target found for C:\Users\david\techskill\demo\src\main\java\techskill\demo\Entity\userEntity.java. Using fallback presentation compiler.
2026.03.26 18:51:11 INFO  no build target found for C:\Users\david\techskill\demo\src\main\java\techskill\demo\Entity\userEntity.java. Using fallback presentation compiler.
2026.03.26 18:51:11 INFO  no build target found for C:\Users\david\techskill\demo\src\main\java\techskill\demo\Entity\userEntity.java. Using fallback presentation compiler.
2026.03.26 18:51:11 INFO  no build target found for C:\Users\david\techskill\demo\src\main\java\techskill\demo\Entity\userEntity.java. Using fallback presentation compiler.
2026.03.26 18:51:11 INFO  no build target found for C:\Users\david\techskill\demo\src\main\java\techskill\demo\Entity\userEntity.java. Using fallback presentation compiler.
2026.03.26 18:51:12 INFO  no build target found for C:\Users\david\techskill\demo\src\main\java\techskill\demo\Entity\userEntity.java. Using fallback presentation compiler.
2026.03.26 18:51:11 INFO  no build target found for C:\Users\david\techskill\demo\src\main\java\techskill\demo\Entity\userEntity.java. Using fallback presentation compiler.
2026.03.26 18:51:11 INFO  no build target found for C:\Users\david\techskill\demo\src\main\java\techskill\demo\Entity\userEntity.java. Using fallback presentation compiler.
2026.03.26 18:51:12 INFO  no build target found for C:\Users\david\techskill\demo\src\main\java\techskill\demo\Entity\userEntity.java. Using fallback presentation compiler.
2026.03.26 18:51:11 INFO  no build target found for C:\Users\david\techskill\demo\src\main\java\techskill\demo\Entity\userEntity.java. Using fallback presentation compiler.
2026.03.26 18:51:11 INFO  no build target found for C:\Users\david\techskill\demo\src\main\java\techskill\demo\Entity\userEntity.java. Using fallback presentation compiler.
2026.03.26 18:51:13 INFO  no build target found for C:\Users\david\techskill\demo\src\main\java\techskill\demo\Entity\userEntity.java. Using fallback presentation compiler.
2026.03.26 18:51:13 INFO  no build target found for C:\Users\david\techskill\demo\src\main\java\techskill\demo\Entity\userEntity.java. Using fallback presentation compiler.
2026.03.26 18:51:13 INFO  no build target found for C:\Users\david\techskill\demo\src\main\java\techskill\demo\Entity\userEntity.java. Using fallback presentation compiler.
2026.03.26 18:51:13 INFO  no build target found for C:\Users\david\techskill\demo\src\main\java\techskill\demo\Entity\userEntity.java. Using fallback presentation compiler.
2026.03.26 18:51:13 INFO  no build target found for C:\Users\david\techskill\demo\src\main\java\techskill\demo\Entity\userEntity.java. Using fallback presentation compiler.
2026.03.26 18:51:13 INFO  no build target found for C:\Users\david\techskill\demo\src\main\java\techskill\demo\Entity\userEntity.java. Using fallback presentation compiler.
2026.03.26 18:51:13 INFO  no build target found for C:\Users\david\techskill\demo\src\main\java\techskill\demo\Entity\userEntity.java. Using fallback presentation compiler.
2026.03.26 18:51:14 INFO  no build target found for C:\Users\david\techskill\demo\src\main\java\techskill\demo\Entity\userEntity.java. Using fallback presentation compiler.
2026.03.26 18:51:14 INFO  no build target found for C:\Users\david\techskill\demo\src\main\java\techskill\demo\Entity\userEntity.java. Using fallback presentation compiler.
2026.03.26 18:51:14 INFO  no build target found for C:\Users\david\techskill\demo\src\main\java\techskill\demo\Entity\userEntity.java. Using fallback presentation compiler.
2026.03.26 18:51:14 INFO  no build target found for C:\Users\david\techskill\demo\src\main\java\techskill\demo\Entity\userEntity.java. Using fallback presentation compiler.
2026.03.26 18:51:14 INFO  no build target found for C:\Users\david\techskill\demo\src\main\java\techskill\demo\Entity\userEntity.java. Using fallback presentation compiler.
2026.03.26 18:51:14 INFO  no build target found for C:\Users\david\techskill\demo\src\main\java\techskill\demo\Entity\userEntity.java. Using fallback presentation compiler.
2026.03.26 18:51:14 INFO  no build target found for C:\Users\david\techskill\demo\src\main\java\techskill\demo\Entity\userEntity.java. Using fallback presentation compiler.
2026.03.26 18:51:14 INFO  no build target found for C:\Users\david\techskill\demo\src\main\java\techskill\demo\Entity\userEntity.java. Using fallback presentation compiler.
2026.03.26 18:51:14 INFO  no build target found for C:\Users\david\techskill\demo\src\main\java\techskill\demo\Entity\userEntity.java. Using fallback presentation compiler.
2026.03.26 18:51:14 INFO  no build target found for C:\Users\david\techskill\demo\src\main\java\techskill\demo\Entity\userEntity.java. Using fallback presentation compiler.
2026.03.26 18:51:14 INFO  no build target found for C:\Users\david\techskill\demo\src\main\java\techskill\demo\Entity\userEntity.java. Using fallback presentation compiler.
2026.03.26 18:51:15 INFO  no build target found for C:\Users\david\techskill\demo\src\main\java\techskill\demo\Entity\userEntity.java. Using fallback presentation compiler.
2026.03.26 18:51:15 INFO  no build target found for C:\Users\david\techskill\demo\src\main\java\techskill\demo\Entity\userEntity.java. Using fallback presentation compiler.
2026.03.26 18:51:15 INFO  no build target found for C:\Users\david\techskill\demo\src\main\java\techskill\demo\Entity\userEntity.java. Using fallback presentation compiler.
2026.03.26 18:51:17 INFO  no build target found for C:\Users\david\techskill\demo\src\main\java\techskill\demo\Entity\userEntity.java. Using fallback presentation compiler.
2026.03.26 18:51:17 INFO  no build target found for C:\Users\david\techskill\demo\src\main\java\techskill\demo\Entity\userEntity.java. Using fallback presentation compiler.
2026.03.26 18:51:17 INFO  no build target found for C:\Users\david\techskill\demo\src\main\java\techskill\demo\Entity\userEntity.java. Using fallback presentation compiler.
2026.03.26 18:51:17 INFO  no build target found for C:\Users\david\techskill\demo\src\main\java\techskill\demo\Entity\userEntity.java. Using fallback presentation compiler.
2026.03.26 18:51:17 INFO  no build target found for C:\Users\david\techskill\demo\src\main\java\techskill\demo\Entity\userEntity.java. Using fallback presentation compiler.
2026.03.26 18:51:17 INFO  no build target found for C:\Users\david\techskill\demo\src\main\java\techskill\demo\Entity\userEntity.java. Using fallback presentation compiler.
2026.03.26 18:51:17 INFO  no build target found for C:\Users\david\techskill\demo\src\main\java\techskill\demo\Entity\userEntity.java. Using fallback presentation compiler.
2026.03.26 18:51:17 INFO  no build target found for C:\Users\david\techskill\demo\src\main\java\techskill\demo\Entity\userEntity.java. Using fallback presentation compiler.
2026.03.26 18:51:17 INFO  no build target found for C:\Users\david\techskill\demo\src\main\java\techskill\demo\Entity\userEntity.java. Using fallback presentation compiler.
2026.03.26 18:51:17 INFO  no build target found for C:\Users\david\techskill\demo\src\main\java\techskill\demo\Entity\userEntity.java. Using fallback presentation compiler.
2026.03.26 18:51:17 INFO  no build target found for C:\Users\david\techskill\demo\src\main\java\techskill\demo\Entity\userEntity.java. Using fallback presentation compiler.
2026.03.26 18:51:18 INFO  no build target found for C:\Users\david\techskill\demo\src\main\java\techskill\demo\Entity\userEntity.java. Using fallback presentation compiler.
2026.03.26 18:51:18 INFO  no build target found for C:\Users\david\techskill\demo\src\main\java\techskill\demo\Entity\userEntity.java. Using fallback presentation compiler.
2026.03.26 18:51:18 INFO  no build target found for C:\Users\david\techskill\demo\src\main\java\techskill\demo\Entity\userEntity.java. Using fallback presentation compiler.
2026.03.26 18:51:18 INFO  no build target found for C:\Users\david\techskill\demo\src\main\java\techskill\demo\Entity\userEntity.java. Using fallback presentation compiler.
2026.03.26 18:51:18 INFO  no build target found for C:\Users\david\techskill\demo\src\main\java\techskill\demo\Entity\userEntity.java. Using fallback presentation compiler.
2026.03.26 18:51:18 INFO  no build target found for C:\Users\david\techskill\demo\src\main\java\techskill\demo\Entity\userEntity.java. Using fallback presentation compiler.
2026.03.26 18:51:18 INFO  no build target found for C:\Users\david\techskill\demo\src\main\java\techskill\demo\Entity\userEntity.java. Using fallback presentation compiler.
2026.03.26 18:51:18 INFO  no build target found for C:\Users\david\techskill\demo\src\main\java\techskill\demo\Entity\userEntity.java. Using fallback presentation compiler.
2026.03.26 18:51:18 INFO  no build target found for C:\Users\david\techskill\demo\src\main\java\techskill\demo\Entity\userEntity.java. Using fallback presentation compiler.
2026.03.26 18:51:18 INFO  no build target found for C:\Users\david\techskill\demo\src\main\java\techskill\demo\Entity\userEntity.java. Using fallback presentation compiler.
2026.03.26 18:51:18 INFO  no build target found for C:\Users\david\techskill\demo\src\main\java\techskill\demo\Entity\userEntity.java. Using fallback presentation compiler.
2026.03.26 18:51:18 INFO  no build target found for C:\Users\david\techskill\demo\src\main\java\techskill\demo\Entity\userEntity.java. Using fallback presentation compiler.
2026.03.26 18:51:18 INFO  no build target found for C:\Users\david\techskill\demo\src\main\java\techskill\demo\Entity\userEntity.java. Using fallback presentation compiler.
2026.03.26 18:51:19 INFO  no build target found for C:\Users\david\techskill\demo\src\main\java\techskill\demo\Entity\userEntity.java. Using fallback presentation compiler.
2026.03.26 18:51:19 INFO  no build target found for C:\Users\david\techskill\demo\src\main\java\techskill\demo\Entity\userEntity.java. Using fallback presentation compiler.
2026.03.26 18:51:19 INFO  no build target found for C:\Users\david\techskill\demo\src\main\java\techskill\demo\Entity\userEntity.java. Using fallback presentation compiler.
2026.03.26 18:51:19 INFO  no build target found for C:\Users\david\techskill\demo\src\main\java\techskill\demo\Entity\userEntity.java. Using fallback presentation compiler.
2026.03.26 18:51:19 INFO  no build target found for C:\Users\david\techskill\demo\src\main\java\techskill\demo\Entity\userEntity.java. Using fallback presentation compiler.
2026.03.26 18:51:19 INFO  no build target found for C:\Users\david\techskill\demo\src\main\java\techskill\demo\Entity\userEntity.java. Using fallback presentation compiler.
2026.03.26 18:51:19 INFO  no build target found for C:\Users\david\techskill\demo\src\main\java\techskill\demo\Entity\userEntity.java. Using fallback presentation compiler.
2026.03.26 18:51:19 INFO  no build target found for C:\Users\david\techskill\demo\src\main\java\techskill\demo\Entity\userEntity.java. Using fallback presentation compiler.
2026.03.26 18:51:19 INFO  no build target found for C:\Users\david\techskill\demo\src\main\java\techskill\demo\Entity\userEntity.java. Using fallback presentation compiler.
2026.03.26 18:51:23 INFO  no build target found for C:\Users\david\techskill\demo\src\main\java\techskill\demo\Entity\userEntity.java. Using fallback presentation compiler.
2026.03.26 18:51:23 INFO  no build target found for C:\Users\david\techskill\demo\src\main\java\techskill\demo\Entity\userEntity.java. Using fallback presentation compiler.
2026.03.26 18:51:23 INFO  no build target found for C:\Users\david\techskill\demo\src\main\java\techskill\demo\Entity\userEntity.java. Using fallback presentation compiler.
2026.03.26 18:51:23 INFO  Created report: Optional[file:///C:/Users/david/techskill/demo/src/main/java/techskill/demo/Entity/userEntity.java]
2026.03.26 18:51:23 INFO  empty definition using pc, found symbol in pc: java/lang/String# (full report at: "C:\Users\david\techskill\demo\.metals\.reports\metals-full\2026-03-26\r_empty-definition_18-51-23-391.md")
2026.03.26 18:51:23 INFO  no build target found for C:\Users\david\techskill\demo\src\main\java\techskill\demo\Entity\userEntity.java. Using fallback presentation compiler.
2026.03.26 18:51:23 INFO  no build target found for C:\Users\david\techskill\demo\src\main\java\techskill\demo\Entity\userEntity.java. Using fallback presentation compiler.
2026.03.26 18:51:23 INFO  no build target found for C:\Users\david\techskill\demo\src\main\java\techskill\demo\Entity\userEntity.java. Using fallback presentation compiler.
2026.03.26 18:51:23 INFO  no build target found for C:\Users\david\techskill\demo\src\main\java\techskill\demo\Entity\userEntity.java. Using fallback presentation compiler.
2026.03.26 18:51:24 INFO  no build target found for C:\Users\david\techskill\demo\src\main\java\techskill\demo\Entity\userEntity.java. Using fallback presentation compiler.
2026.03.26 18:51:24 INFO  no build target found for C:\Users\david\techskill\demo\src\main\java\techskill\demo\Entity\userEntity.java. Using fallback presentation compiler.
2026.03.26 18:51:26 INFO  no build target found for C:\Users\david\techskill\demo\src\main\java\techskill\demo\Entity\userEntity.java. Using fallback presentation compiler.
2026.03.26 18:52:25 WARN  no build target for: C:\Users\david\techskill\demo\src\main\java\techskill\demo\Entity\userEntity.java
2026.03.26 18:52:25 INFO  no build target found for C:\Users\david\techskill\demo\src\main\java\techskill\demo\Entity\userEntity.java. Using fallback presentation compiler.
2026.03.26 18:52:48 INFO  no build target found for C:\Users\david\techskill\demo\src\main\java\techskill\demo\Entity\userEntity.java. Using fallback presentation compiler.
2026.03.26 18:52:48 INFO  no build target found for C:\Users\david\techskill\demo\src\main\java\techskill\demo\Entity\userEntity.java. Using fallback presentation compiler.
2026.03.26 18:52:48 INFO  no build target found for C:\Users\david\techskill\demo\src\main\java\techskill\demo\Entity\userEntity.java. Using fallback presentation compiler.
2026.03.26 18:52:48 INFO  no build target found for C:\Users\david\techskill\demo\src\main\java\techskill\demo\Entity\userEntity.java. Using fallback presentation compiler.
2026.03.26 18:52:48 INFO  no build target found for C:\Users\david\techskill\demo\src\main\java\techskill\demo\Entity\userEntity.java. Using fallback presentation compiler.
2026.03.26 18:52:48 INFO  no build target found for C:\Users\david\techskill\demo\src\main\java\techskill\demo\Entity\userEntity.java. Using fallback presentation compiler.
2026.03.26 18:52:48 INFO  no build target found for C:\Users\david\techskill\demo\src\main\java\techskill\demo\Entity\userEntity.java. Using fallback presentation compiler.
2026.03.26 18:52:49 INFO  no build target found for C:\Users\david\techskill\demo\src\main\java\techskill\demo\Entity\userEntity.java. Using fallback presentation compiler.
2026.03.26 18:52:49 INFO  no build target found for C:\Users\david\techskill\demo\src\main\java\techskill\demo\Entity\userEntity.java. Using fallback presentation compiler.
2026.03.26 18:52:50 INFO  no build target found for C:\Users\david\techskill\demo\src\main\java\techskill\demo\Entity\userEntity.java. Using fallback presentation compiler.
2026.03.26 18:52:51 INFO  no build target found for C:\Users\david\techskill\demo\src\main\java\techskill\demo\Entity\userEntity.java. Using fallback presentation compiler.
2026.03.26 18:52:51 INFO  no build target found for C:\Users\david\techskill\demo\src\main\java\techskill\demo\Entity\userEntity.java. Using fallback presentation compiler.
2026.03.26 18:52:51 INFO  no build target found for C:\Users\david\techskill\demo\src\main\java\techskill\demo\Entity\userEntity.java. Using fallback presentation compiler.
2026.03.26 18:52:51 INFO  no build target found for C:\Users\david\techskill\demo\src\main\java\techskill\demo\Entity\userEntity.java. Using fallback presentation compiler.
2026.03.26 18:52:51 INFO  no build target found for C:\Users\david\techskill\demo\src\main\java\techskill\demo\Entity\userEntity.java. Using fallback presentation compiler.
2026.03.26 18:52:51 INFO  no build target found for C:\Users\david\techskill\demo\src\main\java\techskill\demo\Entity\userEntity.java. Using fallback presentation compiler.
2026.03.26 18:52:51 INFO  no build target found for C:\Users\david\techskill\demo\src\main\java\techskill\demo\Entity\userEntity.java. Using fallback presentation compiler.
2026.03.26 18:52:52 INFO  no build target found for C:\Users\david\techskill\demo\src\main\java\techskill\demo\Entity\userEntity.java. Using fallback presentation compiler.
2026.03.26 18:52:52 INFO  no build target found for C:\Users\david\techskill\demo\src\main\java\techskill\demo\Entity\userEntity.java. Using fallback presentation compiler.
2026.03.26 18:52:52 INFO  no build target found for C:\Users\david\techskill\demo\src\main\java\techskill\demo\Entity\userEntity.java. Using fallback presentation compiler.
2026.03.26 18:52:52 INFO  no build target found for C:\Users\david\techskill\demo\src\main\java\techskill\demo\Entity\userEntity.java. Using fallback presentation compiler.
2026.03.26 18:52:53 INFO  no build target found for C:\Users\david\techskill\demo\src\main\java\techskill\demo\Entity\userEntity.java. Using fallback presentation compiler.
2026.03.26 18:52:52 INFO  no build target found for C:\Users\david\techskill\demo\src\main\java\techskill\demo\Entity\userEntity.java. Using fallback presentation compiler.
2026.03.26 18:52:52 INFO  no build target found for C:\Users\david\techskill\demo\src\main\java\techskill\demo\Entity\userEntity.java. Using fallback presentation compiler.
2026.03.26 18:52:53 INFO  no build target found for C:\Users\david\techskill\demo\src\main\java\techskill\demo\Entity\userEntity.java. Using fallback presentation compiler.
2026.03.26 18:52:53 INFO  no build target found for C:\Users\david\techskill\demo\src\main\java\techskill\demo\Entity\userEntity.java. Using fallback presentation compiler.
2026.03.26 18:52:53 INFO  no build target found for C:\Users\david\techskill\demo\src\main\java\techskill\demo\Entity\userEntity.java. Using fallback presentation compiler.
2026.03.26 18:52:55 INFO  no build target found for C:\Users\david\techskill\demo\src\main\java\techskill\demo\Entity\userEntity.java. Using fallback presentation compiler.
2026.03.26 18:52:56 INFO  no build target found for C:\Users\david\techskill\demo\src\main\java\techskill\demo\Entity\userEntity.java. Using fallback presentation compiler.
2026.03.26 18:52:56 INFO  no build target found for C:\Users\david\techskill\demo\src\main\java\techskill\demo\Entity\userEntity.java. Using fallback presentation compiler.
2026.03.26 18:52:56 INFO  no build target found for C:\Users\david\techskill\demo\src\main\java\techskill\demo\Entity\userEntity.java. Using fallback presentation compiler.
2026.03.26 18:52:56 INFO  no build target found for C:\Users\david\techskill\demo\src\main\java\techskill\demo\Entity\userEntity.java. Using fallback presentation compiler.
2026.03.26 18:52:56 INFO  no build target found for C:\Users\david\techskill\demo\src\main\java\techskill\demo\Entity\userEntity.java. Using fallback presentation compiler.
2026.03.26 18:52:57 INFO  no build target found for C:\Users\david\techskill\demo\src\main\java\techskill\demo\Entity\userEntity.java. Using fallback presentation compiler.
2026.03.26 18:52:57 INFO  no build target found for C:\Users\david\techskill\demo\src\main\java\techskill\demo\Entity\userEntity.java. Using fallback presentation compiler.
2026.03.26 18:52:58 INFO  no build target found for C:\Users\david\techskill\demo\src\main\java\techskill\demo\Entity\userEntity.java. Using fallback presentation compiler.
2026.03.26 18:52:57 INFO  no build target found for C:\Users\david\techskill\demo\src\main\java\techskill\demo\Entity\userEntity.java. Using fallback presentation compiler.
2026.03.26 18:52:58 INFO  no build target found for C:\Users\david\techskill\demo\src\main\java\techskill\demo\Entity\userEntity.java. Using fallback presentation compiler.
2026.03.26 18:52:59 INFO  no build target found for C:\Users\david\techskill\demo\src\main\java\techskill\demo\Entity\userEntity.java. Using fallback presentation compiler.
2026.03.26 18:52:59 INFO  no build target found for C:\Users\david\techskill\demo\src\main\java\techskill\demo\Entity\userEntity.java. Using fallback presentation compiler.
2026.03.26 18:52:59 INFO  no build target found for C:\Users\david\techskill\demo\src\main\java\techskill\demo\Entity\userEntity.java. Using fallback presentation compiler.
2026.03.26 18:53:00 INFO  no build target found for C:\Users\david\techskill\demo\src\main\java\techskill\demo\Entity\userEntity.java. Using fallback presentation compiler.
2026.03.26 18:53:00 INFO  no build target found for C:\Users\david\techskill\demo\src\main\java\techskill\demo\Entity\userEntity.java. Using fallback presentation compiler.
2026.03.26 18:53:02 INFO  no build target found for C:\Users\david\techskill\demo\src\main\java\techskill\demo\Entity\userEntity.java. Using fallback presentation compiler.
2026.03.26 18:53:02 INFO  no build target found for C:\Users\david\techskill\demo\src\main\java\techskill\demo\Entity\userEntity.java. Using fallback presentation compiler.
2026.03.26 18:53:03 INFO  no build target found for C:\Users\david\techskill\demo\src\main\java\techskill\demo\Entity\userEntity.java. Using fallback presentation compiler.
2026.03.26 18:53:02 INFO  no build target found for C:\Users\david\techskill\demo\src\main\java\techskill\demo\Entity\userEntity.java. Using fallback presentation compiler.
2026.03.26 18:53:02 INFO  no build target found for C:\Users\david\techskill\demo\src\main\java\techskill\demo\Entity\userEntity.java. Using fallback presentation compiler.
2026.03.26 18:53:02 INFO  no build target found for C:\Users\david\techskill\demo\src\main\java\techskill\demo\Entity\userEntity.java. Using fallback presentation compiler.
2026.03.26 18:53:02 INFO  no build target found for C:\Users\david\techskill\demo\src\main\java\techskill\demo\Entity\userEntity.java. Using fallback presentation compiler.
2026.03.26 18:53:02 INFO  no build target found for C:\Users\david\techskill\demo\src\main\java\techskill\demo\Entity\userEntity.java. Using fallback presentation compiler.
2026.03.26 18:53:03 INFO  no build target found for C:\Users\david\techskill\demo\src\main\java\techskill\demo\Entity\userEntity.java. Using fallback presentation compiler.
2026.03.26 18:53:02 INFO  no build target found for C:\Users\david\techskill\demo\src\main\java\techskill\demo\Entity\userEntity.java. Using fallback presentation compiler.
2026.03.26 18:53:02 INFO  no build target found for C:\Users\david\techskill\demo\src\main\java\techskill\demo\Entity\userEntity.java. Using fallback presentation compiler.
2026.03.26 18:53:02 INFO  no build target found for C:\Users\david\techskill\demo\src\main\java\techskill\demo\Entity\userEntity.java. Using fallback presentation compiler.
2026.03.26 18:53:03 INFO  no build target found for C:\Users\david\techskill\demo\src\main\java\techskill\demo\Entity\userEntity.java. Using fallback presentation compiler.
2026.03.26 18:53:04 INFO  no build target found for C:\Users\david\techskill\demo\src\main\java\techskill\demo\Entity\userEntity.java. Using fallback presentation compiler.
2026.03.26 18:53:04 INFO  no build target found for C:\Users\david\techskill\demo\src\main\java\techskill\demo\Entity\userEntity.java. Using fallback presentation compiler.
2026.03.26 18:53:04 INFO  no build target found for C:\Users\david\techskill\demo\src\main\java\techskill\demo\Entity\userEntity.java. Using fallback presentation compiler.
2026.03.26 18:53:04 INFO  no build target found for C:\Users\david\techskill\demo\src\main\java\techskill\demo\Entity\userEntity.java. Using fallback presentation compiler.
2026.03.26 18:53:04 INFO  no build target found for C:\Users\david\techskill\demo\src\main\java\techskill\demo\Entity\userEntity.java. Using fallback presentation compiler.
2026.03.26 18:53:04 INFO  no build target found for C:\Users\david\techskill\demo\src\main\java\techskill\demo\Entity\userEntity.java. Using fallback presentation compiler.
2026.03.26 18:53:04 INFO  no build target found for C:\Users\david\techskill\demo\src\main\java\techskill\demo\Entity\userEntity.java. Using fallback presentation compiler.
2026.03.26 18:53:05 INFO  no build target found for C:\Users\david\techskill\demo\src\main\java\techskill\demo\Entity\userEntity.java. Using fallback presentation compiler.
2026.03.26 18:53:05 INFO  no build target found for C:\Users\david\techskill\demo\src\main\java\techskill\demo\Entity\userEntity.java. Using fallback presentation compiler.
2026.03.26 18:53:05 INFO  no build target found for C:\Users\david\techskill\demo\src\main\java\techskill\demo\Entity\userEntity.java. Using fallback presentation compiler.
2026.03.26 18:53:06 INFO  no build target found for C:\Users\david\techskill\demo\src\main\java\techskill\demo\Entity\userEntity.java. Using fallback presentation compiler.
2026.03.26 18:53:06 INFO  no build target found for C:\Users\david\techskill\demo\src\main\java\techskill\demo\Entity\userEntity.java. Using fallback presentation compiler.
2026.03.26 18:53:08 INFO  no build target found for C:\Users\david\techskill\demo\src\main\java\techskill\demo\Entity\userEntity.java. Using fallback presentation compiler.
2026.03.26 18:53:08 INFO  no build target found for C:\Users\david\techskill\demo\src\main\java\techskill\demo\Entity\userEntity.java. Using fallback presentation compiler.
2026.03.26 18:53:08 INFO  no build target found for C:\Users\david\techskill\demo\src\main\java\techskill\demo\Entity\userEntity.java. Using fallback presentation compiler.
2026.03.26 18:53:08 INFO  no build target found for C:\Users\david\techskill\demo\src\main\java\techskill\demo\Entity\userEntity.java. Using fallback presentation compiler.
2026.03.26 18:53:08 INFO  no build target found for C:\Users\david\techskill\demo\src\main\java\techskill\demo\Entity\userEntity.java. Using fallback presentation compiler.
2026.03.26 18:53:08 INFO  no build target found for C:\Users\david\techskill\demo\src\main\java\techskill\demo\Entity\userEntity.java. Using fallback presentation compiler.
2026.03.26 18:53:08 INFO  no build target found for C:\Users\david\techskill\demo\src\main\java\techskill\demo\Entity\userEntity.java. Using fallback presentation compiler.
2026.03.26 18:53:09 INFO  no build target found for C:\Users\david\techskill\demo\src\main\java\techskill\demo\Entity\userEntity.java. Using fallback presentation compiler.
2026.03.26 18:53:09 INFO  no build target found for C:\Users\david\techskill\demo\src\main\java\techskill\demo\Entity\userEntity.java. Using fallback presentation compiler.
2026.03.26 18:53:09 INFO  no build target found for C:\Users\david\techskill\demo\src\main\java\techskill\demo\Entity\userEntity.java. Using fallback presentation compiler.
2026.03.26 18:53:10 INFO  no build target found for C:\Users\david\techskill\demo\src\main\java\techskill\demo\Entity\userEntity.java. Using fallback presentation compiler.
2026.03.26 18:53:11 INFO  no build target found for C:\Users\david\techskill\demo\src\main\java\techskill\demo\Entity\userEntity.java. Using fallback presentation compiler.
2026.03.26 18:53:11 INFO  no build target found for C:\Users\david\techskill\demo\src\main\java\techskill\demo\Entity\userEntity.java. Using fallback presentation compiler.
2026.03.26 18:53:15 INFO  no build target found for C:\Users\david\techskill\demo\src\main\java\techskill\demo\Entity\userEntity.java. Using fallback presentation compiler.
2026.03.26 18:53:15 INFO  no build target found for C:\Users\david\techskill\demo\src\main\java\techskill\demo\Entity\userEntity.java. Using fallback presentation compiler.
2026.03.26 18:53:15 INFO  no build target found for C:\Users\david\techskill\demo\src\main\java\techskill\demo\Entity\userEntity.java. Using fallback presentation compiler.
2026.03.26 18:53:15 INFO  no build target found for C:\Users\david\techskill\demo\src\main\java\techskill\demo\Entity\userEntity.java. Using fallback presentation compiler.
2026.03.26 18:53:15 INFO  no build target found for C:\Users\david\techskill\demo\src\main\java\techskill\demo\Entity\userEntity.java. Using fallback presentation compiler.
2026.03.26 18:53:15 INFO  no build target found for C:\Users\david\techskill\demo\src\main\java\techskill\demo\Entity\userEntity.java. Using fallback presentation compiler.
2026.03.26 18:53:15 INFO  no build target found for C:\Users\david\techskill\demo\src\main\java\techskill\demo\Entity\userEntity.java. Using fallback presentation compiler.
2026.03.26 18:53:15 INFO  no build target found for C:\Users\david\techskill\demo\src\main\java\techskill\demo\Entity\userEntity.java. Using fallback presentation compiler.
2026.03.26 18:53:16 INFO  no build target found for C:\Users\david\techskill\demo\src\main\java\techskill\demo\Entity\userEntity.java. Using fallback presentation compiler.
2026.03.26 18:53:16 INFO  no build target found for C:\Users\david\techskill\demo\src\main\java\techskill\demo\Entity\userEntity.java. Using fallback presentation compiler.
2026.03.26 18:53:23 INFO  no build target found for C:\Users\david\techskill\demo\src\main\java\techskill\demo\Entity\userEntity.java. Using fallback presentation compiler.
2026.03.26 18:53:23 INFO  no build target found for C:\Users\david\techskill\demo\src\main\java\techskill\demo\Entity\userEntity.java. Using fallback presentation compiler.
2026.03.26 18:53:23 INFO  no build target found for C:\Users\david\techskill\demo\src\main\java\techskill\demo\Entity\userEntity.java. Using fallback presentation compiler.
2026.03.26 18:53:25 INFO  no build target found for C:\Users\david\techskill\demo\src\main\java\techskill\demo\Entity\userEntity.java. Using fallback presentation compiler.
2026.03.26 18:53:25 INFO  no build target found for C:\Users\david\techskill\demo\src\main\java\techskill\demo\Entity\userEntity.java. Using fallback presentation compiler.
2026.03.26 18:53:25 INFO  no build target found for C:\Users\david\techskill\demo\src\main\java\techskill\demo\Entity\userEntity.java. Using fallback presentation compiler.
2026.03.26 18:53:25 INFO  no build target found for C:\Users\david\techskill\demo\src\main\java\techskill\demo\Entity\userEntity.java. Using fallback presentation compiler.
2026.03.26 18:53:25 INFO  no build target found for C:\Users\david\techskill\demo\src\main\java\techskill\demo\Entity\userEntity.java. Using fallback presentation compiler.
2026.03.26 18:53:25 INFO  no build target found for C:\Users\david\techskill\demo\src\main\java\techskill\demo\Entity\userEntity.java. Using fallback presentation compiler.
2026.03.26 18:53:25 INFO  no build target found for C:\Users\david\techskill\demo\src\main\java\techskill\demo\Entity\userEntity.java. Using fallback presentation compiler.
2026.03.26 18:53:25 INFO  no build target found for C:\Users\david\techskill\demo\src\main\java\techskill\demo\Entity\userEntity.java. Using fallback presentation compiler.
2026.03.26 18:53:26 INFO  no build target found for C:\Users\david\techskill\demo\src\main\java\techskill\demo\Entity\userEntity.java. Using fallback presentation compiler.
2026.03.26 18:53:26 INFO  no build target found for C:\Users\david\techskill\demo\src\main\java\techskill\demo\Entity\userEntity.java. Using fallback presentation compiler.
2026.03.26 18:53:26 INFO  no build target found for C:\Users\david\techskill\demo\src\main\java\techskill\demo\Entity\userEntity.java. Using fallback presentation compiler.
2026.03.26 18:53:26 INFO  no build target found for C:\Users\david\techskill\demo\src\main\java\techskill\demo\Entity\userEntity.java. Using fallback presentation compiler.
2026.03.26 18:53:26 INFO  no build target found for C:\Users\david\techskill\demo\src\main\java\techskill\demo\Entity\userEntity.java. Using fallback presentation compiler.
2026.03.26 18:53:27 INFO  no build target found for C:\Users\david\techskill\demo\src\main\java\techskill\demo\Entity\userEntity.java. Using fallback presentation compiler.
2026.03.26 18:53:27 INFO  no build target found for C:\Users\david\techskill\demo\src\main\java\techskill\demo\Entity\userEntity.java. Using fallback presentation compiler.
2026.03.26 18:53:27 INFO  no build target found for C:\Users\david\techskill\demo\src\main\java\techskill\demo\Entity\userEntity.java. Using fallback presentation compiler.
2026.03.26 18:53:27 INFO  no build target found for C:\Users\david\techskill\demo\src\main\java\techskill\demo\Entity\userEntity.java. Using fallback presentation compiler.
2026.03.26 18:53:27 INFO  no build target found for C:\Users\david\techskill\demo\src\main\java\techskill\demo\Entity\userEntity.java. Using fallback presentation compiler.
2026.03.26 18:53:27 INFO  no build target found for C:\Users\david\techskill\demo\src\main\java\techskill\demo\Entity\userEntity.java. Using fallback presentation compiler.
2026.03.26 18:53:27 INFO  no build target found for C:\Users\david\techskill\demo\src\main\java\techskill\demo\Entity\userEntity.java. Using fallback presentation compiler.
2026.03.26 18:53:27 INFO  no build target found for C:\Users\david\techskill\demo\src\main\java\techskill\demo\Entity\userEntity.java. Using fallback presentation compiler.
2026.03.26 18:53:28 INFO  no build target found for C:\Users\david\techskill\demo\src\main\java\techskill\demo\Entity\userEntity.java. Using fallback presentation compiler.
2026.03.26 18:53:28 INFO  no build target found for C:\Users\david\techskill\demo\src\main\java\techskill\demo\Entity\userEntity.java. Using fallback presentation compiler.
2026.03.26 18:53:28 INFO  no build target found for C:\Users\david\techskill\demo\src\main\java\techskill\demo\Entity\userEntity.java. Using fallback presentation compiler.
2026.03.26 18:53:28 INFO  no build target found for C:\Users\david\techskill\demo\src\main\java\techskill\demo\Entity\userEntity.java. Using fallback presentation compiler.
2026.03.26 18:53:28 INFO  no build target found for C:\Users\david\techskill\demo\src\main\java\techskill\demo\Entity\userEntity.java. Using fallback presentation compiler.
2026.03.26 18:53:29 INFO  no build target found for C:\Users\david\techskill\demo\src\main\java\techskill\demo\Entity\userEntity.java. Using fallback presentation compiler.
2026.03.26 18:53:28 INFO  no build target found for C:\Users\david\techskill\demo\src\main\java\techskill\demo\Entity\userEntity.java. Using fallback presentation compiler.
2026.03.26 18:53:28 INFO  no build target found for C:\Users\david\techskill\demo\src\main\java\techskill\demo\Entity\userEntity.java. Using fallback presentation compiler.
2026.03.26 18:53:29 INFO  no build target found for C:\Users\david\techskill\demo\src\main\java\techskill\demo\Entity\userEntity.java. Using fallback presentation compiler.
2026.03.26 18:53:29 INFO  no build target found for C:\Users\david\techskill\demo\src\main\java\techskill\demo\Entity\userEntity.java. Using fallback presentation compiler.
2026.03.26 18:53:29 INFO  no build target found for C:\Users\david\techskill\demo\src\main\java\techskill\demo\Entity\userEntity.java. Using fallback presentation compiler.
2026.03.26 18:53:29 INFO  no build target found for C:\Users\david\techskill\demo\src\main\java\techskill\demo\Entity\userEntity.java. Using fallback presentation compiler.
2026.03.26 18:53:29 INFO  no build target found for C:\Users\david\techskill\demo\src\main\java\techskill\demo\Entity\userEntity.java. Using fallback presentation compiler.
2026.03.26 18:53:29 INFO  no build target found for C:\Users\david\techskill\demo\src\main\java\techskill\demo\Entity\userEntity.java. Using fallback presentation compiler.
2026.03.26 18:53:29 INFO  no build target found for C:\Users\david\techskill\demo\src\main\java\techskill\demo\Entity\userEntity.java. Using fallback presentation compiler.
2026.03.26 18:53:30 INFO  no build target found for C:\Users\david\techskill\demo\src\main\java\techskill\demo\Entity\userEntity.java. Using fallback presentation compiler.
2026.03.26 18:53:29 INFO  no build target found for C:\Users\david\techskill\demo\src\main\java\techskill\demo\Entity\userEntity.java. Using fallback presentation compiler.
2026.03.26 18:53:30 INFO  no build target found for C:\Users\david\techskill\demo\src\main\java\techskill\demo\Entity\userEntity.java. Using fallback presentation compiler.
2026.03.26 18:53:31 INFO  no build target found for C:\Users\david\techskill\demo\src\main\java\techskill\demo\Entity\userEntity.java. Using fallback presentation compiler.
2026.03.26 18:53:31 INFO  no build target found for C:\Users\david\techskill\demo\src\main\java\techskill\demo\Entity\userEntity.java. Using fallback presentation compiler.
2026.03.26 18:53:31 INFO  no build target found for C:\Users\david\techskill\demo\src\main\java\techskill\demo\Entity\userEntity.java. Using fallback presentation compiler.
2026.03.26 18:53:32 INFO  no build target found for C:\Users\david\techskill\demo\src\main\java\techskill\demo\Entity\userEntity.java. Using fallback presentation compiler.
2026.03.26 18:53:32 INFO  no build target found for C:\Users\david\techskill\demo\src\main\java\techskill\demo\Entity\userEntity.java. Using fallback presentation compiler.
2026.03.26 18:53:32 INFO  no build target found for C:\Users\david\techskill\demo\src\main\java\techskill\demo\Entity\userEntity.java. Using fallback presentation compiler.
2026.03.26 18:53:32 INFO  no build target found for C:\Users\david\techskill\demo\src\main\java\techskill\demo\Entity\userEntity.java. Using fallback presentation compiler.
2026.03.26 18:53:32 INFO  no build target found for C:\Users\david\techskill\demo\src\main\java\techskill\demo\Entity\userEntity.java. Using fallback presentation compiler.
2026.03.26 18:53:32 INFO  no build target found for C:\Users\david\techskill\demo\src\main\java\techskill\demo\Entity\userEntity.java. Using fallback presentation compiler.
2026.03.26 18:53:33 INFO  no build target found for C:\Users\david\techskill\demo\src\main\java\techskill\demo\Entity\userEntity.java. Using fallback presentation compiler.
2026.03.26 18:53:32 INFO  no build target found for C:\Users\david\techskill\demo\src\main\java\techskill\demo\Entity\userEntity.java. Using fallback presentation compiler.
2026.03.26 18:53:33 INFO  no build target found for C:\Users\david\techskill\demo\src\main\java\techskill\demo\Entity\userEntity.java. Using fallback presentation compiler.
2026.03.26 18:53:33 INFO  no build target found for C:\Users\david\techskill\demo\src\main\java\techskill\demo\Entity\userEntity.java. Using fallback presentation compiler.
2026.03.26 18:53:33 INFO  no build target found for C:\Users\david\techskill\demo\src\main\java\techskill\demo\Entity\userEntity.java. Using fallback presentation compiler.
2026.03.26 18:53:33 INFO  no build target found for C:\Users\david\techskill\demo\src\main\java\techskill\demo\Entity\userEntity.java. Using fallback presentation compiler.
2026.03.26 18:53:34 INFO  no build target found for C:\Users\david\techskill\demo\src\main\java\techskill\demo\Entity\userEntity.java. Using fallback presentation compiler.
2026.03.26 18:53:35 INFO  no build target found for C:\Users\david\techskill\demo\src\main\java\techskill\demo\Entity\userEntity.java. Using fallback presentation compiler.
2026.03.26 18:53:35 WARN  no build target for: C:\Users\david\techskill\demo\src\main\java\techskill\demo\Entity\userEntity.java
2026.03.26 18:53:35 INFO  no build target found for C:\Users\david\techskill\demo\src\main\java\techskill\demo\Entity\userEntity.java. Using fallback presentation compiler.
2026.03.26 18:53:40 INFO  no build target found for C:\Users\david\techskill\demo\src\main\java\techskill\demo\Entity\userEntity.java. Using fallback presentation compiler.
2026.03.26 18:53:40 INFO  no build target found for C:\Users\david\techskill\demo\src\main\java\techskill\demo\Entity\userEntity.java. Using fallback presentation compiler.
2026.03.26 18:53:42 INFO  no build target found for C:\Users\david\techskill\demo\src\main\java\techskill\demo\Entity\userEntity.java. Using fallback presentation compiler.
2026.03.26 18:53:42 INFO  no build target found for C:\Users\david\techskill\demo\src\main\java\techskill\demo\Entity\userEntity.java. Using fallback presentation compiler.
2026.03.26 18:53:42 INFO  no build target found for C:\Users\david\techskill\demo\src\main\java\techskill\demo\Entity\userEntity.java. Using fallback presentation compiler.
2026.03.26 18:53:43 INFO  no build target found for C:\Users\david\techskill\demo\src\main\java\techskill\demo\Entity\userEntity.java. Using fallback presentation compiler.
2026.03.26 18:53:43 WARN  no build target for: C:\Users\david\techskill\demo\src\main\java\techskill\demo\Entity\userEntity.java
2026.03.26 18:53:43 INFO  no build target found for C:\Users\david\techskill\demo\src\main\java\techskill\demo\Entity\userEntity.java. Using fallback presentation compiler.
2026.03.26 18:53:45 INFO  no build target found for C:\Users\david\techskill\demo\src\main\java\techskill\demo\Entity\userEntity.java. Using fallback presentation compiler.
Mar 26, 2026 6:53:45 PM org.eclipse.lsp4j.jsonrpc.RemoteEndpoint handleCancellation
WARNING: Unmatched cancel notification for request id 2153
2026.03.26 18:53:47 INFO  no build target found for C:\Users\david\techskill\demo\src\main\java\techskill\demo\Entity\userEntity.java. Using fallback presentation compiler.
2026.03.26 18:53:47 INFO  no build target found for C:\Users\david\techskill\demo\src\main\java\techskill\demo\Entity\userEntity.java. Using fallback presentation compiler.
2026.03.26 18:53:47 INFO  no build target found for C:\Users\david\techskill\demo\src\main\java\techskill\demo\Entity\userEntity.java. Using fallback presentation compiler.
2026.03.26 18:53:49 INFO  no build target found for C:\Users\david\techskill\demo\src\main\java\techskill\demo\Entity\userEntity.java. Using fallback presentation compiler.
2026.03.26 18:54:48 INFO  no build target found for C:\Users\david\techskill\demo\src\main\java\techskill\demo\Entity\userEntity.java. Using fallback presentation compiler.
2026.03.26 18:54:49 INFO  no build target found for C:\Users\david\techskill\demo\src\main\java\techskill\demo\Entity\userEntity.java. Using fallback presentation compiler.
2026.03.26 18:54:50 INFO  no build target found for C:\Users\david\techskill\demo\src\main\java\techskill\demo\Entity\userEntity.java. Using fallback presentation compiler.
2026.03.26 18:54:50 INFO  no build target found for C:\Users\david\techskill\demo\src\main\java\techskill\demo\Entity\userEntity.java. Using fallback presentation compiler.
2026.03.26 18:54:50 INFO  no build target found for C:\Users\david\techskill\demo\src\main\java\techskill\demo\Entity\userEntity.java. Using fallback presentation compiler.
2026.03.26 18:54:50 INFO  no build target found for C:\Users\david\techskill\demo\src\main\java\techskill\demo\Entity\userEntity.java. Using fallback presentation compiler.
2026.03.26 18:54:50 INFO  no build target found for C:\Users\david\techskill\demo\src\main\java\techskill\demo\Entity\userEntity.java. Using fallback presentation compiler.
2026.03.26 18:54:51 INFO  no build target found for C:\Users\david\techskill\demo\src\main\java\techskill\demo\Entity\userEntity.java. Using fallback presentation compiler.
2026.03.26 18:54:51 INFO  no build target found for C:\Users\david\techskill\demo\src\main\java\techskill\demo\Entity\userEntity.java. Using fallback presentation compiler.
2026.03.26 18:54:51 INFO  no build target found for C:\Users\david\techskill\demo\src\main\java\techskill\demo\Entity\userEntity.java. Using fallback presentation compiler.
2026.03.26 18:54:51 INFO  no build target found for C:\Users\david\techskill\demo\src\main\java\techskill\demo\Entity\userEntity.java. Using fallback presentation compiler.
2026.03.26 18:54:52 INFO  no build target found for C:\Users\david\techskill\demo\src\main\java\techskill\demo\Entity\userEntity.java. Using fallback presentation compiler.
2026.03.26 18:54:56 INFO  no build target found for C:\Users\david\techskill\demo\src\main\java\techskill\demo\Entity\userEntity.java. Using fallback presentation compiler.
2026.03.26 18:54:56 INFO  no build target found for C:\Users\david\techskill\demo\src\main\java\techskill\demo\Entity\userEntity.java. Using fallback presentation compiler.
2026.03.26 18:54:56 INFO  no build target found for C:\Users\david\techskill\demo\src\main\java\techskill\demo\Entity\userEntity.java. Using fallback presentation compiler.
2026.03.26 18:54:57 INFO  no build target found for C:\Users\david\techskill\demo\src\main\java\techskill\demo\Entity\userEntity.java. Using fallback presentation compiler.
2026.03.26 18:54:56 INFO  no build target found for C:\Users\david\techskill\demo\src\main\java\techskill\demo\Entity\userEntity.java. Using fallback presentation compiler.
2026.03.26 18:54:57 INFO  no build target found for C:\Users\david\techskill\demo\src\main\java\techskill\demo\Entity\userEntity.java. Using fallback presentation compiler.
2026.03.26 18:54:57 INFO  no build target found for C:\Users\david\techskill\demo\src\main\java\techskill\demo\Entity\userEntity.java. Using fallback presentation compiler.
2026.03.26 18:54:57 INFO  no build target found for C:\Users\david\techskill\demo\src\main\java\techskill\demo\Entity\userEntity.java. Using fallback presentation compiler.
2026.03.26 18:54:57 INFO  no build target found for C:\Users\david\techskill\demo\src\main\java\techskill\demo\Entity\userEntity.java. Using fallback presentation compiler.
2026.03.26 18:54:57 INFO  no build target found for C:\Users\david\techskill\demo\src\main\java\techskill\demo\Entity\userEntity.java. Using fallback presentation compiler.
2026.03.26 18:54:58 INFO  no build target found for C:\Users\david\techskill\demo\src\main\java\techskill\demo\Entity\userEntity.java. Using fallback presentation compiler.
2026.03.26 18:54:58 INFO  no build target found for C:\Users\david\techskill\demo\src\main\java\techskill\demo\Entity\userEntity.java. Using fallback presentation compiler.
2026.03.26 18:54:58 INFO  no build target found for C:\Users\david\techskill\demo\src\main\java\techskill\demo\Entity\userEntity.java. Using fallback presentation compiler.
2026.03.26 18:55:00 INFO  no build target found for C:\Users\david\techskill\demo\src\main\java\techskill\demo\Entity\userEntity.java. Using fallback presentation compiler.
2026.03.26 18:55:00 INFO  no build target found for C:\Users\david\techskill\demo\src\main\java\techskill\demo\Entity\userEntity.java. Using fallback presentation compiler.
2026.03.26 18:55:02 INFO  no build target found for C:\Users\david\techskill\demo\src\main\java\techskill\demo\Entity\userEntity.java. Using fallback presentation compiler.
2026.03.26 18:55:02 INFO  no build target found for C:\Users\david\techskill\demo\src\main\java\techskill\demo\Entity\userEntity.java. Using fallback presentation compiler.
2026.03.26 18:55:02 INFO  no build target found for C:\Users\david\techskill\demo\src\main\java\techskill\demo\Entity\userEntity.java. Using fallback presentation compiler.
2026.03.26 18:55:02 INFO  no build target found for C:\Users\david\techskill\demo\src\main\java\techskill\demo\Entity\userEntity.java. Using fallback presentation compiler.
2026.03.26 18:55:02 INFO  no build target found for C:\Users\david\techskill\demo\src\main\java\techskill\demo\Entity\userEntity.java. Using fallback presentation compiler.
2026.03.26 18:55:02 INFO  no build target found for C:\Users\david\techskill\demo\src\main\java\techskill\demo\Entity\userEntity.java. Using fallback presentation compiler.
2026.03.26 18:55:02 INFO  no build target found for C:\Users\david\techskill\demo\src\main\java\techskill\demo\Entity\userEntity.java. Using fallback presentation compiler.
2026.03.26 18:55:02 INFO  no build target found for C:\Users\david\techskill\demo\src\main\java\techskill\demo\Entity\userEntity.java. Using fallback presentation compiler.
2026.03.26 18:55:03 INFO  no build target found for C:\Users\david\techskill\demo\src\main\java\techskill\demo\Entity\userEntity.java. Using fallback presentation compiler.
2026.03.26 18:55:03 INFO  no build target found for C:\Users\david\techskill\demo\src\main\java\techskill\demo\Entity\userEntity.java. Using fallback presentation compiler.
2026.03.26 18:55:02 INFO  no build target found for C:\Users\david\techskill\demo\src\main\java\techskill\demo\Entity\userEntity.java. Using fallback presentation compiler.
2026.03.26 18:55:03 INFO  no build target found for C:\Users\david\techskill\demo\src\main\java\techskill\demo\Entity\userEntity.java. Using fallback presentation compiler.
2026.03.26 18:55:03 INFO  no build target found for C:\Users\david\techskill\demo\src\main\java\techskill\demo\Entity\userEntity.java. Using fallback presentation compiler.
2026.03.26 18:55:03 INFO  no build target found for C:\Users\david\techskill\demo\src\main\java\techskill\demo\Entity\userEntity.java. Using fallback presentation compiler.
2026.03.26 18:55:03 INFO  no build target found for C:\Users\david\techskill\demo\src\main\java\techskill\demo\Entity\userEntity.java. Using fallback presentation compiler.
2026.03.26 18:55:04 INFO  no build target found for C:\Users\david\techskill\demo\src\main\java\techskill\demo\Entity\userEntity.java. Using fallback presentation compiler.
2026.03.26 18:55:04 INFO  no build target found for C:\Users\david\techskill\demo\src\main\java\techskill\demo\Entity\userEntity.java. Using fallback presentation compiler.
2026.03.26 18:55:04 INFO  no build target found for C:\Users\david\techskill\demo\src\main\java\techskill\demo\Entity\userEntity.java. Using fallback presentation compiler.
2026.03.26 18:55:04 INFO  no build target found for C:\Users\david\techskill\demo\src\main\java\techskill\demo\Entity\userEntity.java. Using fallback presentation compiler.
2026.03.26 18:55:05 INFO  no build target found for C:\Users\david\techskill\demo\src\main\java\techskill\demo\Entity\userEntity.java. Using fallback presentation compiler.
2026.03.26 18:55:04 INFO  no build target found for C:\Users\david\techskill\demo\src\main\java\techskill\demo\Entity\userEntity.java. Using fallback presentation compiler.
Mar 26, 2026 6:55:05 PM org.eclipse.lsp4j.jsonrpc.RemoteEndpoint handleCancellation
WARNING: Unmatched cancel notification for request id 2242
2026.03.26 18:55:04 INFO  no build target found for C:\Users\david\techskill\demo\src\main\java\techskill\demo\Entity\userEntity.java. Using fallback presentation compiler.
2026.03.26 18:55:06 INFO  no build target found for C:\Users\david\techskill\demo\src\main\java\techskill\demo\Entity\userEntity.java. Using fallback presentation compiler.
2026.03.26 18:55:06 INFO  no build target found for C:\Users\david\techskill\demo\src\main\java\techskill\demo\Entity\userEntity.java. Using fallback presentation compiler.
2026.03.26 18:55:06 INFO  no build target found for C:\Users\david\techskill\demo\src\main\java\techskill\demo\Entity\userEntity.java. Using fallback presentation compiler.
2026.03.26 18:55:06 INFO  no build target found for C:\Users\david\techskill\demo\src\main\java\techskill\demo\Entity\userEntity.java. Using fallback presentation compiler.
2026.03.26 18:55:06 INFO  no build target found for C:\Users\david\techskill\demo\src\main\java\techskill\demo\Entity\userEntity.java. Using fallback presentation compiler.
2026.03.26 18:55:07 INFO  no build target found for C:\Users\david\techskill\demo\src\main\java\techskill\demo\Entity\userEntity.java. Using fallback presentation compiler.
2026.03.26 18:55:07 INFO  no build target found for C:\Users\david\techskill\demo\src\main\java\techskill\demo\Entity\userEntity.java. Using fallback presentation compiler.
2026.03.26 18:55:07 INFO  no build target found for C:\Users\david\techskill\demo\src\main\java\techskill\demo\Entity\userEntity.java. Using fallback presentation compiler.
2026.03.26 18:55:08 INFO  no build target found for C:\Users\david\techskill\demo\src\main\java\techskill\demo\Entity\userEntity.java. Using fallback presentation compiler.
2026.03.26 18:55:08 INFO  no build target found for C:\Users\david\techskill\demo\src\main\java\techskill\demo\Entity\userEntity.java. Using fallback presentation compiler.
2026.03.26 18:55:09 INFO  no build target found for C:\Users\david\techskill\demo\src\main\java\techskill\demo\Entity\userEntity.java. Using fallback presentation compiler.
2026.03.26 18:55:09 INFO  no build target found for C:\Users\david\techskill\demo\src\main\java\techskill\demo\Entity\userEntity.java. Using fallback presentation compiler.
2026.03.26 18:55:09 INFO  no build target found for C:\Users\david\techskill\demo\src\main\java\techskill\demo\Entity\userEntity.java. Using fallback presentation compiler.
2026.03.26 18:55:10 INFO  no build target found for C:\Users\david\techskill\demo\src\main\java\techskill\demo\Entity\userEntity.java. Using fallback presentation compiler.
2026.03.26 18:55:09 INFO  no build target found for C:\Users\david\techskill\demo\src\main\java\techskill\demo\Entity\userEntity.java. Using fallback presentation compiler.
2026.03.26 18:55:09 INFO  no build target found for C:\Users\david\techskill\demo\src\main\java\techskill\demo\Entity\userEntity.java. Using fallback presentation compiler.
2026.03.26 18:55:10 INFO  no build target found for C:\Users\david\techskill\demo\src\main\java\techskill\demo\Entity\userEntity.java. Using fallback presentation compiler.
2026.03.26 18:55:10 INFO  no build target found for C:\Users\david\techskill\demo\src\main\java\techskill\demo\Entity\userEntity.java. Using fallback presentation compiler.
2026.03.26 18:55:10 INFO  no build target found for C:\Users\david\techskill\demo\src\main\java\techskill\demo\Entity\userEntity.java. Using fallback presentation compiler.
2026.03.26 18:55:10 INFO  no build target found for C:\Users\david\techskill\demo\src\main\java\techskill\demo\Entity\userEntity.java. Using fallback presentation compiler.
2026.03.26 18:55:10 INFO  no build target found for C:\Users\david\techskill\demo\src\main\java\techskill\demo\Entity\userEntity.java. Using fallback presentation compiler.
2026.03.26 18:55:10 INFO  no build target found for C:\Users\david\techskill\demo\src\main\java\techskill\demo\Entity\userEntity.java. Using fallback presentation compiler.
2026.03.26 18:55:10 INFO  no build target found for C:\Users\david\techskill\demo\src\main\java\techskill\demo\Entity\userEntity.java. Using fallback presentation compiler.
2026.03.26 18:55:10 INFO  no build target found for C:\Users\david\techskill\demo\src\main\java\techskill\demo\Entity\userEntity.java. Using fallback presentation compiler.
2026.03.26 18:55:10 INFO  no build target found for C:\Users\david\techskill\demo\src\main\java\techskill\demo\Entity\userEntity.java. Using fallback presentation compiler.
2026.03.26 18:55:11 INFO  no build target found for C:\Users\david\techskill\demo\src\main\java\techskill\demo\Entity\userEntity.java. Using fallback presentation compiler.
2026.03.26 18:55:11 INFO  no build target found for C:\Users\david\techskill\demo\src\main\java\techskill\demo\Entity\userEntity.java. Using fallback presentation compiler.
2026.03.26 18:55:11 INFO  no build target found for C:\Users\david\techskill\demo\src\main\java\techskill\demo\Entity\userEntity.java. Using fallback presentation compiler.
2026.03.26 18:55:11 INFO  no build target found for C:\Users\david\techskill\demo\src\main\java\techskill\demo\Entity\userEntity.java. Using fallback presentation compiler.
2026.03.26 18:55:12 INFO  no build target found for C:\Users\david\techskill\demo\src\main\java\techskill\demo\Entity\userEntity.java. Using fallback presentation compiler.
2026.03.26 18:55:11 INFO  no build target found for C:\Users\david\techskill\demo\src\main\java\techskill\demo\Entity\userEntity.java. Using fallback presentation compiler.
2026.03.26 18:55:11 INFO  no build target found for C:\Users\david\techskill\demo\src\main\java\techskill\demo\Entity\userEntity.java. Using fallback presentation compiler.
2026.03.26 18:55:11 INFO  no build target found for C:\Users\david\techskill\demo\src\main\java\techskill\demo\Entity\userEntity.java. Using fallback presentation compiler.
2026.03.26 18:55:12 INFO  no build target found for C:\Users\david\techskill\demo\src\main\java\techskill\demo\Entity\userEntity.java. Using fallback presentation compiler.
2026.03.26 18:55:13 INFO  no build target found for C:\Users\david\techskill\demo\src\main\java\techskill\demo\Entity\userEntity.java. Using fallback presentation compiler.
2026.03.26 18:55:13 INFO  no build target found for C:\Users\david\techskill\demo\src\main\java\techskill\demo\Entity\userEntity.java. Using fallback presentation compiler.
2026.03.26 18:55:13 INFO  no build target found for C:\Users\david\techskill\demo\src\main\java\techskill\demo\Entity\userEntity.java. Using fallback presentation compiler.
2026.03.26 18:55:13 INFO  no build target found for C:\Users\david\techskill\demo\src\main\java\techskill\demo\Entity\userEntity.java. Using fallback presentation compiler.
2026.03.26 18:55:13 INFO  no build target found for C:\Users\david\techskill\demo\src\main\java\techskill\demo\Entity\userEntity.java. Using fallback presentation compiler.
2026.03.26 18:55:13 INFO  no build target found for C:\Users\david\techskill\demo\src\main\java\techskill\demo\Entity\userEntity.java. Using fallback presentation compiler.
2026.03.26 18:55:13 INFO  no build target found for C:\Users\david\techskill\demo\src\main\java\techskill\demo\Entity\userEntity.java. Using fallback presentation compiler.
2026.03.26 18:55:14 INFO  no build target found for C:\Users\david\techskill\demo\src\main\java\techskill\demo\Entity\userEntity.java. Using fallback presentation compiler.
2026.03.26 18:55:14 INFO  no build target found for C:\Users\david\techskill\demo\src\main\java\techskill\demo\Entity\userEntity.java. Using fallback presentation compiler.
2026.03.26 18:55:14 INFO  no build target found for C:\Users\david\techskill\demo\src\main\java\techskill\demo\Entity\userEntity.java. Using fallback presentation compiler.
2026.03.26 18:55:14 INFO  no build target found for C:\Users\david\techskill\demo\src\main\java\techskill\demo\Entity\userEntity.java. Using fallback presentation compiler.
2026.03.26 18:55:14 INFO  no build target found for C:\Users\david\techskill\demo\src\main\java\techskill\demo\Entity\userEntity.java. Using fallback presentation compiler.
2026.03.26 18:55:14 INFO  no build target found for C:\Users\david\techskill\demo\src\main\java\techskill\demo\Entity\userEntity.java. Using fallback presentation compiler.
2026.03.26 18:55:13 INFO  no build target found for C:\Users\david\techskill\demo\src\main\java\techskill\demo\Entity\userEntity.java. Using fallback presentation compiler.
2026.03.26 18:55:14 INFO  no build target found for C:\Users\david\techskill\demo\src\main\java\techskill\demo\Entity\userEntity.java. Using fallback presentation compiler.
2026.03.26 18:55:14 INFO  no build target found for C:\Users\david\techskill\demo\src\main\java\techskill\demo\Entity\userEntity.java. Using fallback presentation compiler.
2026.03.26 18:55:14 INFO  no build target found for C:\Users\david\techskill\demo\src\main\java\techskill\demo\Entity\userEntity.java. Using fallback presentation compiler.
2026.03.26 18:55:15 INFO  no build target found for C:\Users\david\techskill\demo\src\main\java\techskill\demo\Entity\userEntity.java. Using fallback presentation compiler.
2026.03.26 18:55:15 INFO  no build target found for C:\Users\david\techskill\demo\src\main\java\techskill\demo\Entity\userEntity.java. Using fallback presentation compiler.
2026.03.26 18:55:15 INFO  no build target found for C:\Users\david\techskill\demo\src\main\java\techskill\demo\Entity\userEntity.java. Using fallback presentation compiler.
2026.03.26 18:55:15 INFO  no build target found for C:\Users\david\techskill\demo\src\main\java\techskill\demo\Entity\userEntity.java. Using fallback presentation compiler.
2026.03.26 18:55:16 INFO  no build target found for C:\Users\david\techskill\demo\src\main\java\techskill\demo\Entity\userEntity.java. Using fallback presentation compiler.
2026.03.26 18:55:16 INFO  no build target found for C:\Users\david\techskill\demo\src\main\java\techskill\demo\Entity\userEntity.java. Using fallback presentation compiler.
2026.03.26 18:55:22 INFO  no build target found for C:\Users\david\techskill\demo\src\main\java\techskill\demo\Entity\userEntity.java. Using fallback presentation compiler.
2026.03.26 18:55:22 INFO  no build target found for C:\Users\david\techskill\demo\src\main\java\techskill\demo\Entity\userEntity.java. Using fallback presentation compiler.
2026.03.26 18:55:22 INFO  no build target found for C:\Users\david\techskill\demo\src\main\java\techskill\demo\Entity\userEntity.java. Using fallback presentation compiler.
2026.03.26 18:55:23 INFO  no build target found for C:\Users\david\techskill\demo\src\main\java\techskill\demo\Entity\userEntity.java. Using fallback presentation compiler.
2026.03.26 18:55:29 INFO  no build target found for C:\Users\david\techskill\demo\src\main\java\techskill\demo\Entity\userEntity.java. Using fallback presentation compiler.
2026.03.26 18:55:29 INFO  no build target found for C:\Users\david\techskill\demo\src\main\java\techskill\demo\Entity\userEntity.java. Using fallback presentation compiler.
2026.03.26 18:55:29 INFO  no build target found for C:\Users\david\techskill\demo\src\main\java\techskill\demo\Entity\userEntity.java. Using fallback presentation compiler.
2026.03.26 18:55:46 INFO  no build target found for C:\Users\david\techskill\demo\src\main\java\techskill\demo\Entity\userEntity.java. Using fallback presentation compiler.
2026.03.26 18:55:50 INFO  no build target found for C:\Users\david\techskill\demo\src\main\java\techskill\demo\Entity\userEntity.java. Using fallback presentation compiler.
2026.03.26 18:55:50 INFO  no build target found for C:\Users\david\techskill\demo\src\main\java\techskill\demo\Entity\userEntity.java. Using fallback presentation compiler.
2026.03.26 18:55:50 INFO  no build target found for C:\Users\david\techskill\demo\src\main\java\techskill\demo\Entity\userEntity.java. Using fallback presentation compiler.
2026.03.26 18:55:50 INFO  no build target found for C:\Users\david\techskill\demo\src\main\java\techskill\demo\Entity\userEntity.java. Using fallback presentation compiler.
2026.03.26 18:55:50 INFO  no build target found for C:\Users\david\techskill\demo\src\main\java\techskill\demo\Entity\userEntity.java. Using fallback presentation compiler.
2026.03.26 18:55:50 INFO  no build target found for C:\Users\david\techskill\demo\src\main\java\techskill\demo\Entity\userEntity.java. Using fallback presentation compiler.
2026.03.26 18:55:51 INFO  no build target found for C:\Users\david\techskill\demo\src\main\java\techskill\demo\Entity\userEntity.java. Using fallback presentation compiler.
2026.03.26 18:55:51 INFO  no build target found for C:\Users\david\techskill\demo\src\main\java\techskill\demo\Entity\userEntity.java. Using fallback presentation compiler.
2026.03.26 18:55:51 INFO  no build target found for C:\Users\david\techskill\demo\src\main\java\techskill\demo\Entity\userEntity.java. Using fallback presentation compiler.
2026.03.26 18:55:51 INFO  no build target found for C:\Users\david\techskill\demo\src\main\java\techskill\demo\Entity\userEntity.java. Using fallback presentation compiler.
2026.03.26 18:55:51 INFO  no build target found for C:\Users\david\techskill\demo\src\main\java\techskill\demo\Entity\userEntity.java. Using fallback presentation compiler.
2026.03.26 18:55:51 INFO  no build target found for C:\Users\david\techskill\demo\src\main\java\techskill\demo\Entity\userEntity.java. Using fallback presentation compiler.
2026.03.26 18:55:52 INFO  no build target found for C:\Users\david\techskill\demo\src\main\java\techskill\demo\Entity\userEntity.java. Using fallback presentation compiler.
2026.03.26 18:55:52 INFO  no build target found for C:\Users\david\techskill\demo\src\main\java\techskill\demo\Entity\userEntity.java. Using fallback presentation compiler.
2026.03.26 18:55:51 INFO  no build target found for C:\Users\david\techskill\demo\src\main\java\techskill\demo\Entity\userEntity.java. Using fallback presentation compiler.
2026.03.26 18:55:52 INFO  no build target found for C:\Users\david\techskill\demo\src\main\java\techskill\demo\Entity\userEntity.java. Using fallback presentation compiler.
2026.03.26 18:55:53 INFO  no build target found for C:\Users\david\techskill\demo\src\main\java\techskill\demo\Entity\userEntity.java. Using fallback presentation compiler.
2026.03.26 18:55:54 INFO  no build target found for C:\Users\david\techskill\demo\src\main\java\techskill\demo\Entity\userEntity.java. Using fallback presentation compiler.
2026.03.26 18:55:55 INFO  no build target found for C:\Users\david\techskill\demo\src\main\java\techskill\demo\Entity\userEntity.java. Using fallback presentation compiler.
2026.03.26 18:55:54 INFO  no build target found for C:\Users\david\techskill\demo\src\main\java\techskill\demo\Entity\userEntity.java. Using fallback presentation compiler.
2026.03.26 18:55:54 INFO  no build target found for C:\Users\david\techskill\demo\src\main\java\techskill\demo\Entity\userEntity.java. Using fallback presentation compiler.
2026.03.26 18:55:55 INFO  no build target found for C:\Users\david\techskill\demo\src\main\java\techskill\demo\Entity\userEntity.java. Using fallback presentation compiler.
2026.03.26 18:55:56 INFO  no build target found for C:\Users\david\techskill\demo\src\main\java\techskill\demo\Entity\userEntity.java. Using fallback presentation compiler.
2026.03.26 18:55:56 INFO  no build target found for C:\Users\david\techskill\demo\src\main\java\techskill\demo\Entity\userEntity.java. Using fallback presentation compiler.
2026.03.26 18:55:56 INFO  no build target found for C:\Users\david\techskill\demo\src\main\java\techskill\demo\Entity\userEntity.java. Using fallback presentation compiler.
2026.03.26 18:55:56 INFO  no build target found for C:\Users\david\techskill\demo\src\main\java\techskill\demo\Entity\userEntity.java. Using fallback presentation compiler.
2026.03.26 18:55:56 INFO  no build target found for C:\Users\david\techskill\demo\src\main\java\techskill\demo\Entity\userEntity.java. Using fallback presentation compiler.
2026.03.26 18:55:56 INFO  no build target found for C:\Users\david\techskill\demo\src\main\java\techskill\demo\Entity\userEntity.java. Using fallback presentation compiler.
2026.03.26 18:55:56 INFO  no build target found for C:\Users\david\techskill\demo\src\main\java\techskill\demo\Entity\userEntity.java. Using fallback presentation compiler.
2026.03.26 18:55:56 INFO  no build target found for C:\Users\david\techskill\demo\src\main\java\techskill\demo\Entity\userEntity.java. Using fallback presentation compiler.
2026.03.26 18:55:56 INFO  no build target found for C:\Users\david\techskill\demo\src\main\java\techskill\demo\Entity\userEntity.java. Using fallback presentation compiler.
2026.03.26 18:55:59 INFO  no build target found for C:\Users\david\techskill\demo\src\main\java\techskill\demo\Entity\userEntity.java. Using fallback presentation compiler.
2026.03.26 18:55:59 INFO  no build target found for C:\Users\david\techskill\demo\src\main\java\techskill\demo\Entity\userEntity.java. Using fallback presentation compiler.
2026.03.26 18:56:05 INFO  no build target found for C:\Users\david\techskill\demo\src\main\java\techskill\demo\Entity\userEntity.java. Using fallback presentation compiler.
2026.03.26 18:56:05 INFO  no build target found for C:\Users\david\techskill\demo\src\main\java\techskill\demo\Entity\userEntity.java. Using fallback presentation compiler.
2026.03.26 18:56:07 INFO  no build target found for C:\Users\david\techskill\demo\src\main\java\techskill\demo\Entity\userEntity.java. Using fallback presentation compiler.
2026.03.26 18:56:07 INFO  no build target found for C:\Users\david\techskill\demo\src\main\java\techskill\demo\Entity\userEntity.java. Using fallback presentation compiler.
2026.03.26 18:56:07 INFO  no build target found for C:\Users\david\techskill\demo\src\main\java\techskill\demo\Entity\userEntity.java. Using fallback presentation compiler.
2026.03.26 18:56:13 INFO  no build target found for C:\Users\david\techskill\demo\src\main\java\techskill\demo\Entity\userEntity.java. Using fallback presentation compiler.
2026.03.26 18:56:13 INFO  no build target found for C:\Users\david\techskill\demo\src\main\java\techskill\demo\Entity\userEntity.java. Using fallback presentation compiler.
2026.03.26 18:56:14 INFO  no build target found for C:\Users\david\techskill\demo\src\main\java\techskill\demo\Entity\userEntity.java. Using fallback presentation compiler.
2026.03.26 18:56:13 INFO  no build target found for C:\Users\david\techskill\demo\src\main\java\techskill\demo\Entity\userEntity.java. Using fallback presentation compiler.
2026.03.26 18:56:14 INFO  no build target found for C:\Users\david\techskill\demo\src\main\java\techskill\demo\Entity\userEntity.java. Using fallback presentation compiler.
2026.03.26 18:56:15 INFO  no build target found for C:\Users\david\techskill\demo\src\main\java\techskill\demo\Entity\userEntity.java. Using fallback presentation compiler.
2026.03.26 18:56:15 INFO  no build target found for C:\Users\david\techskill\demo\src\main\java\techskill\demo\Entity\userEntity.java. Using fallback presentation compiler.
2026.03.26 18:56:15 INFO  no build target found for C:\Users\david\techskill\demo\src\main\java\techskill\demo\Entity\userEntity.java. Using fallback presentation compiler.
2026.03.26 18:56:18 INFO  no build target found for C:\Users\david\techskill\demo\src\main\java\techskill\demo\Entity\userEntity.java. Using fallback presentation compiler.
2026.03.26 18:56:18 WARN  no build target for: C:\Users\david\techskill\demo\src\main\java\techskill\demo\Entity\userEntity.java
2026.03.26 18:56:18 INFO  no build target found for C:\Users\david\techskill\demo\src\main\java\techskill\demo\Entity\userEntity.java. Using fallback presentation compiler.
2026.03.26 18:56:24 INFO  no build target found for C:\Users\david\techskill\demo\src\main\java\techskill\demo\Entity\userEntity.java. Using fallback presentation compiler.
2026.03.26 18:56:24 INFO  no build target found for C:\Users\david\techskill\demo\src\main\java\techskill\demo\Entity\userEntity.java. Using fallback presentation compiler.
2026.03.26 18:56:32 INFO  no build target found for C:\Users\david\techskill\demo\src\main\java\techskill\demo\Entity\userEntity.java. Using fallback presentation compiler.
2026.03.26 18:56:32 INFO  no build target found for C:\Users\david\techskill\demo\src\main\java\techskill\demo\Entity\userEntity.java. Using fallback presentation compiler.
2026.03.26 18:56:33 INFO  no build target found for C:\Users\david\techskill\demo\src\main\java\techskill\demo\Entity\userEntity.java. Using fallback presentation compiler.
2026.03.26 18:56:33 INFO  no build target found for C:\Users\david\techskill\demo\src\main\java\techskill\demo\Entity\userEntity.java. Using fallback presentation compiler.
2026.03.26 18:56:32 INFO  no build target found for C:\Users\david\techskill\demo\src\main\java\techskill\demo\Entity\userEntity.java. Using fallback presentation compiler.
2026.03.26 18:56:33 INFO  no build target found for C:\Users\david\techskill\demo\src\main\java\techskill\demo\Entity\userEntity.java. Using fallback presentation compiler.
2026.03.26 18:56:33 INFO  Created report: Optional[file:///C:/Users/david/techskill/demo/src/main/java/techskill/demo/Entity/userEntity.java]
2026.03.26 18:56:33 INFO  empty definition using pc, found symbol in pc: _empty_/Column#nullable# (full report at: "C:\Users\david\techskill\demo\.metals\.reports\metals-full\2026-03-26\r_empty-definition_18-56-33-832.md")
2026.03.26 18:56:33 INFO  no build target found for C:\Users\david\techskill\demo\src\main\java\techskill\demo\Entity\userEntity.java. Using fallback presentation compiler.
2026.03.26 18:56:34 INFO  no build target found for C:\Users\david\techskill\demo\src\main\java\techskill\demo\Entity\userEntity.java. Using fallback presentation compiler.
2026.03.26 18:56:35 INFO  no build target found for C:\Users\david\techskill\demo\src\main\java\techskill\demo\Entity\userEntity.java. Using fallback presentation compiler.
2026.03.26 18:56:35 INFO  no build target found for C:\Users\david\techskill\demo\src\main\java\techskill\demo\Entity\userEntity.java. Using fallback presentation compiler.
2026.03.26 18:56:36 INFO  no build target found for C:\Users\david\techskill\demo\src\main\java\techskill\demo\Entity\userEntity.java. Using fallback presentation compiler.
2026.03.26 18:56:36 INFO  no build target found for C:\Users\david\techskill\demo\src\main\java\techskill\demo\Entity\userEntity.java. Using fallback presentation compiler.
2026.03.26 18:56:36 INFO  no build target found for C:\Users\david\techskill\demo\src\main\java\techskill\demo\Entity\userEntity.java. Using fallback presentation compiler.
2026.03.26 18:56:39 INFO  no build target found for C:\Users\david\techskill\demo\src\main\java\techskill\demo\Entity\userEntity.java. Using fallback presentation compiler.
2026.03.26 18:56:39 INFO  no build target found for C:\Users\david\techskill\demo\src\main\java\techskill\demo\Entity\userEntity.java. Using fallback presentation compiler.
2026.03.26 18:56:41 INFO  no build target found for C:\Users\david\techskill\demo\src\main\java\techskill\demo\Entity\userEntity.java. Using fallback presentation compiler.
2026.03.26 18:56:43 INFO  no build target found for C:\Users\david\techskill\demo\src\main\java\techskill\demo\Entity\userEntity.java. Using fallback presentation compiler.
2026.03.26 18:56:44 INFO  no build target found for C:\Users\david\techskill\demo\src\main\java\techskill\demo\Entity\userEntity.java. Using fallback presentation compiler.
2026.03.26 18:56:46 INFO  no build target found for C:\Users\david\techskill\demo\src\main\java\techskill\demo\Entity\userEntity.java. Using fallback presentation compiler.
2026.03.26 18:56:46 INFO  no build target found for C:\Users\david\techskill\demo\src\main\java\techskill\demo\Entity\userEntity.java. Using fallback presentation compiler.
2026.03.26 18:56:46 INFO  no build target found for C:\Users\david\techskill\demo\src\main\java\techskill\demo\Entity\userEntity.java. Using fallback presentation compiler.
2026.03.26 18:56:46 INFO  no build target found for C:\Users\david\techskill\demo\src\main\java\techskill\demo\Entity\userEntity.java. Using fallback presentation compiler.
2026.03.26 18:56:47 INFO  no build target found for C:\Users\david\techskill\demo\src\main\java\techskill\demo\Entity\userEntity.java. Using fallback presentation compiler.
2026.03.26 18:56:50 INFO  no build target found for C:\Users\david\techskill\demo\src\main\java\techskill\demo\Entity\userEntity.java. Using fallback presentation compiler.
2026.03.26 18:56:50 WARN  no build target for: C:\Users\david\techskill\demo\src\main\java\techskill\demo\Entity\userEntity.java
2026.03.26 18:56:50 INFO  no build target found for C:\Users\david\techskill\demo\src\main\java\techskill\demo\Entity\userEntity.java. Using fallback presentation compiler.
2026.03.26 18:56:56 INFO  no build target found for C:\Users\david\techskill\demo\src\main\java\techskill\demo\Entity\userEntity.java. Using fallback presentation compiler.
2026.03.26 18:56:56 INFO  no build target found for C:\Users\david\techskill\demo\src\main\java\techskill\demo\Entity\userEntity.java. Using fallback presentation compiler.
2026.03.26 18:56:56 INFO  no build target found for C:\Users\david\techskill\demo\src\main\java\techskill\demo\Entity\userEntity.java. Using fallback presentation compiler.
2026.03.26 18:56:57 INFO  no build target found for C:\Users\david\techskill\demo\src\main\java\techskill\demo\Entity\userEntity.java. Using fallback presentation compiler.
2026.03.26 18:56:57 INFO  no build target found for C:\Users\david\techskill\demo\src\main\java\techskill\demo\Entity\userEntity.java. Using fallback presentation compiler.
2026.03.26 18:56:58 INFO  no build target found for C:\Users\david\techskill\demo\src\main\java\techskill\demo\Entity\userEntity.java. Using fallback presentation compiler.
2026.03.26 18:56:59 INFO  no build target found for C:\Users\david\techskill\demo\src\main\java\techskill\demo\Entity\userEntity.java. Using fallback presentation compiler.
2026.03.26 18:57:01 INFO  no build target found for C:\Users\david\techskill\demo\src\main\java\techskill\demo\Entity\userEntity.java. Using fallback presentation compiler.
2026.03.26 18:57:01 INFO  no build target found for C:\Users\david\techskill\demo\src\main\java\techskill\demo\Entity\userEntity.java. Using fallback presentation compiler.
2026.03.26 18:57:01 INFO  no build target found for C:\Users\david\techskill\demo\src\main\java\techskill\demo\Entity\userEntity.java. Using fallback presentation compiler.
2026.03.26 18:57:01 INFO  no build target found for C:\Users\david\techskill\demo\src\main\java\techskill\demo\Entity\userEntity.java. Using fallback presentation compiler.
2026.03.26 18:57:02 INFO  no build target found for C:\Users\david\techskill\demo\src\main\java\techskill\demo\Entity\userEntity.java. Using fallback presentation compiler.
2026.03.26 18:57:02 INFO  no build target found for C:\Users\david\techskill\demo\src\main\java\techskill\demo\Entity\userEntity.java. Using fallback presentation compiler.
2026.03.26 18:57:03 INFO  no build target found for C:\Users\david\techskill\demo\src\main\java\techskill\demo\Entity\userEntity.java. Using fallback presentation compiler.
2026.03.26 18:57:02 INFO  no build target found for C:\Users\david\techskill\demo\src\main\java\techskill\demo\Entity\userEntity.java. Using fallback presentation compiler.
2026.03.26 18:57:03 INFO  no build target found for C:\Users\david\techskill\demo\src\main\java\techskill\demo\Entity\userEntity.java. Using fallback presentation compiler.
2026.03.26 18:57:06 INFO  no build target found for C:\Users\david\techskill\demo\src\main\java\techskill\demo\Entity\userEntity.java. Using fallback presentation compiler.
2026.03.26 18:57:06 INFO  Created report: Optional[file:///C:/Users/david/techskill/demo/src/main/java/techskill/demo/Entity/userEntity.java]
2026.03.26 18:57:06 INFO  empty definition using pc, found symbol in pc: _empty_/Column# (full report at: "C:\Users\david\techskill\demo\.metals\.reports\metals-full\2026-03-26\r_empty-definition_18-57-06-111.md")
2026.03.26 18:57:06 INFO  no build target found for C:\Users\david\techskill\demo\src\main\java\techskill\demo\Entity\userEntity.java. Using fallback presentation compiler.
2026.03.26 18:57:06 INFO  Created report: Optional[file:///C:/Users/david/techskill/demo/src/main/java/techskill/demo/Entity/userEntity.java]
2026.03.26 18:57:06 INFO  empty definition using pc, found symbol in pc: _empty_/Column#name# (full report at: "C:\Users\david\techskill\demo\.metals\.reports\metals-full\2026-03-26\r_empty-definition_18-57-06-158.md")
2026.03.26 18:57:06 INFO  no build target found for C:\Users\david\techskill\demo\src\main\java\techskill\demo\Entity\userEntity.java. Using fallback presentation compiler.
2026.03.26 18:57:06 INFO  no build target found for C:\Users\david\techskill\demo\src\main\java\techskill\demo\Entity\userEntity.java. Using fallback presentation compiler.
2026.03.26 18:57:06 INFO  empty definition using pc, found symbol in pc: _empty_/Column#nullable# (full report at: "C:\Users\david\techskill\demo\.metals\.reports\metals-full\2026-03-26\r_empty-definition_18-56-33-832.md")
2026.03.26 18:57:06 INFO  no build target found for C:\Users\david\techskill\demo\src\main\java\techskill\demo\Entity\userEntity.java. Using fallback presentation compiler.
2026.03.26 18:57:06 INFO  no build target found for C:\Users\david\techskill\demo\src\main\java\techskill\demo\Entity\userEntity.java. Using fallback presentation compiler.
2026.03.26 18:57:07 INFO  no build target found for C:\Users\david\techskill\demo\src\main\java\techskill\demo\Entity\userEntity.java. Using fallback presentation compiler.
2026.03.26 18:57:08 INFO  no build target found for C:\Users\david\techskill\demo\src\main\java\techskill\demo\Entity\userEntity.java. Using fallback presentation compiler.
2026.03.26 18:57:07 INFO  no build target found for C:\Users\david\techskill\demo\src\main\java\techskill\demo\Entity\userEntity.java. Using fallback presentation compiler.
2026.03.26 18:57:08 INFO  no build target found for C:\Users\david\techskill\demo\src\main\java\techskill\demo\Entity\userEntity.java. Using fallback presentation compiler.
2026.03.26 18:57:11 INFO  no build target found for C:\Users\david\techskill\demo\src\main\java\techskill\demo\Entity\userEntity.java. Using fallback presentation compiler.
2026.03.26 18:57:11 INFO  no build target found for C:\Users\david\techskill\demo\src\main\java\techskill\demo\Entity\userEntity.java. Using fallback presentation compiler.
2026.03.26 18:57:11 INFO  no build target found for C:\Users\david\techskill\demo\src\main\java\techskill\demo\Entity\userEntity.java. Using fallback presentation compiler.
2026.03.26 18:57:11 INFO  no build target found for C:\Users\david\techskill\demo\src\main\java\techskill\demo\Entity\userEntity.java. Using fallback presentation compiler.
2026.03.26 18:57:11 INFO  no build target found for C:\Users\david\techskill\demo\src\main\java\techskill\demo\Entity\userEntity.java. Using fallback presentation compiler.
2026.03.26 18:57:11 INFO  no build target found for C:\Users\david\techskill\demo\src\main\java\techskill\demo\Entity\userEntity.java. Using fallback presentation compiler.
2026.03.26 18:57:11 INFO  no build target found for C:\Users\david\techskill\demo\src\main\java\techskill\demo\Entity\userEntity.java. Using fallback presentation compiler.
2026.03.26 18:57:11 INFO  no build target found for C:\Users\david\techskill\demo\src\main\java\techskill\demo\Entity\userEntity.java. Using fallback presentation compiler.
2026.03.26 18:57:12 INFO  no build target found for C:\Users\david\techskill\demo\src\main\java\techskill\demo\Entity\userEntity.java. Using fallback presentation compiler.
2026.03.26 18:57:12 INFO  no build target found for C:\Users\david\techskill\demo\src\main\java\techskill\demo\Entity\userEntity.java. Using fallback presentation compiler.
2026.03.26 18:57:12 INFO  no build target found for C:\Users\david\techskill\demo\src\main\java\techskill\demo\Entity\userEntity.java. Using fallback presentation compiler.
2026.03.26 18:57:12 INFO  no build target found for C:\Users\david\techskill\demo\src\main\java\techskill\demo\Entity\userEntity.java. Using fallback presentation compiler.
2026.03.26 18:57:12 INFO  no build target found for C:\Users\david\techskill\demo\src\main\java\techskill\demo\Entity\userEntity.java. Using fallback presentation compiler.
2026.03.26 18:57:12 INFO  no build target found for C:\Users\david\techskill\demo\src\main\java\techskill\demo\Entity\userEntity.java. Using fallback presentation compiler.
2026.03.26 18:57:13 INFO  no build target found for C:\Users\david\techskill\demo\src\main\java\techskill\demo\Entity\userEntity.java. Using fallback presentation compiler.
2026.03.26 18:57:13 INFO  no build target found for C:\Users\david\techskill\demo\src\main\java\techskill\demo\Entity\userEntity.java. Using fallback presentation compiler.
2026.03.26 18:57:13 INFO  no build target found for C:\Users\david\techskill\demo\src\main\java\techskill\demo\Entity\userEntity.java. Using fallback presentation compiler.
2026.03.26 18:57:13 INFO  no build target found for C:\Users\david\techskill\demo\src\main\java\techskill\demo\Entity\userEntity.java. Using fallback presentation compiler.
2026.03.26 18:57:13 INFO  no build target found for C:\Users\david\techskill\demo\src\main\java\techskill\demo\Entity\userEntity.java. Using fallback presentation compiler.
2026.03.26 18:57:21 INFO  no build target found for C:\Users\david\techskill\demo\src\main\java\techskill\demo\Entity\userEntity.java. Using fallback presentation compiler.
2026.03.26 18:57:22 INFO  no build target found for C:\Users\david\techskill\demo\src\main\java\techskill\demo\Entity\userEntity.java. Using fallback presentation compiler.
2026.03.26 18:57:23 INFO  no build target found for C:\Users\david\techskill\demo\src\main\java\techskill\demo\Entity\userEntity.java. Using fallback presentation compiler.
2026.03.26 18:57:25 INFO  no build target found for C:\Users\david\techskill\demo\src\main\java\techskill\demo\Entity\userEntity.java. Using fallback presentation compiler.
2026.03.26 18:57:26 INFO  no build target found for C:\Users\david\techskill\demo\src\main\java\techskill\demo\Entity\userEntity.java. Using fallback presentation compiler.
2026.03.26 18:57:26 INFO  no build target found for C:\Users\david\techskill\demo\src\main\java\techskill\demo\Entity\userEntity.java. Using fallback presentation compiler.
2026.03.26 18:57:26 INFO  no build target found for C:\Users\david\techskill\demo\src\main\java\techskill\demo\Entity\userEntity.java. Using fallback presentation compiler.
2026.03.26 18:57:26 INFO  no build target found for C:\Users\david\techskill\demo\src\main\java\techskill\demo\Entity\userEntity.java. Using fallback presentation compiler.
2026.03.26 18:57:26 INFO  no build target found for C:\Users\david\techskill\demo\src\main\java\techskill\demo\Entity\userEntity.java. Using fallback presentation compiler.
2026.03.26 18:57:26 INFO  no build target found for C:\Users\david\techskill\demo\src\main\java\techskill\demo\Entity\userEntity.java. Using fallback presentation compiler.
2026.03.26 18:57:26 INFO  no build target found for C:\Users\david\techskill\demo\src\main\java\techskill\demo\Entity\userEntity.java. Using fallback presentation compiler.
2026.03.26 18:57:26 INFO  no build target found for C:\Users\david\techskill\demo\src\main\java\techskill\demo\Entity\userEntity.java. Using fallback presentation compiler.
2026.03.26 18:57:27 INFO  no build target found for C:\Users\david\techskill\demo\src\main\java\techskill\demo\Entity\userEntity.java. Using fallback presentation compiler.
2026.03.26 18:57:27 INFO  no build target found for C:\Users\david\techskill\demo\src\main\java\techskill\demo\Entity\userEntity.java. Using fallback presentation compiler.
2026.03.26 18:57:27 INFO  no build target found for C:\Users\david\techskill\demo\src\main\java\techskill\demo\Entity\userEntity.java. Using fallback presentation compiler.
2026.03.26 18:57:27 INFO  no build target found for C:\Users\david\techskill\demo\src\main\java\techskill\demo\Entity\userEntity.java. Using fallback presentation compiler.
2026.03.26 18:57:27 INFO  no build target found for C:\Users\david\techskill\demo\src\main\java\techskill\demo\Entity\userEntity.java. Using fallback presentation compiler.
2026.03.26 18:57:27 INFO  no build target found for C:\Users\david\techskill\demo\src\main\java\techskill\demo\Entity\userEntity.java. Using fallback presentation compiler.
2026.03.26 18:57:27 INFO  no build target found for C:\Users\david\techskill\demo\src\main\java\techskill\demo\Entity\userEntity.java. Using fallback presentation compiler.
2026.03.26 18:57:28 INFO  no build target found for C:\Users\david\techskill\demo\src\main\java\techskill\demo\Entity\userEntity.java. Using fallback presentation compiler.
2026.03.26 18:57:27 INFO  no build target found for C:\Users\david\techskill\demo\src\main\java\techskill\demo\Entity\userEntity.java. Using fallback presentation compiler.
2026.03.26 18:57:28 INFO  no build target found for C:\Users\david\techskill\demo\src\main\java\techskill\demo\Entity\userEntity.java. Using fallback presentation compiler.
2026.03.26 18:57:31 INFO  no build target found for C:\Users\david\techskill\demo\src\main\java\techskill\demo\Entity\userEntity.java. Using fallback presentation compiler.
Mar 26, 2026 6:57:31 PM org.eclipse.lsp4j.jsonrpc.RemoteEndpoint handleCancellation
WARNING: Unmatched cancel notification for request id 2615
2026.03.26 18:57:35 INFO  no build target found for C:\Users\david\techskill\demo\src\main\java\techskill\demo\Entity\userEntity.java. Using fallback presentation compiler.
2026.03.26 18:57:35 INFO  no build target found for C:\Users\david\techskill\demo\src\main\java\techskill\demo\Entity\userEntity.java. Using fallback presentation compiler.
2026.03.26 18:57:35 INFO  no build target found for C:\Users\david\techskill\demo\src\main\java\techskill\demo\Entity\userEntity.java. Using fallback presentation compiler.
2026.03.26 18:57:35 INFO  no build target found for C:\Users\david\techskill\demo\src\main\java\techskill\demo\Entity\userEntity.java. Using fallback presentation compiler.
2026.03.26 18:57:35 INFO  no build target found for C:\Users\david\techskill\demo\src\main\java\techskill\demo\Entity\userEntity.java. Using fallback presentation compiler.
2026.03.26 18:57:36 INFO  no build target found for C:\Users\david\techskill\demo\src\main\java\techskill\demo\Entity\userEntity.java. Using fallback presentation compiler.
2026.03.26 18:57:36 INFO  no build target found for C:\Users\david\techskill\demo\src\main\java\techskill\demo\Entity\userEntity.java. Using fallback presentation compiler.
2026.03.26 18:57:35 INFO  no build target found for C:\Users\david\techskill\demo\src\main\java\techskill\demo\Entity\userEntity.java. Using fallback presentation compiler.
2026.03.26 18:57:36 INFO  no build target found for C:\Users\david\techskill\demo\src\main\java\techskill\demo\Entity\userEntity.java. Using fallback presentation compiler.
2026.03.26 18:57:36 INFO  no build target found for C:\Users\david\techskill\demo\src\main\java\techskill\demo\Entity\userEntity.java. Using fallback presentation compiler.
2026.03.26 18:57:36 INFO  no build target found for C:\Users\david\techskill\demo\src\main\java\techskill\demo\Entity\userEntity.java. Using fallback presentation compiler.
2026.03.26 18:57:36 INFO  no build target found for C:\Users\david\techskill\demo\src\main\java\techskill\demo\Entity\userEntity.java. Using fallback presentation compiler.
2026.03.26 18:57:37 INFO  no build target found for C:\Users\david\techskill\demo\src\main\java\techskill\demo\Entity\userEntity.java. Using fallback presentation compiler.
2026.03.26 18:57:37 INFO  no build target found for C:\Users\david\techskill\demo\src\main\java\techskill\demo\Entity\userEntity.java. Using fallback presentation compiler.
2026.03.26 18:57:37 INFO  no build target found for C:\Users\david\techskill\demo\src\main\java\techskill\demo\Entity\userEntity.java. Using fallback presentation compiler.
2026.03.26 18:57:37 INFO  no build target found for C:\Users\david\techskill\demo\src\main\java\techskill\demo\Entity\userEntity.java. Using fallback presentation compiler.
2026.03.26 18:57:38 INFO  no build target found for C:\Users\david\techskill\demo\src\main\java\techskill\demo\Entity\userEntity.java. Using fallback presentation compiler.
2026.03.26 18:57:37 INFO  no build target found for C:\Users\david\techskill\demo\src\main\java\techskill\demo\Entity\userEntity.java. Using fallback presentation compiler.
2026.03.26 18:57:37 INFO  no build target found for C:\Users\david\techskill\demo\src\main\java\techskill\demo\Entity\userEntity.java. Using fallback presentation compiler.
2026.03.26 18:57:38 INFO  no build target found for C:\Users\david\techskill\demo\src\main\java\techskill\demo\Entity\userEntity.java. Using fallback presentation compiler.
2026.03.26 18:57:37 INFO  no build target found for C:\Users\david\techskill\demo\src\main\java\techskill\demo\Entity\userEntity.java. Using fallback presentation compiler.
2026.03.26 18:57:38 INFO  no build target found for C:\Users\david\techskill\demo\src\main\java\techskill\demo\Entity\userEntity.java. Using fallback presentation compiler.
2026.03.26 18:57:39 INFO  no build target found for C:\Users\david\techskill\demo\src\main\java\techskill\demo\Entity\userEntity.java. Using fallback presentation compiler.
2026.03.26 18:57:39 INFO  no build target found for C:\Users\david\techskill\demo\src\main\java\techskill\demo\Entity\userEntity.java. Using fallback presentation compiler.
2026.03.26 18:57:42 WARN  no build target for: C:\Users\david\techskill\demo\src\main\java\techskill\demo\Entity\userEntity.java
2026.03.26 18:57:42 INFO  no build target found for C:\Users\david\techskill\demo\src\main\java\techskill\demo\Entity\userEntity.java. Using fallback presentation compiler.
2026.03.26 18:57:44 INFO  no build target found for C:\Users\david\techskill\demo\src\main\java\techskill\demo\Entity\userEntity.java. Using fallback presentation compiler.
2026.03.26 18:57:54 INFO  no build target found for C:\Users\david\techskill\demo\src\main\java\techskill\demo\Entity\userEntity.java. Using fallback presentation compiler.
2026.03.26 18:57:54 INFO  no build target found for C:\Users\david\techskill\demo\src\main\java\techskill\demo\Entity\userEntity.java. Using fallback presentation compiler.
2026.03.26 18:58:10 INFO  no build target found for C:\Users\david\techskill\demo\src\main\java\techskill\demo\Entity\userEntity.java. Using fallback presentation compiler.
2026.03.26 18:58:10 INFO  no build target found for C:\Users\david\techskill\demo\src\main\java\techskill\demo\Entity\userEntity.java. Using fallback presentation compiler.
2026.03.26 18:58:10 INFO  no build target found for C:\Users\david\techskill\demo\src\main\java\techskill\demo\Entity\userEntity.java. Using fallback presentation compiler.
2026.03.26 18:58:11 INFO  no build target found for C:\Users\david\techskill\demo\src\main\java\techskill\demo\Entity\userEntity.java. Using fallback presentation compiler.
2026.03.26 18:58:11 INFO  no build target found for C:\Users\david\techskill\demo\src\main\java\techskill\demo\Entity\userEntity.java. Using fallback presentation compiler.
2026.03.26 18:58:11 INFO  no build target found for C:\Users\david\techskill\demo\src\main\java\techskill\demo\Entity\userEntity.java. Using fallback presentation compiler.
2026.03.26 18:58:12 INFO  no build target found for C:\Users\david\techskill\demo\src\main\java\techskill\demo\Entity\userEntity.java. Using fallback presentation compiler.
2026.03.26 18:58:11 INFO  no build target found for C:\Users\david\techskill\demo\src\main\java\techskill\demo\Entity\userEntity.java. Using fallback presentation compiler.
2026.03.26 18:58:11 INFO  no build target found for C:\Users\david\techskill\demo\src\main\java\techskill\demo\Entity\userEntity.java. Using fallback presentation compiler.
2026.03.26 18:58:12 INFO  no build target found for C:\Users\david\techskill\demo\src\main\java\techskill\demo\Entity\userEntity.java. Using fallback presentation compiler.
2026.03.26 18:58:11 INFO  no build target found for C:\Users\david\techskill\demo\src\main\java\techskill\demo\Entity\userEntity.java. Using fallback presentation compiler.
2026.03.26 18:58:11 INFO  no build target found for C:\Users\david\techskill\demo\src\main\java\techskill\demo\Entity\userEntity.java. Using fallback presentation compiler.
2026.03.26 18:58:12 INFO  no build target found for C:\Users\david\techskill\demo\src\main\java\techskill\demo\Entity\userEntity.java. Using fallback presentation compiler.
2026.03.26 18:58:12 INFO  no build target found for C:\Users\david\techskill\demo\src\main\java\techskill\demo\Entity\userEntity.java. Using fallback presentation compiler.
2026.03.26 18:58:12 INFO  no build target found for C:\Users\david\techskill\demo\src\main\java\techskill\demo\Entity\userEntity.java. Using fallback presentation compiler.
2026.03.26 18:58:12 INFO  no build target found for C:\Users\david\techskill\demo\src\main\java\techskill\demo\Entity\userEntity.java. Using fallback presentation compiler.
2026.03.26 18:58:13 INFO  no build target found for C:\Users\david\techskill\demo\src\main\java\techskill\demo\Entity\userEntity.java. Using fallback presentation compiler.
2026.03.26 18:58:13 INFO  no build target found for C:\Users\david\techskill\demo\src\main\java\techskill\demo\Entity\userEntity.java. Using fallback presentation compiler.
2026.03.26 18:58:13 INFO  no build target found for C:\Users\david\techskill\demo\src\main\java\techskill\demo\Entity\userEntity.java. Using fallback presentation compiler.
2026.03.26 18:58:13 INFO  no build target found for C:\Users\david\techskill\demo\src\main\java\techskill\demo\Entity\userEntity.java. Using fallback presentation compiler.
2026.03.26 18:58:13 INFO  no build target found for C:\Users\david\techskill\demo\src\main\java\techskill\demo\Entity\userEntity.java. Using fallback presentation compiler.
2026.03.26 18:58:13 INFO  no build target found for C:\Users\david\techskill\demo\src\main\java\techskill\demo\Entity\userEntity.java. Using fallback presentation compiler.
2026.03.26 18:58:14 INFO  no build target found for C:\Users\david\techskill\demo\src\main\java\techskill\demo\Entity\userEntity.java. Using fallback presentation compiler.
2026.03.26 18:58:14 INFO  no build target found for C:\Users\david\techskill\demo\src\main\java\techskill\demo\Entity\userEntity.java. Using fallback presentation compiler.
2026.03.26 18:58:14 INFO  no build target found for C:\Users\david\techskill\demo\src\main\java\techskill\demo\Entity\userEntity.java. Using fallback presentation compiler.
2026.03.26 18:58:14 INFO  no build target found for C:\Users\david\techskill\demo\src\main\java\techskill\demo\Entity\userEntity.java. Using fallback presentation compiler.
2026.03.26 18:58:16 INFO  no build target found for C:\Users\david\techskill\demo\src\main\java\techskill\demo\Entity\userEntity.java. Using fallback presentation compiler.
2026.03.26 18:58:16 INFO  no build target found for C:\Users\david\techskill\demo\src\main\java\techskill\demo\Entity\userEntity.java. Using fallback presentation compiler.
2026.03.26 18:58:16 INFO  no build target found for C:\Users\david\techskill\demo\src\main\java\techskill\demo\Entity\userEntity.java. Using fallback presentation compiler.
2026.03.26 18:58:16 INFO  no build target found for C:\Users\david\techskill\demo\src\main\java\techskill\demo\Entity\userEntity.java. Using fallback presentation compiler.
2026.03.26 18:58:16 INFO  no build target found for C:\Users\david\techskill\demo\src\main\java\techskill\demo\Entity\userEntity.java. Using fallback presentation compiler.
2026.03.26 18:58:16 INFO  no build target found for C:\Users\david\techskill\demo\src\main\java\techskill\demo\Entity\userEntity.java. Using fallback presentation compiler.
2026.03.26 18:58:17 INFO  no build target found for C:\Users\david\techskill\demo\src\main\java\techskill\demo\Entity\userEntity.java. Using fallback presentation compiler.
2026.03.26 18:58:17 INFO  no build target found for C:\Users\david\techskill\demo\src\main\java\techskill\demo\Entity\userEntity.java. Using fallback presentation compiler.
2026.03.26 18:58:17 INFO  no build target found for C:\Users\david\techskill\demo\src\main\java\techskill\demo\Entity\userEntity.java. Using fallback presentation compiler.
2026.03.26 18:58:17 INFO  no build target found for C:\Users\david\techskill\demo\src\main\java\techskill\demo\Entity\userEntity.java. Using fallback presentation compiler.
2026.03.26 18:58:17 INFO  no build target found for C:\Users\david\techskill\demo\src\main\java\techskill\demo\Entity\userEntity.java. Using fallback presentation compiler.
2026.03.26 18:58:17 INFO  no build target found for C:\Users\david\techskill\demo\src\main\java\techskill\demo\Entity\userEntity.java. Using fallback presentation compiler.
2026.03.26 18:58:17 INFO  no build target found for C:\Users\david\techskill\demo\src\main\java\techskill\demo\Entity\userEntity.java. Using fallback presentation compiler.
2026.03.26 18:58:18 INFO  no build target found for C:\Users\david\techskill\demo\src\main\java\techskill\demo\Entity\userEntity.java. Using fallback presentation compiler.
2026.03.26 18:58:17 INFO  no build target found for C:\Users\david\techskill\demo\src\main\java\techskill\demo\Entity\userEntity.java. Using fallback presentation compiler.
2026.03.26 18:58:18 INFO  no build target found for C:\Users\david\techskill\demo\src\main\java\techskill\demo\Entity\userEntity.java. Using fallback presentation compiler.
2026.03.26 18:58:18 INFO  no build target found for C:\Users\david\techskill\demo\src\main\java\techskill\demo\Entity\userEntity.java. Using fallback presentation compiler.
2026.03.26 18:58:18 INFO  no build target found for C:\Users\david\techskill\demo\src\main\java\techskill\demo\Entity\userEntity.java. Using fallback presentation compiler.
2026.03.26 18:58:19 INFO  no build target found for C:\Users\david\techskill\demo\src\main\java\techskill\demo\Entity\userEntity.java. Using fallback presentation compiler.
2026.03.26 18:58:18 INFO  no build target found for C:\Users\david\techskill\demo\src\main\java\techskill\demo\Entity\userEntity.java. Using fallback presentation compiler.
2026.03.26 18:58:18 INFO  no build target found for C:\Users\david\techskill\demo\src\main\java\techskill\demo\Entity\userEntity.java. Using fallback presentation compiler.
2026.03.26 18:58:19 INFO  no build target found for C:\Users\david\techskill\demo\src\main\java\techskill\demo\Entity\userEntity.java. Using fallback presentation compiler.
2026.03.26 18:58:18 INFO  no build target found for C:\Users\david\techskill\demo\src\main\java\techskill\demo\Entity\userEntity.java. Using fallback presentation compiler.
2026.03.26 18:58:19 INFO  no build target found for C:\Users\david\techskill\demo\src\main\java\techskill\demo\Entity\userEntity.java. Using fallback presentation compiler.
2026.03.26 18:58:20 INFO  no build target found for C:\Users\david\techskill\demo\src\main\java\techskill\demo\Entity\userEntity.java. Using fallback presentation compiler.
2026.03.26 18:58:20 INFO  no build target found for C:\Users\david\techskill\demo\src\main\java\techskill\demo\Entity\userEntity.java. Using fallback presentation compiler.
2026.03.26 18:58:20 INFO  no build target found for C:\Users\david\techskill\demo\src\main\java\techskill\demo\Entity\userEntity.java. Using fallback presentation compiler.
2026.03.26 18:58:21 INFO  no build target found for C:\Users\david\techskill\demo\src\main\java\techskill\demo\Entity\userEntity.java. Using fallback presentation compiler.
2026.03.26 18:58:21 INFO  no build target found for C:\Users\david\techskill\demo\src\main\java\techskill\demo\Entity\userEntity.java. Using fallback presentation compiler.
2026.03.26 18:58:29 INFO  no build target found for C:\Users\david\techskill\demo\src\main\java\techskill\demo\Entity\userEntity.java. Using fallback presentation compiler.
2026.03.26 18:58:29 INFO  no build target found for C:\Users\david\techskill\demo\src\main\java\techskill\demo\Entity\userEntity.java. Using fallback presentation compiler.
2026.03.26 18:58:29 INFO  no build target found for C:\Users\david\techskill\demo\src\main\java\techskill\demo\Entity\userEntity.java. Using fallback presentation compiler.
2026.03.26 18:58:29 INFO  no build target found for C:\Users\david\techskill\demo\src\main\java\techskill\demo\Entity\userEntity.java. Using fallback presentation compiler.
2026.03.26 18:58:29 INFO  no build target found for C:\Users\david\techskill\demo\src\main\java\techskill\demo\Entity\userEntity.java. Using fallback presentation compiler.
2026.03.26 18:58:29 INFO  no build target found for C:\Users\david\techskill\demo\src\main\java\techskill\demo\Entity\userEntity.java. Using fallback presentation compiler.
2026.03.26 18:58:29 INFO  no build target found for C:\Users\david\techskill\demo\src\main\java\techskill\demo\Entity\userEntity.java. Using fallback presentation compiler.
2026.03.26 18:58:30 INFO  no build target found for C:\Users\david\techskill\demo\src\main\java\techskill\demo\Entity\userEntity.java. Using fallback presentation compiler.
2026.03.26 18:58:30 INFO  no build target found for C:\Users\david\techskill\demo\src\main\java\techskill\demo\Entity\userEntity.java. Using fallback presentation compiler.
2026.03.26 18:58:30 INFO  no build target found for C:\Users\david\techskill\demo\src\main\java\techskill\demo\Entity\userEntity.java. Using fallback presentation compiler.
2026.03.26 18:58:30 INFO  no build target found for C:\Users\david\techskill\demo\src\main\java\techskill\demo\Entity\userEntity.java. Using fallback presentation compiler.
2026.03.26 18:58:30 INFO  no build target found for C:\Users\david\techskill\demo\src\main\java\techskill\demo\Entity\userEntity.java. Using fallback presentation compiler.
2026.03.26 18:58:31 INFO  no build target found for C:\Users\david\techskill\demo\src\main\java\techskill\demo\Entity\userEntity.java. Using fallback presentation compiler.
2026.03.26 18:58:42 INFO  no build target found for C:\Users\david\techskill\demo\src\main\java\techskill\demo\Entity\userEntity.java. Using fallback presentation compiler.
2026.03.26 18:58:42 INFO  no build target found for C:\Users\david\techskill\demo\src\main\java\techskill\demo\Entity\userEntity.java. Using fallback presentation compiler.
2026.03.26 18:58:43 INFO  no build target found for C:\Users\david\techskill\demo\src\main\java\techskill\demo\Entity\userEntity.java. Using fallback presentation compiler.
2026.03.26 18:58:45 INFO  no build target found for C:\Users\david\techskill\demo\src\main\java\techskill\demo\Entity\userEntity.java. Using fallback presentation compiler.
2026.03.26 18:58:45 INFO  no build target found for C:\Users\david\techskill\demo\src\main\java\techskill\demo\Entity\userEntity.java. Using fallback presentation compiler.
2026.03.26 18:58:45 INFO  no build target found for C:\Users\david\techskill\demo\src\main\java\techskill\demo\Entity\userEntity.java. Using fallback presentation compiler.
2026.03.26 18:58:45 INFO  no build target found for C:\Users\david\techskill\demo\src\main\java\techskill\demo\Entity\userEntity.java. Using fallback presentation compiler.
2026.03.26 18:58:45 INFO  no build target found for C:\Users\david\techskill\demo\src\main\java\techskill\demo\Entity\userEntity.java. Using fallback presentation compiler.
2026.03.26 18:58:46 INFO  no build target found for C:\Users\david\techskill\demo\src\main\java\techskill\demo\Entity\userEntity.java. Using fallback presentation compiler.
2026.03.26 18:58:46 INFO  no build target found for C:\Users\david\techskill\demo\src\main\java\techskill\demo\Entity\userEntity.java. Using fallback presentation compiler.
2026.03.26 18:58:46 INFO  no build target found for C:\Users\david\techskill\demo\src\main\java\techskill\demo\Entity\userEntity.java. Using fallback presentation compiler.
2026.03.26 18:58:46 INFO  no build target found for C:\Users\david\techskill\demo\src\main\java\techskill\demo\Entity\userEntity.java. Using fallback presentation compiler.
2026.03.26 18:58:47 INFO  no build target found for C:\Users\david\techskill\demo\src\main\java\techskill\demo\Entity\userEntity.java. Using fallback presentation compiler.
2026.03.26 18:58:46 INFO  no build target found for C:\Users\david\techskill\demo\src\main\java\techskill\demo\Entity\userEntity.java. Using fallback presentation compiler.
2026.03.26 18:58:46 INFO  no build target found for C:\Users\david\techskill\demo\src\main\java\techskill\demo\Entity\userEntity.java. Using fallback presentation compiler.
2026.03.26 18:58:46 INFO  no build target found for C:\Users\david\techskill\demo\src\main\java\techskill\demo\Entity\userEntity.java. Using fallback presentation compiler.
2026.03.26 18:58:46 INFO  no build target found for C:\Users\david\techskill\demo\src\main\java\techskill\demo\Entity\userEntity.java. Using fallback presentation compiler.
2026.03.26 18:58:48 INFO  no build target found for C:\Users\david\techskill\demo\src\main\java\techskill\demo\Entity\userEntity.java. Using fallback presentation compiler.
2026.03.26 18:58:48 INFO  no build target found for C:\Users\david\techskill\demo\src\main\java\techskill\demo\Entity\userEntity.java. Using fallback presentation compiler.
2026.03.26 18:58:50 INFO  no build target found for C:\Users\david\techskill\demo\src\main\java\techskill\demo\Entity\userEntity.java. Using fallback presentation compiler.
2026.03.26 18:58:51 INFO  no build target found for C:\Users\david\techskill\demo\src\main\java\techskill\demo\Entity\userEntity.java. Using fallback presentation compiler.
2026.03.26 18:58:50 INFO  no build target found for C:\Users\david\techskill\demo\src\main\java\techskill\demo\Entity\userEntity.java. Using fallback presentation compiler.
2026.03.26 18:58:50 INFO  no build target found for C:\Users\david\techskill\demo\src\main\java\techskill\demo\Entity\userEntity.java. Using fallback presentation compiler.
2026.03.26 18:58:50 INFO  no build target found for C:\Users\david\techskill\demo\src\main\java\techskill\demo\Entity\userEntity.java. Using fallback presentation compiler.
2026.03.26 18:58:51 INFO  no build target found for C:\Users\david\techskill\demo\src\main\java\techskill\demo\Entity\userEntity.java. Using fallback presentation compiler.
2026.03.26 18:58:54 INFO  no build target found for C:\Users\david\techskill\demo\src\main\java\techskill\demo\Entity\userEntity.java. Using fallback presentation compiler.
2026.03.26 18:58:54 INFO  no build target found for C:\Users\david\techskill\demo\src\main\java\techskill\demo\Entity\userEntity.java. Using fallback presentation compiler.
2026.03.26 18:58:54 INFO  no build target found for C:\Users\david\techskill\demo\src\main\java\techskill\demo\Entity\userEntity.java. Using fallback presentation compiler.
2026.03.26 18:58:54 INFO  no build target found for C:\Users\david\techskill\demo\src\main\java\techskill\demo\Entity\userEntity.java. Using fallback presentation compiler.
2026.03.26 18:58:56 INFO  no build target found for C:\Users\david\techskill\demo\src\main\java\techskill\demo\Entity\userEntity.java. Using fallback presentation compiler.
2026.03.26 18:58:56 INFO  no build target found for C:\Users\david\techskill\demo\src\main\java\techskill\demo\Entity\userEntity.java. Using fallback presentation compiler.
2026.03.26 18:58:57 INFO  no build target found for C:\Users\david\techskill\demo\src\main\java\techskill\demo\Entity\userEntity.java. Using fallback presentation compiler.
2026.03.26 18:58:57 INFO  no build target found for C:\Users\david\techskill\demo\src\main\java\techskill\demo\Entity\userEntity.java. Using fallback presentation compiler.
2026.03.26 18:58:57 INFO  no build target found for C:\Users\david\techskill\demo\src\main\java\techskill\demo\Entity\userEntity.java. Using fallback presentation compiler.
2026.03.26 18:58:57 INFO  no build target found for C:\Users\david\techskill\demo\src\main\java\techskill\demo\Entity\userEntity.java. Using fallback presentation compiler.
2026.03.26 18:58:58 INFO  no build target found for C:\Users\david\techskill\demo\src\main\java\techskill\demo\Entity\userEntity.java. Using fallback presentation compiler.
2026.03.26 18:59:07 INFO  no build target found for C:\Users\david\techskill\demo\src\main\java\techskill\demo\Entity\userEntity.java. Using fallback presentation compiler.
2026.03.26 18:59:07 INFO  no build target found for C:\Users\david\techskill\demo\src\main\java\techskill\demo\Entity\userEntity.java. Using fallback presentation compiler.
2026.03.26 18:59:09 INFO  no build target found for C:\Users\david\techskill\demo\src\main\java\techskill\demo\Entity\userEntity.java. Using fallback presentation compiler.
2026.03.26 18:59:09 INFO  no build target found for C:\Users\david\techskill\demo\src\main\java\techskill\demo\Entity\userEntity.java. Using fallback presentation compiler.
2026.03.26 18:59:09 INFO  no build target found for C:\Users\david\techskill\demo\src\main\java\techskill\demo\Entity\userEntity.java. Using fallback presentation compiler.
2026.03.26 18:59:09 INFO  no build target found for C:\Users\david\techskill\demo\src\main\java\techskill\demo\Entity\userEntity.java. Using fallback presentation compiler.
2026.03.26 18:59:10 INFO  no build target found for C:\Users\david\techskill\demo\src\main\java\techskill\demo\Entity\userEntity.java. Using fallback presentation compiler.
2026.03.26 18:59:10 INFO  no build target found for C:\Users\david\techskill\demo\src\main\java\techskill\demo\Entity\userEntity.java. Using fallback presentation compiler.
2026.03.26 18:59:10 INFO  no build target found for C:\Users\david\techskill\demo\src\main\java\techskill\demo\Entity\userEntity.java. Using fallback presentation compiler.
2026.03.26 18:59:10 INFO  no build target found for C:\Users\david\techskill\demo\src\main\java\techskill\demo\Entity\userEntity.java. Using fallback presentation compiler.
2026.03.26 18:59:10 INFO  no build target found for C:\Users\david\techskill\demo\src\main\java\techskill\demo\Entity\userEntity.java. Using fallback presentation compiler.
2026.03.26 18:59:10 INFO  no build target found for C:\Users\david\techskill\demo\src\main\java\techskill\demo\Entity\userEntity.java. Using fallback presentation compiler.
2026.03.26 18:59:10 INFO  no build target found for C:\Users\david\techskill\demo\src\main\java\techskill\demo\Entity\userEntity.java. Using fallback presentation compiler.
2026.03.26 18:59:10 INFO  no build target found for C:\Users\david\techskill\demo\src\main\java\techskill\demo\Entity\userEntity.java. Using fallback presentation compiler.
2026.03.26 18:59:12 INFO  no build target found for C:\Users\david\techskill\demo\src\main\java\techskill\demo\Entity\userEntity.java. Using fallback presentation compiler.
2026.03.26 18:59:12 INFO  no build target found for C:\Users\david\techskill\demo\src\main\java\techskill\demo\Entity\userEntity.java. Using fallback presentation compiler.
2026.03.26 18:59:12 INFO  no build target found for C:\Users\david\techskill\demo\src\main\java\techskill\demo\Entity\userEntity.java. Using fallback presentation compiler.
2026.03.26 18:59:12 INFO  no build target found for C:\Users\david\techskill\demo\src\main\java\techskill\demo\Entity\userEntity.java. Using fallback presentation compiler.
2026.03.26 18:59:12 INFO  no build target found for C:\Users\david\techskill\demo\src\main\java\techskill\demo\Entity\userEntity.java. Using fallback presentation compiler.
2026.03.26 18:59:12 INFO  no build target found for C:\Users\david\techskill\demo\src\main\java\techskill\demo\Entity\userEntity.java. Using fallback presentation compiler.
2026.03.26 18:59:12 INFO  no build target found for C:\Users\david\techskill\demo\src\main\java\techskill\demo\Entity\userEntity.java. Using fallback presentation compiler.
2026.03.26 18:59:12 INFO  no build target found for C:\Users\david\techskill\demo\src\main\java\techskill\demo\Entity\userEntity.java. Using fallback presentation compiler.
2026.03.26 18:59:13 INFO  no build target found for C:\Users\david\techskill\demo\src\main\java\techskill\demo\Entity\userEntity.java. Using fallback presentation compiler.
2026.03.26 18:59:13 INFO  no build target found for C:\Users\david\techskill\demo\src\main\java\techskill\demo\Entity\userEntity.java. Using fallback presentation compiler.
2026.03.26 18:59:13 INFO  no build target found for C:\Users\david\techskill\demo\src\main\java\techskill\demo\Entity\userEntity.java. Using fallback presentation compiler.
2026.03.26 18:59:13 INFO  no build target found for C:\Users\david\techskill\demo\src\main\java\techskill\demo\Entity\userEntity.java. Using fallback presentation compiler.
2026.03.26 18:59:13 INFO  no build target found for C:\Users\david\techskill\demo\src\main\java\techskill\demo\Entity\userEntity.java. Using fallback presentation compiler.
2026.03.26 18:59:13 INFO  no build target found for C:\Users\david\techskill\demo\src\main\java\techskill\demo\Entity\userEntity.java. Using fallback presentation compiler.
2026.03.26 18:59:14 INFO  no build target found for C:\Users\david\techskill\demo\src\main\java\techskill\demo\Entity\userEntity.java. Using fallback presentation compiler.
2026.03.26 18:59:14 INFO  no build target found for C:\Users\david\techskill\demo\src\main\java\techskill\demo\Entity\userEntity.java. Using fallback presentation compiler.
2026.03.26 18:59:14 INFO  no build target found for C:\Users\david\techskill\demo\src\main\java\techskill\demo\Entity\userEntity.java. Using fallback presentation compiler.
2026.03.26 18:59:14 INFO  no build target found for C:\Users\david\techskill\demo\src\main\java\techskill\demo\Entity\userEntity.java. Using fallback presentation compiler.
2026.03.26 18:59:14 INFO  no build target found for C:\Users\david\techskill\demo\src\main\java\techskill\demo\Entity\userEntity.java. Using fallback presentation compiler.
2026.03.26 18:59:14 INFO  no build target found for C:\Users\david\techskill\demo\src\main\java\techskill\demo\Entity\userEntity.java. Using fallback presentation compiler.
2026.03.26 18:59:14 INFO  no build target found for C:\Users\david\techskill\demo\src\main\java\techskill\demo\Entity\userEntity.java. Using fallback presentation compiler.
2026.03.26 18:59:14 INFO  no build target found for C:\Users\david\techskill\demo\src\main\java\techskill\demo\Entity\userEntity.java. Using fallback presentation compiler.
2026.03.26 18:59:15 INFO  no build target found for C:\Users\david\techskill\demo\src\main\java\techskill\demo\Entity\userEntity.java. Using fallback presentation compiler.
2026.03.26 18:59:15 INFO  no build target found for C:\Users\david\techskill\demo\src\main\java\techskill\demo\Entity\userEntity.java. Using fallback presentation compiler.
2026.03.26 18:59:15 INFO  no build target found for C:\Users\david\techskill\demo\src\main\java\techskill\demo\Entity\userEntity.java. Using fallback presentation compiler.
2026.03.26 18:59:15 INFO  no build target found for C:\Users\david\techskill\demo\src\main\java\techskill\demo\Entity\userEntity.java. Using fallback presentation compiler.
2026.03.26 18:59:15 INFO  no build target found for C:\Users\david\techskill\demo\src\main\java\techskill\demo\Entity\userEntity.java. Using fallback presentation compiler.
2026.03.26 18:59:15 INFO  no build target found for C:\Users\david\techskill\demo\src\main\java\techskill\demo\Entity\userEntity.java. Using fallback presentation compiler.
2026.03.26 18:59:16 INFO  no build target found for C:\Users\david\techskill\demo\src\main\java\techskill\demo\Entity\userEntity.java. Using fallback presentation compiler.
2026.03.26 18:59:15 INFO  no build target found for C:\Users\david\techskill\demo\src\main\java\techskill\demo\Entity\userEntity.java. Using fallback presentation compiler.
2026.03.26 18:59:15 INFO  no build target found for C:\Users\david\techskill\demo\src\main\java\techskill\demo\Entity\userEntity.java. Using fallback presentation compiler.
2026.03.26 18:59:16 INFO  no build target found for C:\Users\david\techskill\demo\src\main\java\techskill\demo\Entity\userEntity.java. Using fallback presentation compiler.
2026.03.26 18:59:16 INFO  no build target found for C:\Users\david\techskill\demo\src\main\java\techskill\demo\Entity\userEntity.java. Using fallback presentation compiler.
2026.03.26 18:59:16 INFO  no build target found for C:\Users\david\techskill\demo\src\main\java\techskill\demo\Entity\userEntity.java. Using fallback presentation compiler.
2026.03.26 18:59:17 INFO  no build target found for C:\Users\david\techskill\demo\src\main\java\techskill\demo\Entity\userEntity.java. Using fallback presentation compiler.
2026.03.26 18:59:17 INFO  no build target found for C:\Users\david\techskill\demo\src\main\java\techskill\demo\Entity\userEntity.java. Using fallback presentation compiler.
2026.03.26 18:59:17 INFO  no build target found for C:\Users\david\techskill\demo\src\main\java\techskill\demo\Entity\userEntity.java. Using fallback presentation compiler.
2026.03.26 18:59:18 INFO  no build target found for C:\Users\david\techskill\demo\src\main\java\techskill\demo\Entity\userEntity.java. Using fallback presentation compiler.
2026.03.26 18:59:18 INFO  no build target found for C:\Users\david\techskill\demo\src\main\java\techskill\demo\Entity\userEntity.java. Using fallback presentation compiler.
2026.03.26 18:59:18 INFO  no build target found for C:\Users\david\techskill\demo\src\main\java\techskill\demo\Entity\userEntity.java. Using fallback presentation compiler.
2026.03.26 18:59:18 INFO  no build target found for C:\Users\david\techskill\demo\src\main\java\techskill\demo\Entity\userEntity.java. Using fallback presentation compiler.
2026.03.26 18:59:19 INFO  no build target found for C:\Users\david\techskill\demo\src\main\java\techskill\demo\Entity\userEntity.java. Using fallback presentation compiler.
2026.03.26 18:59:18 INFO  no build target found for C:\Users\david\techskill\demo\src\main\java\techskill\demo\Entity\userEntity.java. Using fallback presentation compiler.
2026.03.26 18:59:18 INFO  no build target found for C:\Users\david\techskill\demo\src\main\java\techskill\demo\Entity\userEntity.java. Using fallback presentation compiler.
2026.03.26 18:59:19 INFO  no build target found for C:\Users\david\techskill\demo\src\main\java\techskill\demo\Entity\userEntity.java. Using fallback presentation compiler.
2026.03.26 18:59:18 INFO  no build target found for C:\Users\david\techskill\demo\src\main\java\techskill\demo\Entity\userEntity.java. Using fallback presentation compiler.
2026.03.26 18:59:19 INFO  no build target found for C:\Users\david\techskill\demo\src\main\java\techskill\demo\Entity\userEntity.java. Using fallback presentation compiler.
2026.03.26 18:59:20 INFO  no build target found for C:\Users\david\techskill\demo\src\main\java\techskill\demo\Entity\userEntity.java. Using fallback presentation compiler.
2026.03.26 18:59:20 INFO  no build target found for C:\Users\david\techskill\demo\src\main\java\techskill\demo\Entity\userEntity.java. Using fallback presentation compiler.
2026.03.26 18:59:19 INFO  no build target found for C:\Users\david\techskill\demo\src\main\java\techskill\demo\Entity\userEntity.java. Using fallback presentation compiler.
2026.03.26 18:59:20 INFO  no build target found for C:\Users\david\techskill\demo\src\main\java\techskill\demo\Entity\userEntity.java. Using fallback presentation compiler.
2026.03.26 18:59:20 INFO  no build target found for C:\Users\david\techskill\demo\src\main\java\techskill\demo\Entity\userEntity.java. Using fallback presentation compiler.
2026.03.26 18:59:19 INFO  no build target found for C:\Users\david\techskill\demo\src\main\java\techskill\demo\Entity\userEntity.java. Using fallback presentation compiler.
2026.03.26 18:59:20 INFO  no build target found for C:\Users\david\techskill\demo\src\main\java\techskill\demo\Entity\userEntity.java. Using fallback presentation compiler.
2026.03.26 18:59:21 INFO  no build target found for C:\Users\david\techskill\demo\src\main\java\techskill\demo\Entity\userEntity.java. Using fallback presentation compiler.
2026.03.26 18:59:21 INFO  no build target found for C:\Users\david\techskill\demo\src\main\java\techskill\demo\Entity\userEntity.java. Using fallback presentation compiler.
2026.03.26 18:59:21 INFO  no build target found for C:\Users\david\techskill\demo\src\main\java\techskill\demo\Entity\userEntity.java. Using fallback presentation compiler.
2026.03.26 18:59:31 INFO  no build target found for C:\Users\david\techskill\demo\src\main\java\techskill\demo\Entity\userEntity.java. Using fallback presentation compiler.
2026.03.26 18:59:31 INFO  no build target found for C:\Users\david\techskill\demo\src\main\java\techskill\demo\Entity\userEntity.java. Using fallback presentation compiler.
2026.03.26 18:59:32 INFO  no build target found for C:\Users\david\techskill\demo\src\main\java\techskill\demo\Entity\userEntity.java. Using fallback presentation compiler.
2026.03.26 18:59:32 INFO  no build target found for C:\Users\david\techskill\demo\src\main\java\techskill\demo\Entity\userEntity.java. Using fallback presentation compiler.
2026.03.26 18:59:32 INFO  no build target found for C:\Users\david\techskill\demo\src\main\java\techskill\demo\Entity\userEntity.java. Using fallback presentation compiler.
2026.03.26 18:59:32 INFO  no build target found for C:\Users\david\techskill\demo\src\main\java\techskill\demo\Entity\userEntity.java. Using fallback presentation compiler.
2026.03.26 18:59:32 INFO  no build target found for C:\Users\david\techskill\demo\src\main\java\techskill\demo\Entity\userEntity.java. Using fallback presentation compiler.
2026.03.26 18:59:32 INFO  no build target found for C:\Users\david\techskill\demo\src\main\java\techskill\demo\Entity\userEntity.java. Using fallback presentation compiler.
2026.03.26 18:59:32 INFO  no build target found for C:\Users\david\techskill\demo\src\main\java\techskill\demo\Entity\userEntity.java. Using fallback presentation compiler.
2026.03.26 18:59:32 INFO  no build target found for C:\Users\david\techskill\demo\src\main\java\techskill\demo\Entity\userEntity.java. Using fallback presentation compiler.
2026.03.26 18:59:32 INFO  no build target found for C:\Users\david\techskill\demo\src\main\java\techskill\demo\Entity\userEntity.java. Using fallback presentation compiler.
2026.03.26 18:59:33 INFO  no build target found for C:\Users\david\techskill\demo\src\main\java\techskill\demo\Entity\userEntity.java. Using fallback presentation compiler.
2026.03.26 18:59:33 INFO  no build target found for C:\Users\david\techskill\demo\src\main\java\techskill\demo\Entity\userEntity.java. Using fallback presentation compiler.
2026.03.26 18:59:33 INFO  no build target found for C:\Users\david\techskill\demo\src\main\java\techskill\demo\Entity\userEntity.java. Using fallback presentation compiler.
2026.03.26 18:59:32 INFO  no build target found for C:\Users\david\techskill\demo\src\main\java\techskill\demo\Entity\userEntity.java. Using fallback presentation compiler.
2026.03.26 18:59:33 INFO  no build target found for C:\Users\david\techskill\demo\src\main\java\techskill\demo\Entity\userEntity.java. Using fallback presentation compiler.
2026.03.26 18:59:33 INFO  no build target found for C:\Users\david\techskill\demo\src\main\java\techskill\demo\Entity\userEntity.java. Using fallback presentation compiler.
2026.03.26 18:59:33 INFO  no build target found for C:\Users\david\techskill\demo\src\main\java\techskill\demo\Entity\userEntity.java. Using fallback presentation compiler.
2026.03.26 18:59:33 INFO  no build target found for C:\Users\david\techskill\demo\src\main\java\techskill\demo\Entity\userEntity.java. Using fallback presentation compiler.
2026.03.26 18:59:33 INFO  no build target found for C:\Users\david\techskill\demo\src\main\java\techskill\demo\Entity\userEntity.java. Using fallback presentation compiler.
2026.03.26 18:59:33 INFO  no build target found for C:\Users\david\techskill\demo\src\main\java\techskill\demo\Entity\userEntity.java. Using fallback presentation compiler.
2026.03.26 18:59:33 INFO  no build target found for C:\Users\david\techskill\demo\src\main\java\techskill\demo\Entity\userEntity.java. Using fallback presentation compiler.
2026.03.26 18:59:34 INFO  no build target found for C:\Users\david\techskill\demo\src\main\java\techskill\demo\Entity\userEntity.java. Using fallback presentation compiler.
2026.03.26 18:59:34 INFO  no build target found for C:\Users\david\techskill\demo\src\main\java\techskill\demo\Entity\userEntity.java. Using fallback presentation compiler.
2026.03.26 18:59:34 INFO  no build target found for C:\Users\david\techskill\demo\src\main\java\techskill\demo\Entity\userEntity.java. Using fallback presentation compiler.
2026.03.26 18:59:52 INFO  no build target found for C:\Users\david\techskill\demo\src\main\java\techskill\demo\Entity\userEntity.java. Using fallback presentation compiler.
2026.03.26 18:59:52 INFO  no build target found for C:\Users\david\techskill\demo\src\main\java\techskill\demo\Entity\userEntity.java. Using fallback presentation compiler.
2026.03.26 18:59:54 INFO  no build target found for C:\Users\david\techskill\demo\src\main\java\techskill\demo\Entity\userEntity.java. Using fallback presentation compiler.
2026.03.26 18:59:54 INFO  no build target found for C:\Users\david\techskill\demo\src\main\java\techskill\demo\Entity\userEntity.java. Using fallback presentation compiler.
2026.03.26 18:59:58 INFO  no build target found for C:\Users\david\techskill\demo\src\main\java\techskill\demo\Entity\userEntity.java. Using fallback presentation compiler.
2026.03.26 18:59:58 INFO  no build target found for C:\Users\david\techskill\demo\src\main\java\techskill\demo\Entity\userEntity.java. Using fallback presentation compiler.
2026.03.26 19:09:09 INFO  no build target found for C:\Users\david\techskill\demo\src\main\java\techskill\demo\Entity\userEntity.java. Using fallback presentation compiler.
2026.03.26 19:09:09 INFO  no build target found for C:\Users\david\techskill\demo\src\main\java\techskill\demo\Entity\userEntity.java. Using fallback presentation compiler.
2026.03.26 19:09:16 INFO  no build target found for C:\Users\david\techskill\demo\src\main\java\techskill\demo\Entity\userEntity.java. Using fallback presentation compiler.
2026.03.26 19:09:16 INFO  no build target found for C:\Users\david\techskill\demo\src\main\java\techskill\demo\Entity\userEntity.java. Using fallback presentation compiler.
2026.03.26 19:09:16 INFO  no build target found for C:\Users\david\techskill\demo\src\main\java\techskill\demo\Entity\userEntity.java. Using fallback presentation compiler.
2026.03.26 19:09:16 INFO  no build target found for C:\Users\david\techskill\demo\src\main\java\techskill\demo\Entity\userEntity.java. Using fallback presentation compiler.
2026.03.26 19:09:17 INFO  no build target found for C:\Users\david\techskill\demo\src\main\java\techskill\demo\Entity\userEntity.java. Using fallback presentation compiler.
2026.03.26 19:09:16 INFO  no build target found for C:\Users\david\techskill\demo\src\main\java\techskill\demo\Entity\userEntity.java. Using fallback presentation compiler.
2026.03.26 19:09:17 INFO  no build target found for C:\Users\david\techskill\demo\src\main\java\techskill\demo\Entity\userEntity.java. Using fallback presentation compiler.
2026.03.26 19:09:18 INFO  no build target found for C:\Users\david\techskill\demo\src\main\java\techskill\demo\Entity\userEntity.java. Using fallback presentation compiler.
2026.03.26 19:09:18 INFO  no build target found for C:\Users\david\techskill\demo\src\main\java\techskill\demo\Entity\userEntity.java. Using fallback presentation compiler.
2026.03.26 19:09:18 INFO  no build target found for C:\Users\david\techskill\demo\src\main\java\techskill\demo\Entity\userEntity.java. Using fallback presentation compiler.
2026.03.26 19:09:19 INFO  no build target found for C:\Users\david\techskill\demo\src\main\java\techskill\demo\Entity\userEntity.java. Using fallback presentation compiler.
2026.03.26 19:09:18 INFO  no build target found for C:\Users\david\techskill\demo\src\main\java\techskill\demo\Entity\userEntity.java. Using fallback presentation compiler.
2026.03.26 19:09:18 INFO  no build target found for C:\Users\david\techskill\demo\src\main\java\techskill\demo\Entity\userEntity.java. Using fallback presentation compiler.
2026.03.26 19:09:19 INFO  no build target found for C:\Users\david\techskill\demo\src\main\java\techskill\demo\Entity\userEntity.java. Using fallback presentation compiler.
2026.03.26 19:09:22 INFO  no build target found for C:\Users\david\techskill\demo\src\main\java\techskill\demo\Entity\userEntity.java. Using fallback presentation compiler.
2026.03.26 19:09:22 INFO  no build target found for C:\Users\david\techskill\demo\src\main\java\techskill\demo\Entity\userEntity.java. Using fallback presentation compiler.
2026.03.26 19:09:22 INFO  empty definition using pc, found symbol in pc: java/lang/String# (full report at: "C:\Users\david\techskill\demo\.metals\.reports\metals-full\2026-03-26\r_empty-definition_18-51-23-391.md")
2026.03.26 19:09:22 INFO  no build target found for C:\Users\david\techskill\demo\src\main\java\techskill\demo\Entity\userEntity.java. Using fallback presentation compiler.
2026.03.26 19:10:01 INFO  no build target found for C:\Users\david\techskill\demo\src\main\java\techskill\demo\Entity\userEntity.java. Using fallback presentation compiler.
2026.03.26 19:10:01 INFO  no build target found for C:\Users\david\techskill\demo\src\main\java\techskill\demo\Entity\userEntity.java. Using fallback presentation compiler.
2026.03.26 19:10:01 INFO  no build target found for C:\Users\david\techskill\demo\src\main\java\techskill\demo\Entity\userEntity.java. Using fallback presentation compiler.
2026.03.26 19:10:01 INFO  no build target found for C:\Users\david\techskill\demo\src\main\java\techskill\demo\Entity\userEntity.java. Using fallback presentation compiler.
2026.03.26 19:10:01 INFO  no build target found for C:\Users\david\techskill\demo\src\main\java\techskill\demo\Entity\userEntity.java. Using fallback presentation compiler.
2026.03.26 19:10:02 INFO  no build target found for C:\Users\david\techskill\demo\src\main\java\techskill\demo\Entity\userEntity.java. Using fallback presentation compiler.
2026.03.26 19:10:01 INFO  no build target found for C:\Users\david\techskill\demo\src\main\java\techskill\demo\Entity\userEntity.java. Using fallback presentation compiler.
2026.03.26 19:10:02 INFO  no build target found for C:\Users\david\techskill\demo\src\main\java\techskill\demo\Entity\userEntity.java. Using fallback presentation compiler.
2026.03.26 19:10:03 INFO  no build target found for C:\Users\david\techskill\demo\src\main\java\techskill\demo\Entity\userEntity.java. Using fallback presentation compiler.
2026.03.26 19:10:03 INFO  no build target found for C:\Users\david\techskill\demo\src\main\java\techskill\demo\Entity\userEntity.java. Using fallback presentation compiler.
2026.03.26 19:10:03 INFO  no build target found for C:\Users\david\techskill\demo\src\main\java\techskill\demo\Entity\userEntity.java. Using fallback presentation compiler.
2026.03.26 19:10:03 INFO  no build target found for C:\Users\david\techskill\demo\src\main\java\techskill\demo\Entity\userEntity.java. Using fallback presentation compiler.
2026.03.26 19:10:03 INFO  no build target found for C:\Users\david\techskill\demo\src\main\java\techskill\demo\Entity\userEntity.java. Using fallback presentation compiler.
2026.03.26 19:10:03 INFO  no build target found for C:\Users\david\techskill\demo\src\main\java\techskill\demo\Entity\userEntity.java. Using fallback presentation compiler.
2026.03.26 19:10:03 INFO  no build target found for C:\Users\david\techskill\demo\src\main\java\techskill\demo\Entity\userEntity.java. Using fallback presentation compiler.
2026.03.26 19:10:03 INFO  no build target found for C:\Users\david\techskill\demo\src\main\java\techskill\demo\Entity\userEntity.java. Using fallback presentation compiler.
2026.03.26 19:10:03 INFO  no build target found for C:\Users\david\techskill\demo\src\main\java\techskill\demo\Entity\userEntity.java. Using fallback presentation compiler.
2026.03.26 19:10:03 INFO  no build target found for C:\Users\david\techskill\demo\src\main\java\techskill\demo\Entity\userEntity.java. Using fallback presentation compiler.
2026.03.26 19:10:03 INFO  no build target found for C:\Users\david\techskill\demo\src\main\java\techskill\demo\Entity\userEntity.java. Using fallback presentation compiler.
2026.03.26 19:10:04 INFO  no build target found for C:\Users\david\techskill\demo\src\main\java\techskill\demo\Entity\userEntity.java. Using fallback presentation compiler.
2026.03.26 19:10:05 INFO  no build target found for C:\Users\david\techskill\demo\src\main\java\techskill\demo\Entity\userEntity.java. Using fallback presentation compiler.
2026.03.26 19:10:06 INFO  no build target found for C:\Users\david\techskill\demo\src\main\java\techskill\demo\Entity\userEntity.java. Using fallback presentation compiler.
2026.03.26 19:10:06 INFO  no build target found for C:\Users\david\techskill\demo\src\main\java\techskill\demo\Entity\userEntity.java. Using fallback presentation compiler.
2026.03.26 19:10:07 INFO  no build target found for C:\Users\david\techskill\demo\src\main\java\techskill\demo\Entity\userEntity.java. Using fallback presentation compiler.
2026.03.26 19:10:06 INFO  no build target found for C:\Users\david\techskill\demo\src\main\java\techskill\demo\Entity\userEntity.java. Using fallback presentation compiler.
2026.03.26 19:10:06 INFO  no build target found for C:\Users\david\techskill\demo\src\main\java\techskill\demo\Entity\userEntity.java. Using fallback presentation compiler.
2026.03.26 19:10:07 INFO  no build target found for C:\Users\david\techskill\demo\src\main\java\techskill\demo\Entity\userEntity.java. Using fallback presentation compiler.
2026.03.26 19:10:08 INFO  no build target found for C:\Users\david\techskill\demo\src\main\java\techskill\demo\Entity\userEntity.java. Using fallback presentation compiler.
2026.03.26 19:10:08 INFO  no build target found for C:\Users\david\techskill\demo\src\main\java\techskill\demo\Entity\userEntity.java. Using fallback presentation compiler.
2026.03.26 19:10:09 INFO  no build target found for C:\Users\david\techskill\demo\src\main\java\techskill\demo\Entity\userEntity.java. Using fallback presentation compiler.
2026.03.26 19:10:09 INFO  no build target found for C:\Users\david\techskill\demo\src\main\java\techskill\demo\Entity\userEntity.java. Using fallback presentation compiler.
2026.03.26 19:10:10 INFO  no build target found for C:\Users\david\techskill\demo\src\main\java\techskill\demo\Entity\userEntity.java. Using fallback presentation compiler.
2026.03.26 19:10:10 INFO  no build target found for C:\Users\david\techskill\demo\src\main\java\techskill\demo\Entity\userEntity.java. Using fallback presentation compiler.
2026.03.26 19:10:10 INFO  no build target found for C:\Users\david\techskill\demo\src\main\java\techskill\demo\Entity\userEntity.java. Using fallback presentation compiler.
2026.03.26 19:10:10 INFO  no build target found for C:\Users\david\techskill\demo\src\main\java\techskill\demo\Entity\userEntity.java. Using fallback presentation compiler.
2026.03.26 19:10:10 INFO  no build target found for C:\Users\david\techskill\demo\src\main\java\techskill\demo\Entity\userEntity.java. Using fallback presentation compiler.
2026.03.26 19:10:10 INFO  no build target found for C:\Users\david\techskill\demo\src\main\java\techskill\demo\Entity\userEntity.java. Using fallback presentation compiler.
2026.03.26 19:10:12 INFO  no build target found for C:\Users\david\techskill\demo\src\main\java\techskill\demo\Entity\userEntity.java. Using fallback presentation compiler.
2026.03.26 19:10:12 INFO  no build target found for C:\Users\david\techskill\demo\src\main\java\techskill\demo\Entity\userEntity.java. Using fallback presentation compiler.
2026.03.26 19:10:12 INFO  no build target found for C:\Users\david\techskill\demo\src\main\java\techskill\demo\Entity\userEntity.java. Using fallback presentation compiler.
2026.03.26 19:10:12 INFO  no build target found for C:\Users\david\techskill\demo\src\main\java\techskill\demo\Entity\userEntity.java. Using fallback presentation compiler.
2026.03.26 19:10:13 INFO  no build target found for C:\Users\david\techskill\demo\src\main\java\techskill\demo\Entity\userEntity.java. Using fallback presentation compiler.
2026.03.26 19:10:13 INFO  no build target found for C:\Users\david\techskill\demo\src\main\java\techskill\demo\Entity\userEntity.java. Using fallback presentation compiler.
2026.03.26 19:10:13 INFO  no build target found for C:\Users\david\techskill\demo\src\main\java\techskill\demo\Entity\userEntity.java. Using fallback presentation compiler.
2026.03.26 19:10:14 INFO  no build target found for C:\Users\david\techskill\demo\src\main\java\techskill\demo\Entity\userEntity.java. Using fallback presentation compiler.
2026.03.26 19:10:13 INFO  no build target found for C:\Users\david\techskill\demo\src\main\java\techskill\demo\Entity\userEntity.java. Using fallback presentation compiler.
2026.03.26 19:10:13 INFO  no build target found for C:\Users\david\techskill\demo\src\main\java\techskill\demo\Entity\userEntity.java. Using fallback presentation compiler.
2026.03.26 19:10:14 INFO  no build target found for C:\Users\david\techskill\demo\src\main\java\techskill\demo\Entity\userEntity.java. Using fallback presentation compiler.
2026.03.26 19:10:13 INFO  no build target found for C:\Users\david\techskill\demo\src\main\java\techskill\demo\Entity\userEntity.java. Using fallback presentation compiler.
2026.03.26 19:10:13 INFO  no build target found for C:\Users\david\techskill\demo\src\main\java\techskill\demo\Entity\userEntity.java. Using fallback presentation compiler.
2026.03.26 19:10:13 INFO  no build target found for C:\Users\david\techskill\demo\src\main\java\techskill\demo\Entity\userEntity.java. Using fallback presentation compiler.
2026.03.26 19:10:13 INFO  no build target found for C:\Users\david\techskill\demo\src\main\java\techskill\demo\Entity\userEntity.java. Using fallback presentation compiler.
2026.03.26 19:10:14 INFO  no build target found for C:\Users\david\techskill\demo\src\main\java\techskill\demo\Entity\userEntity.java. Using fallback presentation compiler.
2026.03.26 19:10:14 INFO  no build target found for C:\Users\david\techskill\demo\src\main\java\techskill\demo\Entity\userEntity.java. Using fallback presentation compiler.
2026.03.26 19:10:15 INFO  no build target found for C:\Users\david\techskill\demo\src\main\java\techskill\demo\Entity\userEntity.java. Using fallback presentation compiler.
2026.03.26 19:10:14 INFO  no build target found for C:\Users\david\techskill\demo\src\main\java\techskill\demo\Entity\userEntity.java. Using fallback presentation compiler.
2026.03.26 19:10:14 INFO  no build target found for C:\Users\david\techskill\demo\src\main\java\techskill\demo\Entity\userEntity.java. Using fallback presentation compiler.
2026.03.26 19:10:15 INFO  no build target found for C:\Users\david\techskill\demo\src\main\java\techskill\demo\Entity\userEntity.java. Using fallback presentation compiler.
2026.03.26 19:10:14 INFO  no build target found for C:\Users\david\techskill\demo\src\main\java\techskill\demo\Entity\userEntity.java. Using fallback presentation compiler.
2026.03.26 19:10:15 INFO  no build target found for C:\Users\david\techskill\demo\src\main\java\techskill\demo\Entity\userEntity.java. Using fallback presentation compiler.
2026.03.26 19:10:15 INFO  no build target found for C:\Users\david\techskill\demo\src\main\java\techskill\demo\Entity\userEntity.java. Using fallback presentation compiler.
2026.03.26 19:10:15 INFO  no build target found for C:\Users\david\techskill\demo\src\main\java\techskill\demo\Entity\userEntity.java. Using fallback presentation compiler.
2026.03.26 19:10:17 INFO  no build target found for C:\Users\david\techskill\demo\src\main\java\techskill\demo\Entity\userEntity.java. Using fallback presentation compiler.
2026.03.26 19:10:19 INFO  no build target found for C:\Users\david\techskill\demo\src\main\java\techskill\demo\Entity\userEntity.java. Using fallback presentation compiler.
2026.03.26 19:10:19 INFO  no build target found for C:\Users\david\techskill\demo\src\main\java\techskill\demo\Entity\userEntity.java. Using fallback presentation compiler.
2026.03.26 19:10:19 INFO  no build target found for C:\Users\david\techskill\demo\src\main\java\techskill\demo\Entity\userEntity.java. Using fallback presentation compiler.
2026.03.26 19:10:19 INFO  no build target found for C:\Users\david\techskill\demo\src\main\java\techskill\demo\Entity\userEntity.java. Using fallback presentation compiler.
2026.03.26 19:10:19 INFO  no build target found for C:\Users\david\techskill\demo\src\main\java\techskill\demo\Entity\userEntity.java. Using fallback presentation compiler.
2026.03.26 19:10:19 INFO  no build target found for C:\Users\david\techskill\demo\src\main\java\techskill\demo\Entity\userEntity.java. Using fallback presentation compiler.
2026.03.26 19:10:20 INFO  no build target found for C:\Users\david\techskill\demo\src\main\java\techskill\demo\Entity\userEntity.java. Using fallback presentation compiler.
2026.03.26 19:10:20 INFO  no build target found for C:\Users\david\techskill\demo\src\main\java\techskill\demo\Entity\userEntity.java. Using fallback presentation compiler.
2026.03.26 19:10:20 INFO  no build target found for C:\Users\david\techskill\demo\src\main\java\techskill\demo\Entity\userEntity.java. Using fallback presentation compiler.
2026.03.26 19:10:20 INFO  no build target found for C:\Users\david\techskill\demo\src\main\java\techskill\demo\Entity\userEntity.java. Using fallback presentation compiler.
2026.03.26 19:10:20 INFO  no build target found for C:\Users\david\techskill\demo\src\main\java\techskill\demo\Entity\userEntity.java. Using fallback presentation compiler.
2026.03.26 19:10:20 INFO  no build target found for C:\Users\david\techskill\demo\src\main\java\techskill\demo\Entity\userEntity.java. Using fallback presentation compiler.
2026.03.26 19:10:20 INFO  no build target found for C:\Users\david\techskill\demo\src\main\java\techskill\demo\Entity\userEntity.java. Using fallback presentation compiler.
2026.03.26 19:10:20 INFO  no build target found for C:\Users\david\techskill\demo\src\main\java\techskill\demo\Entity\userEntity.java. Using fallback presentation compiler.
2026.03.26 19:10:20 INFO  no build target found for C:\Users\david\techskill\demo\src\main\java\techskill\demo\Entity\userEntity.java. Using fallback presentation compiler.
2026.03.26 19:10:20 INFO  no build target found for C:\Users\david\techskill\demo\src\main\java\techskill\demo\Entity\userEntity.java. Using fallback presentation compiler.
2026.03.26 19:10:20 INFO  no build target found for C:\Users\david\techskill\demo\src\main\java\techskill\demo\Entity\userEntity.java. Using fallback presentation compiler.
2026.03.26 19:10:21 INFO  no build target found for C:\Users\david\techskill\demo\src\main\java\techskill\demo\Entity\userEntity.java. Using fallback presentation compiler.
2026.03.26 19:10:21 INFO  no build target found for C:\Users\david\techskill\demo\src\main\java\techskill\demo\Entity\userEntity.java. Using fallback presentation compiler.
2026.03.26 19:10:21 INFO  no build target found for C:\Users\david\techskill\demo\src\main\java\techskill\demo\Entity\userEntity.java. Using fallback presentation compiler.
2026.03.26 19:10:21 INFO  no build target found for C:\Users\david\techskill\demo\src\main\java\techskill\demo\Entity\userEntity.java. Using fallback presentation compiler.
2026.03.26 19:10:21 INFO  no build target found for C:\Users\david\techskill\demo\src\main\java\techskill\demo\Entity\userEntity.java. Using fallback presentation compiler.
2026.03.26 19:10:21 INFO  no build target found for C:\Users\david\techskill\demo\src\main\java\techskill\demo\Entity\userEntity.java. Using fallback presentation compiler.
2026.03.26 19:10:21 INFO  no build target found for C:\Users\david\techskill\demo\src\main\java\techskill\demo\Entity\userEntity.java. Using fallback presentation compiler.
2026.03.26 19:10:21 INFO  no build target found for C:\Users\david\techskill\demo\src\main\java\techskill\demo\Entity\userEntity.java. Using fallback presentation compiler.
2026.03.26 19:10:21 INFO  no build target found for C:\Users\david\techskill\demo\src\main\java\techskill\demo\Entity\userEntity.java. Using fallback presentation compiler.
2026.03.26 19:10:25 INFO  no build target found for C:\Users\david\techskill\demo\src\main\java\techskill\demo\Entity\userEntity.java. Using fallback presentation compiler.
2026.03.26 19:10:25 INFO  no build target found for C:\Users\david\techskill\demo\src\main\java\techskill\demo\Entity\userEntity.java. Using fallback presentation compiler.
2026.03.26 19:10:25 INFO  no build target found for C:\Users\david\techskill\demo\src\main\java\techskill\demo\Entity\userEntity.java. Using fallback presentation compiler.
2026.03.26 19:10:25 INFO  no build target found for C:\Users\david\techskill\demo\src\main\java\techskill\demo\Entity\userEntity.java. Using fallback presentation compiler.
2026.03.26 19:10:25 INFO  no build target found for C:\Users\david\techskill\demo\src\main\java\techskill\demo\Entity\userEntity.java. Using fallback presentation compiler.
2026.03.26 19:10:25 INFO  no build target found for C:\Users\david\techskill\demo\src\main\java\techskill\demo\Entity\userEntity.java. Using fallback presentation compiler.
2026.03.26 19:10:25 INFO  no build target found for C:\Users\david\techskill\demo\src\main\java\techskill\demo\Entity\userEntity.java. Using fallback presentation compiler.
2026.03.26 19:10:25 INFO  no build target found for C:\Users\david\techskill\demo\src\main\java\techskill\demo\Entity\userEntity.java. Using fallback presentation compiler.
2026.03.26 19:10:25 INFO  no build target found for C:\Users\david\techskill\demo\src\main\java\techskill\demo\Entity\userEntity.java. Using fallback presentation compiler.
2026.03.26 19:10:25 INFO  no build target found for C:\Users\david\techskill\demo\src\main\java\techskill\demo\Entity\userEntity.java. Using fallback presentation compiler.
2026.03.26 19:10:26 INFO  no build target found for C:\Users\david\techskill\demo\src\main\java\techskill\demo\Entity\userEntity.java. Using fallback presentation compiler.
2026.03.26 19:10:25 INFO  no build target found for C:\Users\david\techskill\demo\src\main\java\techskill\demo\Entity\userEntity.java. Using fallback presentation compiler.
2026.03.26 19:10:26 INFO  no build target found for C:\Users\david\techskill\demo\src\main\java\techskill\demo\Entity\userEntity.java. Using fallback presentation compiler.
2026.03.26 19:10:26 INFO  no build target found for C:\Users\david\techskill\demo\src\main\java\techskill\demo\Entity\userEntity.java. Using fallback presentation compiler.
2026.03.26 19:10:26 INFO  no build target found for C:\Users\david\techskill\demo\src\main\java\techskill\demo\Entity\userEntity.java. Using fallback presentation compiler.
2026.03.26 19:10:26 INFO  no build target found for C:\Users\david\techskill\demo\src\main\java\techskill\demo\Entity\userEntity.java. Using fallback presentation compiler.
2026.03.26 19:10:26 INFO  no build target found for C:\Users\david\techskill\demo\src\main\java\techskill\demo\Entity\userEntity.java. Using fallback presentation compiler.
2026.03.26 19:10:26 INFO  no build target found for C:\Users\david\techskill\demo\src\main\java\techskill\demo\Entity\userEntity.java. Using fallback presentation compiler.
2026.03.26 19:10:26 INFO  no build target found for C:\Users\david\techskill\demo\src\main\java\techskill\demo\Entity\userEntity.java. Using fallback presentation compiler.
2026.03.26 19:10:28 INFO  no build target found for C:\Users\david\techskill\demo\src\main\java\techskill\demo\Entity\userEntity.java. Using fallback presentation compiler.
2026.03.26 19:10:28 INFO  no build target found for C:\Users\david\techskill\demo\src\main\java\techskill\demo\Entity\userEntity.java. Using fallback presentation compiler.
2026.03.26 19:10:28 INFO  no build target found for C:\Users\david\techskill\demo\src\main\java\techskill\demo\Entity\userEntity.java. Using fallback presentation compiler.
2026.03.26 19:10:28 INFO  no build target found for C:\Users\david\techskill\demo\src\main\java\techskill\demo\Entity\userEntity.java. Using fallback presentation compiler.
2026.03.26 19:10:29 INFO  no build target found for C:\Users\david\techskill\demo\src\main\java\techskill\demo\Entity\userEntity.java. Using fallback presentation compiler.
2026.03.26 19:10:29 INFO  no build target found for C:\Users\david\techskill\demo\src\main\java\techskill\demo\Entity\userEntity.java. Using fallback presentation compiler.
2026.03.26 19:10:29 INFO  no build target found for C:\Users\david\techskill\demo\src\main\java\techskill\demo\Entity\userEntity.java. Using fallback presentation compiler.
2026.03.26 19:10:29 INFO  no build target found for C:\Users\david\techskill\demo\src\main\java\techskill\demo\Entity\userEntity.java. Using fallback presentation compiler.
Mar 26, 2026 7:10:29 PM org.eclipse.lsp4j.jsonrpc.RemoteEndpoint handleCancellation
WARNING: Unmatched cancel notification for request id 3215
2026.03.26 19:10:29 INFO  no build target found for C:\Users\david\techskill\demo\src\main\java\techskill\demo\Entity\userEntity.java. Using fallback presentation compiler.
2026.03.26 19:10:29 INFO  no build target found for C:\Users\david\techskill\demo\src\main\java\techskill\demo\Entity\userEntity.java. Using fallback presentation compiler.
2026.03.26 19:10:29 INFO  no build target found for C:\Users\david\techskill\demo\src\main\java\techskill\demo\Entity\userEntity.java. Using fallback presentation compiler.
2026.03.26 19:10:29 INFO  no build target found for C:\Users\david\techskill\demo\src\main\java\techskill\demo\Entity\userEntity.java. Using fallback presentation compiler.
2026.03.26 19:10:29 INFO  no build target found for C:\Users\david\techskill\demo\src\main\java\techskill\demo\Entity\userEntity.java. Using fallback presentation compiler.
2026.03.26 19:10:29 INFO  no build target found for C:\Users\david\techskill\demo\src\main\java\techskill\demo\Entity\userEntity.java. Using fallback presentation compiler.
2026.03.26 19:10:29 INFO  no build target found for C:\Users\david\techskill\demo\src\main\java\techskill\demo\Entity\userEntity.java. Using fallback presentation compiler.
2026.03.26 19:10:30 INFO  no build target found for C:\Users\david\techskill\demo\src\main\java\techskill\demo\Entity\userEntity.java. Using fallback presentation compiler.
2026.03.26 19:10:30 INFO  no build target found for C:\Users\david\techskill\demo\src\main\java\techskill\demo\Entity\userEntity.java. Using fallback presentation compiler.
2026.03.26 19:10:29 INFO  no build target found for C:\Users\david\techskill\demo\src\main\java\techskill\demo\Entity\userEntity.java. Using fallback presentation compiler.
2026.03.26 19:10:30 INFO  no build target found for C:\Users\david\techskill\demo\src\main\java\techskill\demo\Entity\userEntity.java. Using fallback presentation compiler.
2026.03.26 19:10:30 INFO  no build target found for C:\Users\david\techskill\demo\src\main\java\techskill\demo\Entity\userEntity.java. Using fallback presentation compiler.
2026.03.26 19:10:31 INFO  no build target found for C:\Users\david\techskill\demo\src\main\java\techskill\demo\Entity\userEntity.java. Using fallback presentation compiler.
2026.03.26 19:10:32 INFO  no build target found for C:\Users\david\techskill\demo\src\main\java\techskill\demo\Entity\userEntity.java. Using fallback presentation compiler.
2026.03.26 19:10:33 INFO  no build target found for C:\Users\david\techskill\demo\src\main\java\techskill\demo\Entity\userEntity.java. Using fallback presentation compiler.
2026.03.26 19:10:33 INFO  no build target found for C:\Users\david\techskill\demo\src\main\java\techskill\demo\Entity\userEntity.java. Using fallback presentation compiler.
2026.03.26 19:10:33 INFO  no build target found for C:\Users\david\techskill\demo\src\main\java\techskill\demo\Entity\userEntity.java. Using fallback presentation compiler.
2026.03.26 19:10:33 INFO  no build target found for C:\Users\david\techskill\demo\src\main\java\techskill\demo\Entity\userEntity.java. Using fallback presentation compiler.
2026.03.26 19:10:35 INFO  no build target found for C:\Users\david\techskill\demo\src\main\java\techskill\demo\Entity\userEntity.java. Using fallback presentation compiler.
2026.03.26 19:10:35 INFO  no build target found for C:\Users\david\techskill\demo\src\main\java\techskill\demo\Entity\userEntity.java. Using fallback presentation compiler.
2026.03.26 19:10:35 INFO  no build target found for C:\Users\david\techskill\demo\src\main\java\techskill\demo\Entity\userEntity.java. Using fallback presentation compiler.
2026.03.26 19:10:35 INFO  no build target found for C:\Users\david\techskill\demo\src\main\java\techskill\demo\Entity\userEntity.java. Using fallback presentation compiler.
2026.03.26 19:10:35 INFO  no build target found for C:\Users\david\techskill\demo\src\main\java\techskill\demo\Entity\userEntity.java. Using fallback presentation compiler.
2026.03.26 19:10:36 INFO  no build target found for C:\Users\david\techskill\demo\src\main\java\techskill\demo\Entity\userEntity.java. Using fallback presentation compiler.
2026.03.26 19:10:36 INFO  no build target found for C:\Users\david\techskill\demo\src\main\java\techskill\demo\Entity\userEntity.java. Using fallback presentation compiler.
2026.03.26 19:10:36 INFO  no build target found for C:\Users\david\techskill\demo\src\main\java\techskill\demo\Entity\userEntity.java. Using fallback presentation compiler.
2026.03.26 19:10:37 INFO  no build target found for C:\Users\david\techskill\demo\src\main\java\techskill\demo\Entity\userEntity.java. Using fallback presentation compiler.
2026.03.26 19:10:38 INFO  no build target found for C:\Users\david\techskill\demo\src\main\java\techskill\demo\Entity\userEntity.java. Using fallback presentation compiler.
2026.03.26 19:10:41 INFO  no build target found for C:\Users\david\techskill\demo\src\main\java\techskill\demo\Entity\userEntity.java. Using fallback presentation compiler.
2026.03.26 19:10:41 INFO  no build target found for C:\Users\david\techskill\demo\src\main\java\techskill\demo\Entity\userEntity.java. Using fallback presentation compiler.
2026.03.26 19:10:41 INFO  no build target found for C:\Users\david\techskill\demo\src\main\java\techskill\demo\Entity\userEntity.java. Using fallback presentation compiler.
2026.03.26 19:10:42 INFO  no build target found for C:\Users\david\techskill\demo\src\main\java\techskill\demo\Entity\userEntity.java. Using fallback presentation compiler.
2026.03.26 19:10:41 INFO  no build target found for C:\Users\david\techskill\demo\src\main\java\techskill\demo\Entity\userEntity.java. Using fallback presentation compiler.
2026.03.26 19:10:42 INFO  no build target found for C:\Users\david\techskill\demo\src\main\java\techskill\demo\Entity\userEntity.java. Using fallback presentation compiler.
2026.03.26 19:10:43 INFO  no build target found for C:\Users\david\techskill\demo\src\main\java\techskill\demo\Entity\userEntity.java. Using fallback presentation compiler.
2026.03.26 19:10:43 INFO  no build target found for C:\Users\david\techskill\demo\src\main\java\techskill\demo\Entity\userEntity.java. Using fallback presentation compiler.
2026.03.26 19:10:43 INFO  no build target found for C:\Users\david\techskill\demo\src\main\java\techskill\demo\Entity\userEntity.java. Using fallback presentation compiler.
2026.03.26 19:10:43 INFO  no build target found for C:\Users\david\techskill\demo\src\main\java\techskill\demo\Entity\userEntity.java. Using fallback presentation compiler.
2026.03.26 19:10:43 INFO  no build target found for C:\Users\david\techskill\demo\src\main\java\techskill\demo\Entity\userEntity.java. Using fallback presentation compiler.
2026.03.26 19:10:43 INFO  no build target found for C:\Users\david\techskill\demo\src\main\java\techskill\demo\Entity\userEntity.java. Using fallback presentation compiler.
2026.03.26 19:10:43 INFO  no build target found for C:\Users\david\techskill\demo\src\main\java\techskill\demo\Entity\userEntity.java. Using fallback presentation compiler.
2026.03.26 19:10:44 INFO  no build target found for C:\Users\david\techskill\demo\src\main\java\techskill\demo\Entity\userEntity.java. Using fallback presentation compiler.
2026.03.26 19:10:44 INFO  no build target found for C:\Users\david\techskill\demo\src\main\java\techskill\demo\Entity\userEntity.java. Using fallback presentation compiler.
2026.03.26 19:10:44 INFO  no build target found for C:\Users\david\techskill\demo\src\main\java\techskill\demo\Entity\userEntity.java. Using fallback presentation compiler.
2026.03.26 19:10:44 INFO  no build target found for C:\Users\david\techskill\demo\src\main\java\techskill\demo\Entity\userEntity.java. Using fallback presentation compiler.
2026.03.26 19:10:44 INFO  no build target found for C:\Users\david\techskill\demo\src\main\java\techskill\demo\Entity\userEntity.java. Using fallback presentation compiler.
2026.03.26 19:10:44 INFO  no build target found for C:\Users\david\techskill\demo\src\main\java\techskill\demo\Entity\userEntity.java. Using fallback presentation compiler.
2026.03.26 19:10:44 INFO  no build target found for C:\Users\david\techskill\demo\src\main\java\techskill\demo\Entity\userEntity.java. Using fallback presentation compiler.
2026.03.26 19:10:44 INFO  no build target found for C:\Users\david\techskill\demo\src\main\java\techskill\demo\Entity\userEntity.java. Using fallback presentation compiler.
2026.03.26 19:10:44 INFO  no build target found for C:\Users\david\techskill\demo\src\main\java\techskill\demo\Entity\userEntity.java. Using fallback presentation compiler.
2026.03.26 19:10:44 INFO  no build target found for C:\Users\david\techskill\demo\src\main\java\techskill\demo\Entity\userEntity.java. Using fallback presentation compiler.
2026.03.26 19:10:45 INFO  no build target found for C:\Users\david\techskill\demo\src\main\java\techskill\demo\Entity\userEntity.java. Using fallback presentation compiler.
2026.03.26 19:10:45 INFO  no build target found for C:\Users\david\techskill\demo\src\main\java\techskill\demo\Entity\userEntity.java. Using fallback presentation compiler.
2026.03.26 19:10:45 INFO  no build target found for C:\Users\david\techskill\demo\src\main\java\techskill\demo\Entity\userEntity.java. Using fallback presentation compiler.
2026.03.26 19:10:45 INFO  no build target found for C:\Users\david\techskill\demo\src\main\java\techskill\demo\Entity\userEntity.java. Using fallback presentation compiler.
2026.03.26 19:10:45 INFO  no build target found for C:\Users\david\techskill\demo\src\main\java\techskill\demo\Entity\userEntity.java. Using fallback presentation compiler.
2026.03.26 19:10:45 INFO  no build target found for C:\Users\david\techskill\demo\src\main\java\techskill\demo\Entity\userEntity.java. Using fallback presentation compiler.
2026.03.26 19:10:45 INFO  no build target found for C:\Users\david\techskill\demo\src\main\java\techskill\demo\Entity\userEntity.java. Using fallback presentation compiler.
2026.03.26 19:10:45 INFO  no build target found for C:\Users\david\techskill\demo\src\main\java\techskill\demo\Entity\userEntity.java. Using fallback presentation compiler.
2026.03.26 19:10:45 INFO  no build target found for C:\Users\david\techskill\demo\src\main\java\techskill\demo\Entity\userEntity.java. Using fallback presentation compiler.
2026.03.26 19:10:45 INFO  no build target found for C:\Users\david\techskill\demo\src\main\java\techskill\demo\Entity\userEntity.java. Using fallback presentation compiler.
2026.03.26 19:10:46 INFO  no build target found for C:\Users\david\techskill\demo\src\main\java\techskill\demo\Entity\userEntity.java. Using fallback presentation compiler.
2026.03.26 19:10:46 INFO  no build target found for C:\Users\david\techskill\demo\src\main\java\techskill\demo\Entity\userEntity.java. Using fallback presentation compiler.
2026.03.26 19:10:46 INFO  no build target found for C:\Users\david\techskill\demo\src\main\java\techskill\demo\Entity\userEntity.java. Using fallback presentation compiler.
2026.03.26 19:10:46 INFO  no build target found for C:\Users\david\techskill\demo\src\main\java\techskill\demo\Entity\userEntity.java. Using fallback presentation compiler.
2026.03.26 19:10:46 INFO  no build target found for C:\Users\david\techskill\demo\src\main\java\techskill\demo\Entity\userEntity.java. Using fallback presentation compiler.
2026.03.26 19:10:47 INFO  no build target found for C:\Users\david\techskill\demo\src\main\java\techskill\demo\Entity\userEntity.java. Using fallback presentation compiler.
2026.03.26 19:10:46 INFO  no build target found for C:\Users\david\techskill\demo\src\main\java\techskill\demo\Entity\userEntity.java. Using fallback presentation compiler.
2026.03.26 19:10:46 INFO  no build target found for C:\Users\david\techskill\demo\src\main\java\techskill\demo\Entity\userEntity.java. Using fallback presentation compiler.
2026.03.26 19:10:47 INFO  no build target found for C:\Users\david\techskill\demo\src\main\java\techskill\demo\Entity\userEntity.java. Using fallback presentation compiler.
2026.03.26 19:10:47 INFO  no build target found for C:\Users\david\techskill\demo\src\main\java\techskill\demo\Entity\userEntity.java. Using fallback presentation compiler.
2026.03.26 19:10:47 INFO  no build target found for C:\Users\david\techskill\demo\src\main\java\techskill\demo\Entity\userEntity.java. Using fallback presentation compiler.
2026.03.26 19:10:47 INFO  no build target found for C:\Users\david\techskill\demo\src\main\java\techskill\demo\Entity\userEntity.java. Using fallback presentation compiler.
2026.03.26 19:10:47 INFO  no build target found for C:\Users\david\techskill\demo\src\main\java\techskill\demo\Entity\userEntity.java. Using fallback presentation compiler.
2026.03.26 19:10:48 INFO  no build target found for C:\Users\david\techskill\demo\src\main\java\techskill\demo\Entity\userEntity.java. Using fallback presentation compiler.
2026.03.26 19:10:48 INFO  no build target found for C:\Users\david\techskill\demo\src\main\java\techskill\demo\Entity\userEntity.java. Using fallback presentation compiler.
2026.03.26 19:10:48 INFO  no build target found for C:\Users\david\techskill\demo\src\main\java\techskill\demo\Entity\userEntity.java. Using fallback presentation compiler.
2026.03.26 19:10:48 INFO  no build target found for C:\Users\david\techskill\demo\src\main\java\techskill\demo\Entity\userEntity.java. Using fallback presentation compiler.
2026.03.26 19:10:48 INFO  no build target found for C:\Users\david\techskill\demo\src\main\java\techskill\demo\Entity\userEntity.java. Using fallback presentation compiler.
2026.03.26 19:10:47 INFO  no build target found for C:\Users\david\techskill\demo\src\main\java\techskill\demo\Entity\userEntity.java. Using fallback presentation compiler.
2026.03.26 19:10:48 INFO  no build target found for C:\Users\david\techskill\demo\src\main\java\techskill\demo\Entity\userEntity.java. Using fallback presentation compiler.
2026.03.26 19:10:48 INFO  no build target found for C:\Users\david\techskill\demo\src\main\java\techskill\demo\Entity\userEntity.java. Using fallback presentation compiler.
2026.03.26 19:10:48 INFO  no build target found for C:\Users\david\techskill\demo\src\main\java\techskill\demo\Entity\userEntity.java. Using fallback presentation compiler.
2026.03.26 19:10:49 INFO  no build target found for C:\Users\david\techskill\demo\src\main\java\techskill\demo\Entity\userEntity.java. Using fallback presentation compiler.
2026.03.26 19:10:48 INFO  no build target found for C:\Users\david\techskill\demo\src\main\java\techskill\demo\Entity\userEntity.java. Using fallback presentation compiler.
2026.03.26 19:10:48 INFO  no build target found for C:\Users\david\techskill\demo\src\main\java\techskill\demo\Entity\userEntity.java. Using fallback presentation compiler.
2026.03.26 19:10:49 INFO  no build target found for C:\Users\david\techskill\demo\src\main\java\techskill\demo\Entity\userEntity.java. Using fallback presentation compiler.
2026.03.26 19:10:49 INFO  no build target found for C:\Users\david\techskill\demo\src\main\java\techskill\demo\Entity\userEntity.java. Using fallback presentation compiler.
2026.03.26 19:10:49 INFO  no build target found for C:\Users\david\techskill\demo\src\main\java\techskill\demo\Entity\userEntity.java. Using fallback presentation compiler.
2026.03.26 19:10:49 INFO  no build target found for C:\Users\david\techskill\demo\src\main\java\techskill\demo\Entity\userEntity.java. Using fallback presentation compiler.
2026.03.26 19:10:49 INFO  no build target found for C:\Users\david\techskill\demo\src\main\java\techskill\demo\Entity\userEntity.java. Using fallback presentation compiler.
2026.03.26 19:10:49 INFO  no build target found for C:\Users\david\techskill\demo\src\main\java\techskill\demo\Entity\userEntity.java. Using fallback presentation compiler.
2026.03.26 19:10:49 INFO  no build target found for C:\Users\david\techskill\demo\src\main\java\techskill\demo\Entity\userEntity.java. Using fallback presentation compiler.
2026.03.26 19:10:49 INFO  no build target found for C:\Users\david\techskill\demo\src\main\java\techskill\demo\Entity\userEntity.java. Using fallback presentation compiler.
2026.03.26 19:10:50 INFO  no build target found for C:\Users\david\techskill\demo\src\main\java\techskill\demo\Entity\userEntity.java. Using fallback presentation compiler.
2026.03.26 19:10:50 INFO  no build target found for C:\Users\david\techskill\demo\src\main\java\techskill\demo\Entity\userEntity.java. Using fallback presentation compiler.
2026.03.26 19:10:50 INFO  no build target found for C:\Users\david\techskill\demo\src\main\java\techskill\demo\Entity\userEntity.java. Using fallback presentation compiler.
2026.03.26 19:10:50 INFO  no build target found for C:\Users\david\techskill\demo\src\main\java\techskill\demo\Entity\userEntity.java. Using fallback presentation compiler.
2026.03.26 19:10:50 INFO  no build target found for C:\Users\david\techskill\demo\src\main\java\techskill\demo\Entity\userEntity.java. Using fallback presentation compiler.
2026.03.26 19:10:51 INFO  no build target found for C:\Users\david\techskill\demo\src\main\java\techskill\demo\Entity\userEntity.java. Using fallback presentation compiler.
2026.03.26 19:10:50 INFO  no build target found for C:\Users\david\techskill\demo\src\main\java\techskill\demo\Entity\userEntity.java. Using fallback presentation compiler.
2026.03.26 19:10:51 INFO  no build target found for C:\Users\david\techskill\demo\src\main\java\techskill\demo\Entity\userEntity.java. Using fallback presentation compiler.
2026.03.26 19:10:51 INFO  no build target found for C:\Users\david\techskill\demo\src\main\java\techskill\demo\Entity\userEntity.java. Using fallback presentation compiler.
2026.03.26 19:10:52 INFO  no build target found for C:\Users\david\techskill\demo\src\main\java\techskill\demo\Entity\userEntity.java. Using fallback presentation compiler.
2026.03.26 19:10:51 INFO  no build target found for C:\Users\david\techskill\demo\src\main\java\techskill\demo\Entity\userEntity.java. Using fallback presentation compiler.
2026.03.26 19:10:51 INFO  no build target found for C:\Users\david\techskill\demo\src\main\java\techskill\demo\Entity\userEntity.java. Using fallback presentation compiler.
2026.03.26 19:10:52 INFO  no build target found for C:\Users\david\techskill\demo\src\main\java\techskill\demo\Entity\userEntity.java. Using fallback presentation compiler.
2026.03.26 19:10:51 INFO  no build target found for C:\Users\david\techskill\demo\src\main\java\techskill\demo\Entity\userEntity.java. Using fallback presentation compiler.
2026.03.26 19:10:51 INFO  no build target found for C:\Users\david\techskill\demo\src\main\java\techskill\demo\Entity\userEntity.java. Using fallback presentation compiler.
2026.03.26 19:10:51 INFO  no build target found for C:\Users\david\techskill\demo\src\main\java\techskill\demo\Entity\userEntity.java. Using fallback presentation compiler.
2026.03.26 19:10:52 INFO  no build target found for C:\Users\david\techskill\demo\src\main\java\techskill\demo\Entity\userEntity.java. Using fallback presentation compiler.
2026.03.26 19:10:51 INFO  no build target found for C:\Users\david\techskill\demo\src\main\java\techskill\demo\Entity\userEntity.java. Using fallback presentation compiler.
2026.03.26 19:10:51 INFO  no build target found for C:\Users\david\techskill\demo\src\main\java\techskill\demo\Entity\userEntity.java. Using fallback presentation compiler.
2026.03.26 19:10:53 INFO  no build target found for C:\Users\david\techskill\demo\src\main\java\techskill\demo\Entity\userEntity.java. Using fallback presentation compiler.
2026.03.26 19:10:53 INFO  no build target found for C:\Users\david\techskill\demo\src\main\java\techskill\demo\Entity\userEntity.java. Using fallback presentation compiler.
2026.03.26 19:10:53 INFO  no build target found for C:\Users\david\techskill\demo\src\main\java\techskill\demo\Entity\userEntity.java. Using fallback presentation compiler.
2026.03.26 19:10:53 INFO  no build target found for C:\Users\david\techskill\demo\src\main\java\techskill\demo\Entity\userEntity.java. Using fallback presentation compiler.
2026.03.26 19:10:53 INFO  no build target found for C:\Users\david\techskill\demo\src\main\java\techskill\demo\Entity\userEntity.java. Using fallback presentation compiler.
2026.03.26 19:10:53 INFO  no build target found for C:\Users\david\techskill\demo\src\main\java\techskill\demo\Entity\userEntity.java. Using fallback presentation compiler.
2026.03.26 19:10:53 INFO  no build target found for C:\Users\david\techskill\demo\src\main\java\techskill\demo\Entity\userEntity.java. Using fallback presentation compiler.
2026.03.26 19:10:53 INFO  no build target found for C:\Users\david\techskill\demo\src\main\java\techskill\demo\Entity\userEntity.java. Using fallback presentation compiler.
2026.03.26 19:10:53 INFO  no build target found for C:\Users\david\techskill\demo\src\main\java\techskill\demo\Entity\userEntity.java. Using fallback presentation compiler.
2026.03.26 19:10:53 INFO  no build target found for C:\Users\david\techskill\demo\src\main\java\techskill\demo\Entity\userEntity.java. Using fallback presentation compiler.
2026.03.26 19:10:54 INFO  no build target found for C:\Users\david\techskill\demo\src\main\java\techskill\demo\Entity\userEntity.java. Using fallback presentation compiler.
2026.03.26 19:10:54 INFO  no build target found for C:\Users\david\techskill\demo\src\main\java\techskill\demo\Entity\userEntity.java. Using fallback presentation compiler.
2026.03.26 19:10:54 INFO  no build target found for C:\Users\david\techskill\demo\src\main\java\techskill\demo\Entity\userEntity.java. Using fallback presentation compiler.
2026.03.26 19:10:54 INFO  no build target found for C:\Users\david\techskill\demo\src\main\java\techskill\demo\Entity\userEntity.java. Using fallback presentation compiler.
2026.03.26 19:10:54 INFO  no build target found for C:\Users\david\techskill\demo\src\main\java\techskill\demo\Entity\userEntity.java. Using fallback presentation compiler.
2026.03.26 19:10:56 INFO  no build target found for C:\Users\david\techskill\demo\src\main\java\techskill\demo\Entity\userEntity.java. Using fallback presentation compiler.
2026.03.26 19:10:56 INFO  no build target found for C:\Users\david\techskill\demo\src\main\java\techskill\demo\Entity\userEntity.java. Using fallback presentation compiler.
2026.03.26 19:10:56 INFO  no build target found for C:\Users\david\techskill\demo\src\main\java\techskill\demo\Entity\userEntity.java. Using fallback presentation compiler.
2026.03.26 19:10:57 INFO  no build target found for C:\Users\david\techskill\demo\src\main\java\techskill\demo\Entity\userEntity.java. Using fallback presentation compiler.
2026.03.26 19:11:04 INFO  no build target found for C:\Users\david\techskill\demo\src\main\java\techskill\demo\Entity\userEntity.java. Using fallback presentation compiler.
2026.03.26 19:11:04 INFO  no build target found for C:\Users\david\techskill\demo\src\main\java\techskill\demo\Entity\userEntity.java. Using fallback presentation compiler.
2026.03.26 19:11:04 INFO  no build target found for C:\Users\david\techskill\demo\src\main\java\techskill\demo\Entity\userEntity.java. Using fallback presentation compiler.
2026.03.26 19:11:04 INFO  no build target found for C:\Users\david\techskill\demo\src\main\java\techskill\demo\Entity\userEntity.java. Using fallback presentation compiler.
2026.03.26 19:11:04 INFO  no build target found for C:\Users\david\techskill\demo\src\main\java\techskill\demo\Entity\userEntity.java. Using fallback presentation compiler.
2026.03.26 19:11:04 INFO  no build target found for C:\Users\david\techskill\demo\src\main\java\techskill\demo\Entity\userEntity.java. Using fallback presentation compiler.
2026.03.26 19:11:05 INFO  no build target found for C:\Users\david\techskill\demo\src\main\java\techskill\demo\Entity\userEntity.java. Using fallback presentation compiler.
2026.03.26 19:11:06 INFO  no build target found for C:\Users\david\techskill\demo\src\main\java\techskill\demo\Entity\userEntity.java. Using fallback presentation compiler.
2026.03.26 19:11:05 INFO  no build target found for C:\Users\david\techskill\demo\src\main\java\techskill\demo\Entity\userEntity.java. Using fallback presentation compiler.
2026.03.26 19:11:07 INFO  no build target found for C:\Users\david\techskill\demo\src\main\java\techskill\demo\Entity\userEntity.java. Using fallback presentation compiler.
2026.03.26 19:11:07 INFO  no build target found for C:\Users\david\techskill\demo\src\main\java\techskill\demo\Entity\userEntity.java. Using fallback presentation compiler.
2026.03.26 19:11:07 INFO  no build target found for C:\Users\david\techskill\demo\src\main\java\techskill\demo\Entity\userEntity.java. Using fallback presentation compiler.
2026.03.26 19:11:07 INFO  no build target found for C:\Users\david\techskill\demo\src\main\java\techskill\demo\Entity\userEntity.java. Using fallback presentation compiler.
2026.03.26 19:11:08 INFO  no build target found for C:\Users\david\techskill\demo\src\main\java\techskill\demo\Entity\userEntity.java. Using fallback presentation compiler.
2026.03.26 19:11:08 INFO  no build target found for C:\Users\david\techskill\demo\src\main\java\techskill\demo\Entity\userEntity.java. Using fallback presentation compiler.
2026.03.26 19:11:08 INFO  no build target found for C:\Users\david\techskill\demo\src\main\java\techskill\demo\Entity\userEntity.java. Using fallback presentation compiler.
2026.03.26 19:11:08 INFO  no build target found for C:\Users\david\techskill\demo\src\main\java\techskill\demo\Entity\userEntity.java. Using fallback presentation compiler.
2026.03.26 19:11:08 INFO  no build target found for C:\Users\david\techskill\demo\src\main\java\techskill\demo\Entity\userEntity.java. Using fallback presentation compiler.
2026.03.26 19:11:09 INFO  no build target found for C:\Users\david\techskill\demo\src\main\java\techskill\demo\Entity\userEntity.java. Using fallback presentation compiler.
2026.03.26 19:11:09 INFO  no build target found for C:\Users\david\techskill\demo\src\main\java\techskill\demo\Entity\userEntity.java. Using fallback presentation compiler.
2026.03.26 19:11:09 INFO  no build target found for C:\Users\david\techskill\demo\src\main\java\techskill\demo\Entity\userEntity.java. Using fallback presentation compiler.
2026.03.26 19:11:09 INFO  no build target found for C:\Users\david\techskill\demo\src\main\java\techskill\demo\Entity\userEntity.java. Using fallback presentation compiler.
2026.03.26 19:11:09 INFO  no build target found for C:\Users\david\techskill\demo\src\main\java\techskill\demo\Entity\userEntity.java. Using fallback presentation compiler.
2026.03.26 19:11:09 INFO  no build target found for C:\Users\david\techskill\demo\src\main\java\techskill\demo\Entity\userEntity.java. Using fallback presentation compiler.
2026.03.26 19:11:11 INFO  no build target found for C:\Users\david\techskill\demo\src\main\java\techskill\demo\Entity\userEntity.java. Using fallback presentation compiler.
2026.03.26 19:11:11 INFO  no build target found for C:\Users\david\techskill\demo\src\main\java\techskill\demo\Entity\userEntity.java. Using fallback presentation compiler.
2026.03.26 19:11:11 INFO  no build target found for C:\Users\david\techskill\demo\src\main\java\techskill\demo\Entity\userEntity.java. Using fallback presentation compiler.
2026.03.26 19:11:11 INFO  no build target found for C:\Users\david\techskill\demo\src\main\java\techskill\demo\Entity\userEntity.java. Using fallback presentation compiler.
2026.03.26 19:11:11 INFO  no build target found for C:\Users\david\techskill\demo\src\main\java\techskill\demo\Entity\userEntity.java. Using fallback presentation compiler.
2026.03.26 19:11:11 INFO  no build target found for C:\Users\david\techskill\demo\src\main\java\techskill\demo\Entity\userEntity.java. Using fallback presentation compiler.
2026.03.26 19:11:11 INFO  no build target found for C:\Users\david\techskill\demo\src\main\java\techskill\demo\Entity\userEntity.java. Using fallback presentation compiler.
2026.03.26 19:11:11 INFO  no build target found for C:\Users\david\techskill\demo\src\main\java\techskill\demo\Entity\userEntity.java. Using fallback presentation compiler.
2026.03.26 19:11:11 INFO  no build target found for C:\Users\david\techskill\demo\src\main\java\techskill\demo\Entity\userEntity.java. Using fallback presentation compiler.
2026.03.26 19:11:11 INFO  no build target found for C:\Users\david\techskill\demo\src\main\java\techskill\demo\Entity\userEntity.java. Using fallback presentation compiler.
2026.03.26 19:11:11 INFO  no build target found for C:\Users\david\techskill\demo\src\main\java\techskill\demo\Entity\userEntity.java. Using fallback presentation compiler.
2026.03.26 19:11:12 INFO  no build target found for C:\Users\david\techskill\demo\src\main\java\techskill\demo\Entity\userEntity.java. Using fallback presentation compiler.
2026.03.26 19:11:12 INFO  no build target found for C:\Users\david\techskill\demo\src\main\java\techskill\demo\Entity\userEntity.java. Using fallback presentation compiler.
2026.03.26 19:11:12 INFO  no build target found for C:\Users\david\techskill\demo\src\main\java\techskill\demo\Entity\userEntity.java. Using fallback presentation compiler.
2026.03.26 19:11:12 INFO  no build target found for C:\Users\david\techskill\demo\src\main\java\techskill\demo\Entity\userEntity.java. Using fallback presentation compiler.
2026.03.26 19:11:12 INFO  no build target found for C:\Users\david\techskill\demo\src\main\java\techskill\demo\Entity\userEntity.java. Using fallback presentation compiler.
2026.03.26 19:11:12 INFO  no build target found for C:\Users\david\techskill\demo\src\main\java\techskill\demo\Entity\userEntity.java. Using fallback presentation compiler.
2026.03.26 19:11:13 INFO  no build target found for C:\Users\david\techskill\demo\src\main\java\techskill\demo\Entity\userEntity.java. Using fallback presentation compiler.
2026.03.26 19:11:12 INFO  no build target found for C:\Users\david\techskill\demo\src\main\java\techskill\demo\Entity\userEntity.java. Using fallback presentation compiler.
2026.03.26 19:11:13 INFO  no build target found for C:\Users\david\techskill\demo\src\main\java\techskill\demo\Entity\userEntity.java. Using fallback presentation compiler.
2026.03.26 19:11:13 INFO  no build target found for C:\Users\david\techskill\demo\src\main\java\techskill\demo\Entity\userEntity.java. Using fallback presentation compiler.
2026.03.26 19:11:13 INFO  no build target found for C:\Users\david\techskill\demo\src\main\java\techskill\demo\Entity\userEntity.java. Using fallback presentation compiler.
2026.03.26 19:11:13 INFO  no build target found for C:\Users\david\techskill\demo\src\main\java\techskill\demo\Entity\userEntity.java. Using fallback presentation compiler.
2026.03.26 19:11:13 INFO  no build target found for C:\Users\david\techskill\demo\src\main\java\techskill\demo\Entity\userEntity.java. Using fallback presentation compiler.
2026.03.26 19:11:13 INFO  no build target found for C:\Users\david\techskill\demo\src\main\java\techskill\demo\Entity\userEntity.java. Using fallback presentation compiler.
2026.03.26 19:11:13 INFO  no build target found for C:\Users\david\techskill\demo\src\main\java\techskill\demo\Entity\userEntity.java. Using fallback presentation compiler.
2026.03.26 19:11:14 INFO  no build target found for C:\Users\david\techskill\demo\src\main\java\techskill\demo\Entity\userEntity.java. Using fallback presentation compiler.
2026.03.26 19:11:14 INFO  no build target found for C:\Users\david\techskill\demo\src\main\java\techskill\demo\Entity\userEntity.java. Using fallback presentation compiler.
2026.03.26 19:11:14 INFO  no build target found for C:\Users\david\techskill\demo\src\main\java\techskill\demo\Entity\userEntity.java. Using fallback presentation compiler.
2026.03.26 19:11:14 INFO  no build target found for C:\Users\david\techskill\demo\src\main\java\techskill\demo\Entity\userEntity.java. Using fallback presentation compiler.
2026.03.26 19:11:15 INFO  no build target found for C:\Users\david\techskill\demo\src\main\java\techskill\demo\Entity\userEntity.java. Using fallback presentation compiler.
2026.03.26 19:11:16 INFO  no build target found for C:\Users\david\techskill\demo\src\main\java\techskill\demo\Entity\userEntity.java. Using fallback presentation compiler.
2026.03.26 19:11:15 INFO  no build target found for C:\Users\david\techskill\demo\src\main\java\techskill\demo\Entity\userEntity.java. Using fallback presentation compiler.
2026.03.26 19:11:36 INFO  no build target found for C:\Users\david\techskill\demo\src\main\java\techskill\demo\Entity\userEntity.java. Using fallback presentation compiler.
2026.03.26 19:11:37 INFO  no build target found for C:\Users\david\techskill\demo\src\main\java\techskill\demo\Entity\userEntity.java. Using fallback presentation compiler.
2026.03.26 19:11:37 INFO  no build target found for C:\Users\david\techskill\demo\src\main\java\techskill\demo\Entity\userEntity.java. Using fallback presentation compiler.
2026.03.26 19:11:38 INFO  no build target found for C:\Users\david\techskill\demo\src\main\java\techskill\demo\Entity\userEntity.java. Using fallback presentation compiler.
2026.03.26 19:11:40 INFO  no build target found for C:\Users\david\techskill\demo\src\main\java\techskill\demo\Entity\userEntity.java. Using fallback presentation compiler.
2026.03.26 19:11:40 INFO  no build target found for C:\Users\david\techskill\demo\src\main\java\techskill\demo\Entity\userEntity.java. Using fallback presentation compiler.
2026.03.26 19:11:40 INFO  no build target found for C:\Users\david\techskill\demo\src\main\java\techskill\demo\Entity\userEntity.java. Using fallback presentation compiler.
2026.03.26 19:11:41 INFO  no build target found for C:\Users\david\techskill\demo\src\main\java\techskill\demo\Entity\userEntity.java. Using fallback presentation compiler.
2026.03.26 19:11:40 INFO  no build target found for C:\Users\david\techskill\demo\src\main\java\techskill\demo\Entity\userEntity.java. Using fallback presentation compiler.
2026.03.26 19:11:40 INFO  no build target found for C:\Users\david\techskill\demo\src\main\java\techskill\demo\Entity\userEntity.java. Using fallback presentation compiler.
2026.03.26 19:11:41 INFO  no build target found for C:\Users\david\techskill\demo\src\main\java\techskill\demo\Entity\userEntity.java. Using fallback presentation compiler.
2026.03.26 19:11:42 INFO  no build target found for C:\Users\david\techskill\demo\src\main\java\techskill\demo\Entity\userEntity.java. Using fallback presentation compiler.
2026.03.26 19:11:42 WARN  no build target for: C:\Users\david\techskill\demo\src\main\java\techskill\demo\Entity\userEntity.java
2026.03.26 19:11:42 INFO  no build target found for C:\Users\david\techskill\demo\src\main\java\techskill\demo\Entity\userEntity.java. Using fallback presentation compiler.
2026.03.26 19:16:44 WARN  no build target for: C:\Users\david\techskill\demo\src\main\java\techskill\demo\DTO\nameDTO.java
2026.03.26 19:16:44 INFO  no build target found for C:\Users\david\techskill\demo\src\main\java\techskill\demo\DTO\nameDTO.java. Using fallback presentation compiler.
2026.03.26 19:16:57 INFO  no build target found for C:\Users\david\techskill\demo\src\main\java\techskill\demo\DTO\userDTO.java. Using fallback presentation compiler.
2026.03.26 19:16:57 INFO  no build target found for C:\Users\david\techskill\demo\src\main\java\techskill\demo\DTO\userDTO.java. Using fallback presentation compiler.
2026.03.26 19:16:59 INFO  no build target found for C:\Users\david\techskill\demo\src\main\java\techskill\demo\DTO\userDTO.java. Using fallback presentation compiler.
2026.03.26 19:17:00 WARN  no build target for: C:\Users\david\techskill\demo\src\main\java\techskill\demo\DTO\nameDTO.java
2026.03.26 19:16:59 INFO  no build target found for C:\Users\david\techskill\demo\src\main\java\techskill\demo\DTO\nameDTO.java. Using fallback presentation compiler.
2026.03.26 19:17:01 WARN  no build target for: C:\Users\david\techskill\demo\src\main\java\techskill\demo\DTO\userDTO.java
2026.03.26 19:17:02 INFO  no build target found for C:\Users\david\techskill\demo\src\main\java\techskill\demo\DTO\userDTO.java. Using fallback presentation compiler.
2026.03.26 19:17:03 WARN  no build target for: C:\Users\david\techskill\demo\src\main\java\techskill\demo\DTO\nameDTO.java
2026.03.26 19:17:03 INFO  no build target found for C:\Users\david\techskill\demo\src\main\java\techskill\demo\DTO\nameDTO.java. Using fallback presentation compiler.
2026.03.26 19:17:05 INFO  no build target found for C:\Users\david\techskill\demo\src\main\java\techskill\demo\DTO\nameDTO.java. Using fallback presentation compiler.
2026.03.26 19:17:05 WARN  no build target for: C:\Users\david\techskill\demo\src\main\java\techskill\demo\DTO\userDTO.java
2026.03.26 19:17:05 INFO  no build target found for C:\Users\david\techskill\demo\src\main\java\techskill\demo\DTO\userDTO.java. Using fallback presentation compiler.
2026.03.26 19:17:07 WARN  no build target for: C:\Users\david\techskill\demo\src\main\java\techskill\demo\DTO\userDTO.java
2026.03.26 19:17:07 INFO  no build target found for C:\Users\david\techskill\demo\src\main\java\techskill\demo\DTO\userDTO.java. Using fallback presentation compiler.
2026.03.26 19:17:08 WARN  no build target for: C:\Users\david\techskill\demo\src\main\java\techskill\demo\Entity\userEntity.java
2026.03.26 19:17:08 INFO  no build target found for C:\Users\david\techskill\demo\src\main\java\techskill\demo\Entity\userEntity.java. Using fallback presentation compiler.
2026.03.26 19:17:09 INFO  no build target found for C:\Users\david\techskill\demo\src\main\java\techskill\demo\Entity\userEntity.java. Using fallback presentation compiler.
2026.03.26 19:17:16 WARN  no build target for: C:\Users\david\techskill\demo\src\main\java\techskill\demo\DTO\userDTO.java
2026.03.26 19:17:16 INFO  no build target found for C:\Users\david\techskill\demo\src\main\java\techskill\demo\DTO\userDTO.java. Using fallback presentation compiler.
2026.03.26 19:17:17 INFO  no build target found for C:\Users\david\techskill\demo\src\main\java\techskill\demo\DTO\userDTO.java. Using fallback presentation compiler.
2026.03.26 19:17:17 INFO  no build target found for C:\Users\david\techskill\demo\src\main\java\techskill\demo\DTO\userDTO.java. Using fallback presentation compiler.
2026.03.26 19:17:21 INFO  no build target found for C:\Users\david\techskill\demo\src\main\java\techskill\demo\DTO\userDTO.java. Using fallback presentation compiler.
2026.03.26 19:17:21 INFO  no build target found for C:\Users\david\techskill\demo\src\main\java\techskill\demo\DTO\userDTO.java. Using fallback presentation compiler.
2026.03.26 19:17:21 INFO  no build target found for C:\Users\david\techskill\demo\src\main\java\techskill\demo\DTO\userDTO.java. Using fallback presentation compiler.
2026.03.26 19:17:23 INFO  no build target found for C:\Users\david\techskill\demo\src\main\java\techskill\demo\DTO\userDTO.java. Using fallback presentation compiler.
2026.03.26 19:17:23 INFO  no build target found for C:\Users\david\techskill\demo\src\main\java\techskill\demo\DTO\userDTO.java. Using fallback presentation compiler.
2026.03.26 19:17:25 INFO  no build target found for C:\Users\david\techskill\demo\src\main\java\techskill\demo\DTO\userDTO.java. Using fallback presentation compiler.
2026.03.26 19:17:25 INFO  no build target found for C:\Users\david\techskill\demo\src\main\java\techskill\demo\DTO\userDTO.java. Using fallback presentation compiler.
2026.03.26 19:17:26 INFO  no build target found for C:\Users\david\techskill\demo\src\main\java\techskill\demo\DTO\userDTO.java. Using fallback presentation compiler.
2026.03.26 19:17:27 INFO  no build target found for C:\Users\david\techskill\demo\src\main\java\techskill\demo\DTO\userDTO.java. Using fallback presentation compiler.
2026.03.26 19:17:28 INFO  no build target found for C:\Users\david\techskill\demo\src\main\java\techskill\demo\DTO\userDTO.java. Using fallback presentation compiler.
2026.03.26 19:17:28 INFO  no build target found for C:\Users\david\techskill\demo\src\main\java\techskill\demo\DTO\userDTO.java. Using fallback presentation compiler.
2026.03.26 19:17:29 INFO  no build target found for C:\Users\david\techskill\demo\src\main\java\techskill\demo\DTO\userDTO.java. Using fallback presentation compiler.
2026.03.26 19:17:29 INFO  no build target found for C:\Users\david\techskill\demo\src\main\java\techskill\demo\DTO\userDTO.java. Using fallback presentation compiler.
2026.03.26 19:17:30 INFO  no build target found for C:\Users\david\techskill\demo\src\main\java\techskill\demo\DTO\userDTO.java. Using fallback presentation compiler.
2026.03.26 19:17:31 INFO  no build target found for C:\Users\david\techskill\demo\src\main\java\techskill\demo\DTO\userDTO.java. Using fallback presentation compiler.
2026.03.26 19:17:32 INFO  no build target found for C:\Users\david\techskill\demo\src\main\java\techskill\demo\DTO\userDTO.java. Using fallback presentation compiler.
2026.03.26 19:17:32 INFO  no build target found for C:\Users\david\techskill\demo\src\main\java\techskill\demo\DTO\userDTO.java. Using fallback presentation compiler.
2026.03.26 19:17:32 INFO  no build target found for C:\Users\david\techskill\demo\src\main\java\techskill\demo\DTO\userDTO.java. Using fallback presentation compiler.
2026.03.26 19:17:32 INFO  no build target found for C:\Users\david\techskill\demo\src\main\java\techskill\demo\DTO\userDTO.java. Using fallback presentation compiler.
2026.03.26 19:17:36 INFO  no build target found for C:\Users\david\techskill\demo\src\main\java\techskill\demo\DTO\userDTO.java. Using fallback presentation compiler.
2026.03.26 19:17:36 INFO  no build target found for C:\Users\david\techskill\demo\src\main\java\techskill\demo\DTO\userDTO.java. Using fallback presentation compiler.
2026.03.26 19:17:36 INFO  no build target found for C:\Users\david\techskill\demo\src\main\java\techskill\demo\DTO\userDTO.java. Using fallback presentation compiler.
2026.03.26 19:17:38 INFO  no build target found for C:\Users\david\techskill\demo\src\main\java\techskill\demo\DTO\userDTO.java. Using fallback presentation compiler.
2026.03.26 19:17:39 INFO  no build target found for C:\Users\david\techskill\demo\src\main\java\techskill\demo\DTO\userDTO.java. Using fallback presentation compiler.
2026.03.26 19:17:41 INFO  no build target found for C:\Users\david\techskill\demo\src\main\java\techskill\demo\DTO\userDTO.java. Using fallback presentation compiler.
2026.03.26 19:17:44 WARN  no build target for: C:\Users\david\techskill\demo\src\main\java\techskill\demo\DTO\userDTO.java
2026.03.26 19:17:44 INFO  no build target found for C:\Users\david\techskill\demo\src\main\java\techskill\demo\DTO\userDTO.java. Using fallback presentation compiler.
2026.03.26 19:17:46 WARN  no build target for: C:\Users\david\techskill\demo\src\main\java\techskill\demo\Controller\userController.java
2026.03.26 19:17:46 INFO  no build target found for C:\Users\david\techskill\demo\src\main\java\techskill\demo\Controller\userController.java. Using fallback presentation compiler.
2026.03.26 19:17:47 WARN  no build target for: C:\Users\david\techskill\demo\src\main\java\techskill\demo\DTO\userDTO.java
2026.03.26 19:17:48 INFO  no build target found for C:\Users\david\techskill\demo\src\main\java\techskill\demo\DTO\userDTO.java. Using fallback presentation compiler.
2026.03.26 19:17:48 WARN  no build target for: C:\Users\david\techskill\demo\src\main\java\techskill\demo\Entity\userEntity.java
2026.03.26 19:17:48 INFO  no build target found for C:\Users\david\techskill\demo\src\main\java\techskill\demo\Entity\userEntity.java. Using fallback presentation compiler.
2026.03.26 19:17:50 INFO  no build target found for C:\Users\david\techskill\demo\src\main\java\techskill\demo\DTO\nameDTO.java. Using fallback presentation compiler.
2026.03.26 19:17:52 WARN  no build target for: C:\Users\david\techskill\demo\src\main\java\techskill\demo\DTO\userDTO.java
2026.03.26 19:17:52 INFO  no build target found for C:\Users\david\techskill\demo\src\main\java\techskill\demo\DTO\userDTO.java. Using fallback presentation compiler.
2026.03.26 19:18:28 INFO  no build target found for C:\Users\david\techskill\demo\src\main\java\techskill\demo\DTO\userDTO.java. Using fallback presentation compiler.
2026.03.26 19:18:46 INFO  no build target found for C:\Users\david\techskill\demo\src\main\java\techskill\demo\DTO\userDTO.java. Using fallback presentation compiler.
2026.03.26 20:12:39 INFO  no build target found for C:\Users\david\techskill\demo\src\main\java\techskill\demo\DTO\userDTO.java. Using fallback presentation compiler.
2026.03.26 20:13:22 INFO  no build target found for C:\Users\david\techskill\demo\src\main\java\techskill\demo\DTO\userDTO.java. Using fallback presentation compiler.
2026.03.26 20:32:25 INFO  no build target found for C:\Users\david\techskill\demo\src\main\java\techskill\demo\DTO\userDTO.java. Using fallback presentation compiler.
2026.03.26 21:47:33 INFO  no build target found for C:\Users\david\techskill\demo\src\main\java\techskill\demo\DTO\userDTO.java. Using fallback presentation compiler.
2026.03.26 21:58:01 INFO  no build target found for C:\Users\david\techskill\demo\src\main\java\techskill\demo\DTO\userDTO.java. Using fallback presentation compiler.
2026.03.26 21:58:01 INFO  no build target found for C:\Users\david\techskill\demo\src\main\java\techskill\demo\DTO\userDTO.java. Using fallback presentation compiler.
2026.03.26 22:00:19 INFO  no build target found for C:\Users\david\techskill\demo\src\main\java\techskill\demo\DTO\userDTO.java. Using fallback presentation compiler.
2026.03.26 22:00:34 INFO  no build target found for C:\Users\david\techskill\demo\src\main\java\techskill\demo\DTO\userDTO.java. Using fallback presentation compiler.
